dcid,sentence
dc/topic/Export,Agriculture
dc/topic/Inflation,Agriculture
dc/topic/NutritionalIntake,MOSPI Nutritional Intake
Amount_EconomicActivity_Factory_Emolument,Total compensation for factory workers
Amount_EconomicActivity_Factory_Emolument_BasicMetals,Total compensation of basic material factory
Amount_EconomicActivity_Factory_Emolument_Beverages,Total compensation of beverages factory
Amount_EconomicActivity_Factory_Emolument_ChemicalProducts,Total compensation of chemical products factory
Amount_EconomicActivity_Factory_Emolument_CokeAndPetroleum,Total compensation of coke and petroleum factory
Amount_EconomicActivity_Factory_Emolument_CottonGinningAndSeeds,Total compensation of cotton ginning and seeds factory
Amount_EconomicActivity_Factory_Emolument_ElectricalEquipment,Total compensation of electrical equipment factory
Amount_EconomicActivity_Factory_Emolument_ElectronicsAndOpticals,Total compensation of electronics and optical factory
Amount_EconomicActivity_Factory_Emolument_FabricatedMetalProducts,Total compensation of fabricated metal products factory
Amount_EconomicActivity_Factory_Emolument_FoodProducts,Total compensation of food products factory
Amount_EconomicActivity_Factory_Emolument_Furniture,Total compensation of furniture factory
Amount_EconomicActivity_Factory_Emolument_LeatherProducts,Total compensation of leather products factory
Amount_EconomicActivity_Factory_Emolument_MOSPIOtherIndustries,Total compensation of other industries factory
Amount_EconomicActivity_Factory_Emolument_MOSPIOtherManufacturing,Total compensation of other manufacturing factory
Amount_EconomicActivity_Factory_Emolument_MOSPIOtherTransportEquipment,Total compensation of other transport equipment factory
Amount_EconomicActivity_Factory_Emolument_MachineryNEC,Total compensation of machinery NEC factory
Amount_EconomicActivity_Factory_Emolument_MachineryRepair,Total compensation of machinery repair factory
Amount_EconomicActivity_Factory_Emolument_MotorVehiclesAndTrailers,Total compensation of motor vehicles and trailers factory
Amount_EconomicActivity_Factory_Emolument_NonMetallicMinerals,Total compensation of non metallic minerals factory
Amount_EconomicActivity_Factory_Emolument_PaperAndPaperProducts,Total compensation of paper and paper products factory
Amount_EconomicActivity_Factory_Emolument_Pharmaceuticals,Total compensation of pharmaceuticals factory
Amount_EconomicActivity_Factory_Emolument_PrintingAndMedia,Total compensation of printing and media factory
Amount_EconomicActivity_Factory_Emolument_PublishingActivities,Total compensation of publishing activities factory
Amount_EconomicActivity_Factory_Emolument_RubberAndPlastics,Total compensation of rubber and plastics factory
Amount_EconomicActivity_Factory_Emolument_Rural,Total compensation for rural factory workers
Amount_EconomicActivity_Factory_Emolument_SaltProduction,Total compensation of salt production factory
Amount_EconomicActivity_Factory_Emolument_Textiles,Total compensation of textiles factory
Amount_EconomicActivity_Factory_Emolument_TobaccoProducts,Total compensation of tobacco products factory
Amount_EconomicActivity_Factory_Emolument_WasteAndRecovery,Total compensation of waste and recovery factory
Amount_EconomicActivity_Factory_Emolument_WearingApparel,Total compensation of wearing apparel factory
Amount_EconomicActivity_Factory_Emolument_WoodAndCorkProducts,Total compensation of wood and cork products factory
Amount_EconomicActivity_Factory_FixedCapital,Total fixed capital investment of factory
Amount_EconomicActivity_Factory_FixedCapital_AsAFractionOf_Count_Establishment_Factory,Mean fixed capital per factory
Amount_EconomicActivity_Factory_FixedCapital_BasicMetals,Total fixed capital of basic metals factory
Amount_EconomicActivity_Factory_FixedCapital_Beverages,Total fixed capital of beverages factory
Amount_EconomicActivity_Factory_FixedCapital_ChemicalProducts,Total fixed capital of chemical products factory
Amount_EconomicActivity_Factory_FixedCapital_CokeAndPetroleum,Total fixed capital of coke and petroleum factory
Amount_EconomicActivity_Factory_FixedCapital_CottonGinningAndSeeds,Total fixed capital of cotton ginning and seeds factory
Amount_EconomicActivity_Factory_FixedCapital_ElectricalEquipment,Total fixed capital of electrical equipment factory
Amount_EconomicActivity_Factory_FixedCapital_ElectronicsAndOpticals,Total fixed capital of electronics and opticals factory
Amount_EconomicActivity_Factory_FixedCapital_FabricatedMetalProducts,Total fixed capital of fabricated metal products factory
Amount_EconomicActivity_Factory_FixedCapital_FoodProducts,Total fixed capital of food products factory
Amount_EconomicActivity_Factory_FixedCapital_Furniture,Total fixed capital of furniture factory
Amount_EconomicActivity_Factory_FixedCapital_LeatherProducts,Total fixed capital of leather products factory
Amount_EconomicActivity_Factory_FixedCapital_MOSPIOtherIndustries,Total fixed capital of other industries factory
Amount_EconomicActivity_Factory_FixedCapital_MOSPIOtherManufacturing,Total fixed capital of other manufacturing factory
Amount_EconomicActivity_Factory_FixedCapital_MOSPIOtherTransportEquipment,Total fixed capital of other transport equipment factory
Amount_EconomicActivity_Factory_FixedCapital_MachineryNEC,Total fixed capital of machinery NEC factory
Amount_EconomicActivity_Factory_FixedCapital_MachineryRepair,Total fixed capital of machinery repair factory
Amount_EconomicActivity_Factory_FixedCapital_MotorVehiclesAndTrailers,Total fixed capital of motor vehicles and trailers factory
Amount_EconomicActivity_Factory_FixedCapital_NonMetallicMinerals,Total fixed capital of non metallic minerals factory
Amount_EconomicActivity_Factory_FixedCapital_PaperAndPaperProducts,Total fixed capital of paper and paper products factory
Amount_EconomicActivity_Factory_FixedCapital_Pharmaceuticals,Total fixed capital of pharmaceuticals factory
Amount_EconomicActivity_Factory_FixedCapital_PrintingAndMedia,Total fixed capital of printing and media factory
Amount_EconomicActivity_Factory_FixedCapital_PublishingActivities,Total fixed capital of publishing activities factory
Amount_EconomicActivity_Factory_FixedCapital_RubberAndPlastics,Total fixed capital of rubber and plastics factory
Amount_EconomicActivity_Factory_FixedCapital_Rural,Total fixed capital for rural factory workers
Amount_EconomicActivity_Factory_FixedCapital_SaltProduction,Total fixed capital of salt production factory
Amount_EconomicActivity_Factory_FixedCapital_Textiles,Total fixed capital of textiles factory
Amount_EconomicActivity_Factory_FixedCapital_TobaccoProducts,Total fixed capital of tobacco products factory
Amount_EconomicActivity_Factory_FixedCapital_WasteAndRecovery,Total fixed capital of waste and recovery factory
Amount_EconomicActivity_Factory_FixedCapital_WearingApparel,Total fixed capital of wearing apparel factory
Amount_EconomicActivity_Factory_FixedCapital_WoodAndCorkProducts,Total fixed capital of wood and cork products factory
Amount_EconomicActivity_Factory_GrossValueAdded,Total gross value added by factory
Amount_EconomicActivity_Factory_GrossValueAdded_AsAFractionOf_Count_Person_Factory_TotalEngaged,Mean gross value added per factory employee
Amount_EconomicActivity_Factory_GrossValueAdded_BasicMetals,Total gross value added of basic metals factory
Amount_EconomicActivity_Factory_GrossValueAdded_Beverages,Total gross value added of beverages factory
Amount_EconomicActivity_Factory_GrossValueAdded_ChemicalProducts,Total gross value added of chemical products factory
Amount_EconomicActivity_Factory_GrossValueAdded_CokeAndPetroleum,Total gross value added of coke and petroleum factory
Amount_EconomicActivity_Factory_GrossValueAdded_CottonGinningAndSeeds,Total gross value added of cotton ginning and seeds factory
Amount_EconomicActivity_Factory_GrossValueAdded_ElectricalEquipment,Total gross value added of electrical equipment factory
Amount_EconomicActivity_Factory_GrossValueAdded_ElectronicsAndOpticals,Total gross value added of electronics and opticals factory
Amount_EconomicActivity_Factory_GrossValueAdded_FabricatedMetalProducts,Total gross value added of fabricated metal products factory
Amount_EconomicActivity_Factory_GrossValueAdded_FoodProducts,Total gross value added of food products factory
Amount_EconomicActivity_Factory_GrossValueAdded_Furniture,Total gross value added of furniture factory
Amount_EconomicActivity_Factory_GrossValueAdded_LeatherProducts,Total gross value added of leather products factory
Amount_EconomicActivity_Factory_GrossValueAdded_MOSPIOtherIndustries,Total gross value added of mospi other industries factory
Amount_EconomicActivity_Factory_GrossValueAdded_MOSPIOtherManufacturing,Total gross value added of mospi other manufacturing factory
Amount_EconomicActivity_Factory_GrossValueAdded_MOSPIOtherTransportEquipment,Total gross value added of mospi other transport equipment factory
Amount_EconomicActivity_Factory_GrossValueAdded_MachineryNEC,Total gross value added of machinery NEC factory
Amount_EconomicActivity_Factory_GrossValueAdded_MachineryRepair,Total gross value added of machinery repair factory
Amount_EconomicActivity_Factory_GrossValueAdded_MotorVehiclesAndTrailers,Total gross value added of motor vehicles and trailers factory
Amount_EconomicActivity_Factory_GrossValueAdded_NonMetallicMinerals,Total gross value added of non metallic minerals factory
Amount_EconomicActivity_Factory_GrossValueAdded_PaperAndPaperProducts,Total gross value added of paper and paper products factory
Amount_EconomicActivity_Factory_GrossValueAdded_Pharmaceuticals,Total gross value added of pharmaceuticals factory
Amount_EconomicActivity_Factory_GrossValueAdded_PrintingAndMedia,Total gross value added of printing and media factory
Amount_EconomicActivity_Factory_GrossValueAdded_PublishingActivities,Total gross value added of publishing activities factory
Amount_EconomicActivity_Factory_GrossValueAdded_RubberAndPlastics,Total gross value added of rubber and plastics factory
Amount_EconomicActivity_Factory_GrossValueAdded_SaltProduction,Total gross value added of salt production factory
Amount_EconomicActivity_Factory_GrossValueAdded_Textiles,Total gross value added of textiles factory
Amount_EconomicActivity_Factory_GrossValueAdded_TobaccoProducts,Total gross value added of tobacco products factory
Amount_EconomicActivity_Factory_GrossValueAdded_WasteAndRecovery,Total gross value added of waste and recovery factory
Amount_EconomicActivity_Factory_GrossValueAdded_WearingApparel,Total gross value added of wearing apparel factory
Amount_EconomicActivity_Factory_GrossValueAdded_WoodAndCorkProducts,Total gross value added of wood and cork products factory
Amount_EconomicActivity_Factory_Input,Total input of factory
Amount_EconomicActivity_Factory_Input_BasicMetals,Total input amount of basic metals factory
Amount_EconomicActivity_Factory_Input_Beverages,Total input amount of beverages factory
Amount_EconomicActivity_Factory_Input_ChemicalProducts,Total input amount of chemical products factory
Amount_EconomicActivity_Factory_Input_CokeAndPetroleum,Total input amount of coke and petroleum factory
Amount_EconomicActivity_Factory_Input_CottonGinningAndSeeds,Total input amount of cotton ginning and seeds factory
Amount_EconomicActivity_Factory_Input_ElectricalEquipment,Total input amount of electrical equipment factory
Amount_EconomicActivity_Factory_Input_ElectronicsAndOpticals,Total input amount of electronics and opticals factory
Amount_EconomicActivity_Factory_Input_FabricatedMetalProducts,Total input amount of fabricated metal products factory
Amount_EconomicActivity_Factory_Input_FoodProducts,Total input amount of food products factory
Amount_EconomicActivity_Factory_Input_Furniture,Total input amount of furniture factory
Amount_EconomicActivity_Factory_Input_LeatherProducts,Total input amount of leather products factory
Amount_EconomicActivity_Factory_Input_MOSPIOtherIndustries,Total input amount of mospi_ other industries factory
Amount_EconomicActivity_Factory_Input_MOSPIOtherManufacturing,Total input amount of mospi_ other manufacturing factory
Amount_EconomicActivity_Factory_Input_MOSPIOtherTransportEquipment,Total input amount of mospi_ other transport equipment factory
Amount_EconomicActivity_Factory_Input_MachineryNEC,Total input amount of machinery NEC factory
Amount_EconomicActivity_Factory_Input_MachineryRepair,Total input amount of machinery repair factory
Amount_EconomicActivity_Factory_Input_MotorVehiclesAndTrailers,Total input amount of motor vehicles and trailers factory
Amount_EconomicActivity_Factory_Input_NonMetallicMinerals,Total input amount of non metallic minerals factory
Amount_EconomicActivity_Factory_Input_PaperAndPaperProducts,Total input amount of paper and paper products factory
Amount_EconomicActivity_Factory_Input_Pharmaceuticals,Total input amount of pharmaceuticals factory
Amount_EconomicActivity_Factory_Input_PrintingAndMedia,Total input amount of printing and media factory
Amount_EconomicActivity_Factory_Input_PublishingActivities,Total input amount of publishing activities factory
Amount_EconomicActivity_Factory_Input_RubberAndPlastics,Total input amount of rubber and plastics factory
Amount_EconomicActivity_Factory_Input_Rural,Total input for rural factory workers
Amount_EconomicActivity_Factory_Input_SaltProduction,Total input amount of salt production factory
Amount_EconomicActivity_Factory_Input_Textiles,Total input amount of textiles factory
Amount_EconomicActivity_Factory_Input_TobaccoProducts,Total input amount of tobacco products factory
Amount_EconomicActivity_Factory_Input_WasteAndRecovery,Total input amount of waste and recovery factory
Amount_EconomicActivity_Factory_Input_WearingApparel,Total input amount of wearing apparel factory
Amount_EconomicActivity_Factory_Input_WoodAndCorkProducts,Total input amount of wood and cork products factory
Amount_EconomicActivity_Factory_Output,Total output of factory
Amount_EconomicActivity_Factory_Output_BasicMetals,Total output amount of basic metals factory
Amount_EconomicActivity_Factory_Output_Beverages,Total output amount of beverages factory
Amount_EconomicActivity_Factory_Output_ChemicalProducts,Total output amount of chemical products factory
Amount_EconomicActivity_Factory_Output_CokeAndPetroleum,Total output amount of coke and petroleum factory
Amount_EconomicActivity_Factory_Output_CottonGinningAndSeeds,Total output amount of cotton ginning and seeds factory
Amount_EconomicActivity_Factory_Output_ElectricalEquipment,Total output amount of electrical equipment factory
Amount_EconomicActivity_Factory_Output_ElectronicsAndOpticals,Total output amount of electronics and optics factory
Amount_EconomicActivity_Factory_Output_FabricatedMetalProducts,Total output amount of fabricated metal products factory
Amount_EconomicActivity_Factory_Output_FoodProducts,Total output amount of food products factory
Amount_EconomicActivity_Factory_Output_Furniture,Total output amount of furniture factory
Amount_EconomicActivity_Factory_Output_LeatherProducts,Total output amount of leather products factory
Amount_EconomicActivity_Factory_Output_MOSPIOtherIndustries,Total output amount of mospi_ other industries factory
Amount_EconomicActivity_Factory_Output_MOSPIOtherManufacturing,Total output amount of mospi_ other manufacturing factory
Amount_EconomicActivity_Factory_Output_MOSPIOtherTransportEquipment,Total output amount of mospi_ other transport equipment factory
Amount_EconomicActivity_Factory_Output_MachineryNEC,Total output amount of machinery NEC factory
Amount_EconomicActivity_Factory_Output_MachineryRepair,Total output amount of machinery repair factory
Amount_EconomicActivity_Factory_Output_MotorVehiclesAndTrailers,Total output amount of motor vehicles and trailers factory
Amount_EconomicActivity_Factory_Output_NonMetallicMinerals,Total output amount of non metallic minerals factory
Amount_EconomicActivity_Factory_Output_PaperAndPaperProducts,Total output amount of paper and paper products factory
Amount_EconomicActivity_Factory_Output_Pharmaceuticals,Total output amount of pharmaceuticals factory
Amount_EconomicActivity_Factory_Output_PrintingAndMedia,Total output amount of printing and media factory
Amount_EconomicActivity_Factory_Output_PublishingActivities,Total output amount of publishing activities factory
Amount_EconomicActivity_Factory_Output_RubberAndPlastics,Total output amount of rubber and plastics factory
Amount_EconomicActivity_Factory_Output_Rural,Total output for rural factory workers
Amount_EconomicActivity_Factory_Output_SaltProduction,Total output amount of salt production factory
Amount_EconomicActivity_Factory_Output_Textiles,Total output amount of textiles factory
Amount_EconomicActivity_Factory_Output_TobaccoProducts,Total output amount of tobacco products factory
Amount_EconomicActivity_Factory_Output_WasteAndRecovery,Total output amount of waste and recovery factory
Amount_EconomicActivity_Factory_Output_WearingApparel,Total output amount of wearing apparel factory
Amount_EconomicActivity_Factory_Output_WoodAndCorkProducts,Total output amount of wood and cork products factory
Count_ConsumerUnit,Number of consumer units
Count_Establishment_Factory,Number of factories
Count_Establishment_Factory_BasicMetals,Number of basic metals factories
Count_Establishment_Factory_Beverages,Number of beverages factories
Count_Establishment_Factory_ChemicalProducts,Number of chemical products factories
Count_Establishment_Factory_CokeAndPetroleum,Number of coke and petroleum factories
Count_Establishment_Factory_CottonGinningAndSeeds,Number of cotton ginning and seeds factories
Count_Establishment_Factory_ElectricalEquipment,Number of electrical equipment factories
Count_Establishment_Factory_ElectronicsAndOpticals,Number of electronics and opticals factories
Count_Establishment_Factory_FabricatedMetalProducts,Number of fabricated metal products factories
Count_Establishment_Factory_FoodProducts,Number of food products factories
Count_Establishment_Factory_Furniture,Number of furniture factories
Count_Establishment_Factory_LeatherProducts,Number of leather products factories
Count_Establishment_Factory_MOSPIOtherIndustries,Number of other industries factories
Count_Establishment_Factory_MOSPIOtherManufacturing,Number of other manufacturing factories
Count_Establishment_Factory_MOSPIOtherTransportEquipment,Number of other transport equipment factories
Count_Establishment_Factory_MachineryNEC,Number of machinery NEC factories
Count_Establishment_Factory_MachineryRepair,Number of machinery repair factories
Count_Establishment_Factory_MotorVehiclesAndTrailers,Number of motor vehicles and trailers factories
Count_Establishment_Factory_NonMetallicMinerals,Number of non metallic minerals factories
Count_Establishment_Factory_PaperAndPaperProducts,Number of paper and paper products factories
Count_Establishment_Factory_Pharmaceuticals,Number of pharmaceuticals factories
Count_Establishment_Factory_PrintingAndMedia,Number of printing and media factories
Count_Establishment_Factory_PublishingActivities,Number of publishing activities factories
Count_Establishment_Factory_RubberAndPlastics,Number of rubber and plastics factories
Count_Establishment_Factory_Rural,Number of rural factories
Count_Establishment_Factory_SaltProduction,Number of salt production factories
Count_Establishment_Factory_Textiles,Number of textiles factories
Count_Establishment_Factory_TobaccoProducts,Number of tobacco products factories
Count_Establishment_Factory_WasteAndRecovery,Number of waste and recovery factories
Count_Establishment_Factory_WearingApparel,Number of wearing apparel factories
Count_Establishment_Factory_WoodAndCorkProducts,Number of wood and cork products factories
Count_Person_Factory_TotalEngaged,Number of factory workers
Count_Person_Factory_TotalEngaged_AsAFractionOf_Count_Establishment_Factory,Mean number of factory employees per factory
Count_Person_Factory_TotalEngaged_Rural,Number of rural factory workers
Count_Worker_Factory,Number of workers in factories
Daily_Mean_DietaryIntake_Energy_Rural_AsAFractionOf_Count_ConsumerUnit,Average daily calorie intake per consumer unit in rural areas
Daily_Mean_DietaryIntake_Energy_Rural_AsAFractionOf_Count_Person,Average daily calorie intake per person in rural areas
Daily_Mean_DietaryIntake_Energy_Urban_AsAFractionOf_Count_ConsumerUnit,Average daily calorie intake per consumer unit in urban areas
Daily_Mean_DietaryIntake_Energy_Urban_AsAFractionOf_Count_Person,Average daily calorie intake per person in urban areas
Daily_Mean_DietaryIntake_Fat_Rural_AsAFractionOf_Count_ConsumerUnit,Average daily fat intake per consumer unit in rural areas
Daily_Mean_DietaryIntake_Fat_Rural_AsAFractionOf_Count_Person,Average daily fat intake per person in rural areas
Daily_Mean_DietaryIntake_Fat_Urban_AsAFractionOf_Count_ConsumerUnit,Average daily fat intake per consumer unit in urban areas
Daily_Mean_DietaryIntake_Fat_Urban_AsAFractionOf_Count_Person,Average daily fat intake per person in urban areas
Daily_Mean_DietaryIntake_Protein_Rural_AsAFractionOf_Count_ConsumerUnit,Average daily protein intake per consumer unit in rural areas
Daily_Mean_DietaryIntake_Protein_Rural_AsAFractionOf_Count_Person,Average daily protein intake per person in rural areas
Daily_Mean_DietaryIntake_Protein_Urban_AsAFractionOf_Count_ConsumerUnit,Average daily protein intake per consumer unit in urban areas
Daily_Mean_DietaryIntake_Protein_Urban_AsAFractionOf_Count_Person,Average daily protein intake per person in urban areas
DietaryIntake_Energy_Cereal_Rural_AsAFractionOf_DietaryIntake_Energy_Rural,Percentage of energy intake from cereal in rural area
DietaryIntake_Energy_Cereal_Urban_AsAFractionOf_DietaryIntake_Energy_Urban,Percentage of energy intake from cereal in urban area
DietaryIntake_Energy_Rural,Energy intake in rural area
DietaryIntake_Energy_Urban,Energy intake in urban area
DietaryIntake_Fat_Rural,Fat intake in rural area
DietaryIntake_Fat_Urban,Fat intake in urban area
DietaryIntake_Protein_Cereal_Rural_AsAFractionOf_DietaryIntake_Protein_Rural,Percentage of protein intake from cereal in rural area
DietaryIntake_Protein_Cereal_Urban_AsAFractionOf_DietaryIntake_Protein_Urban,Percentage of protein intake from cereal in urban area
DietaryIntake_Protein_EggFishMeat_Rural_AsAFractionOf_DietaryIntake_Protein_Rural,"Percentage of protein intake from egg,fish and meat in rural area"
DietaryIntake_Protein_EggFishMeat_Urban_AsAFractionOf_DietaryIntake_Protein_Urban,"Percentage of protein intake from egg,fish and meat in urban area"
DietaryIntake_Protein_Milk_Rural_AsAFractionOf_DietaryIntake_Protein_Rural,Percentage of protein intake from milk in rural area
DietaryIntake_Protein_Milk_Urban_AsAFractionOf_DietaryIntake_Protein_Urban,Percentage of protein intake from milk in urban area
DietaryIntake_Protein_NIIOtherFood_Rural_AsAFractionOf_DietaryIntake_Protein_Rural,Percentage of protein intake from other food sources in rural area
DietaryIntake_Protein_NIIOtherFood_Urban_AsAFractionOf_DietaryIntake_Protein_Urban,Percentage of protein intake from other food sources in urban area
DietaryIntake_Protein_Pulse_Rural_AsAFractionOf_DietaryIntake_Protein_Rural,Percentage of protein intake from pulses in rural area
DietaryIntake_Protein_Pulse_Urban_AsAFractionOf_DietaryIntake_Protein_Urban,Percentage of protein intake from pulses in urban area
DietaryIntake_Protein_Rural,Protein intake in rural area
DietaryIntake_Protein_Urban,Protein intake in urban area
Export_EconomicActivity_ExportSourceIndia_WorldTotal,Export of from India to the world.
Exports_EconomicActivity_AbrasivePowderOrGrainNaturalOrArtificialOnABas6805,Exports of abrasive powder or grain natural or artificial
Exports_EconomicActivity_AbrasivePowderOrGrainNaturalOrArtificialOnABas6805_AsAFractionOf_Exports_EconomicActivity,Percentage of exports of abrasive powder or grain natural or artificial
Exports_EconomicActivity_AcetalsAndHemiacetalsWhetherOrNotWithOtherOxyg2911,Exports of acetals and hemiacetals whether or not with
Exports_EconomicActivity_AcetalsAndHemiacetalsWhetherOrNotWithOtherOxyg2911_AsAFractionOf_Exports_EconomicActivity,Percentage of exports of acetals and hemiacetals whether or not with
Exports_EconomicActivity_AcidsCarboxylicAcidWithAdditionalOxygenFunctionAnd,Exports of acids carboxylic acid with additional oxygen function
Exports_EconomicActivity_AcidsCarboxylicAcidWithAdditionalOxygenFunctionAnd_AsAFractionOf_Exports_EconomicActivity,Percentage of exports of acids carboxylic acid with additional oxygen function
Exports_EconomicActivity_AcidsPolycarboxylicAcidsTheirAnhydridesHalides,Exports of acids polycarboxylic acids their anhydrides halides
Exports_EconomicActivity_AcidsPolycarboxylicAcidsTheirAnhydridesHalides_AsAFractionOf_Exports_EconomicActivity,Percentage of exports of acids polycarboxylic acids their anhydrides halides
Exports_EconomicActivity_AcidsSaturatedAcyclicMonocarboxylicAcidsAndTheir,Exports of acids saturated acyclic monocarboxylic acids and their
Exports_EconomicActivity_AcidsSaturatedAcyclicMonocarboxylicAcidsAndTheir_AsAFractionOf_Exports_EconomicActivity,Percentage of exports of acids saturated acyclic monocarboxylic acids and their
Exports_EconomicActivity_AcidsUnsaturatedAcyclicMonocarboxylicCyclic2916,Exports of acids unsaturated acyclic monocarboxylic cyclic
Exports_EconomicActivity_AcidsUnsaturatedAcyclicMonocarboxylicCyclic2916_AsAFractionOf_Exports_EconomicActivity,Percentage of exports of acids unsaturated acyclic monocarboxylic cyclic
Exports_EconomicActivity_AcrylicPolymersInPrimaryForms,Exports of acrylic polymers in primary forms
Exports_EconomicActivity_AcrylicPolymersInPrimaryForms_AsAFractionOf_Exports_EconomicActivity,Percentage of exports of acrylic polymers in primary forms
Exports_EconomicActivity_ActivatedCarbonActivatedNaturalMineralProducts,Exports of activated carbon activated natural mineral products
Exports_EconomicActivity_ActivatedCarbonActivatedNaturalMineralProducts_AsAFractionOf_Exports_EconomicActivity,Percentage of exports of activated carbon activated natural mineral products
Exports_EconomicActivity_AcyclicAlcoholsAndTheirHalogenatedSulphonated,Exports of acyclic alcohols and their halogenated sulphonated
Exports_EconomicActivity_AcyclicAlcoholsAndTheirHalogenatedSulphonated_AsAFractionOf_Exports_EconomicActivity,Percentage of exports of acyclic alcohols and their halogenated sulphonated
Exports_EconomicActivity_AcyclicHydrocarbons,Exports of acyclic hydrocarbons
Exports_EconomicActivity_AcyclicHydrocarbons_AsAFractionOf_Exports_EconomicActivity,Percentage of exports of acyclic hydrocarbons
Exports_EconomicActivity_AgglomeratedCorkWithOrWithoutABindingSubstanceAnd,Exports of agglomerated cork with or without abinding substance
Exports_EconomicActivity_AgglomeratedCorkWithOrWithoutABindingSubstanceAnd_AsAFractionOf_Exports_EconomicActivity,Percentage of exports of agglomerated cork with or without abinding substance
Exports_EconomicActivity_AgriculturalHorticulturalForestryPoultryKeepingBee,Exports of agricultural horticultural forestry poultry keeping bee
Exports_EconomicActivity_AgriculturalHorticulturalForestryPoultryKeepingBee_AsAFractionOf_Exports_EconomicActivity,Percentage of exports of agricultural horticultural forestry poultry keeping bee
Exports_EconomicActivity_AgriculturalHorticulturalOrForestryMachineryFor,Exports of agricultural horticultural or forestry machinery for
Exports_EconomicActivity_AgriculturalHorticulturalOrForestryMachineryFor_AsAFractionOf_Exports_EconomicActivity,Percentage of exports of agricultural horticultural or forestry machinery for
Exports_EconomicActivity_AirConditioningMachinesComprisingAMotorDrivenF8415,Exports of air conditioning machines comprising amotor driven f
Exports_EconomicActivity_AirConditioningMachinesComprisingAMotorDrivenF8415_AsAFractionOf_Exports_EconomicActivity,Percentage of exports of air conditioning machines comprising amotor driven f
Exports_EconomicActivity_AirOrVacuumPumpsAirOrOtherGasCompressorsAndFans,Exports of air or vacuum pumps air or other
Exports_EconomicActivity_AirOrVacuumPumpsAirOrOtherGasCompressorsAndFans_AsAFractionOf_Exports_EconomicActivity,Percentage of exports of air or vacuum pumps air or other
Exports_EconomicActivity_AircraftLaunchingGearDeckArrestorOrSimilarGear,Exports of aircraft launching gear deck arrestor or similar
Exports_EconomicActivity_AircraftLaunchingGearDeckArrestorOrSimilarGear_AsAFractionOf_Exports_EconomicActivity,Percentage of exports of aircraft launching gear deck arrestor or similar
Exports_EconomicActivity_AircraftNECInHeadingNo8801ExceptUnmannedAircraftOf,Exports of aircraft necin heading no8801except unmanned aircraft of
Exports_EconomicActivity_AircraftNECInHeadingNo8801ExceptUnmannedAircraftOf_AsAFractionOf_Exports_EconomicActivity,Percentage of exports of aircraft necin heading no8801except unmanned aircraft of
Exports_EconomicActivity_AircraftPartsOfGoodsOfHeading88018802Or8806,Exports of aircraft parts of goods of heading88018802or
Exports_EconomicActivity_AircraftPartsOfGoodsOfHeading88018802Or8806_AsAFractionOf_Exports_EconomicActivity,Percentage of exports of aircraft parts of goods of heading88018802or
Exports_EconomicActivity_AircraftSpacecraftAndPartsThereof,Exports of aircraft spacecraft and parts thereof
Exports_EconomicActivity_AircraftSpacecraftAndPartsThereof_AsAFractionOf_Exports_EconomicActivity,Percentage of exports of aircraft spacecraft and parts thereof
Exports_EconomicActivity_AlbuminoidalSubstancesModifiedStarchesGluesEnzymes,Exports of albuminoidal substances modified starches glues enzymes
Exports_EconomicActivity_AlbuminoidalSubstancesModifiedStarchesGluesEnzymes_AsAFractionOf_Exports_EconomicActivity,Percentage of exports of albuminoidal substances modified starches glues enzymes
Exports_EconomicActivity_AlbuminsIncludingConcentratesOfTwoOrMoreWhey,Exports of albumins including concentrates of two or more
Exports_EconomicActivity_AlbuminsIncludingConcentratesOfTwoOrMoreWhey_AsAFractionOf_Exports_EconomicActivity,Percentage of exports of albumins including concentrates of two or more
Exports_EconomicActivity_AlcoholsCyclicAndTheirHalogenatedSulphonated,Exports of alcohols cyclic and their halogenated sulphonated
Exports_EconomicActivity_AlcoholsCyclicAndTheirHalogenatedSulphonated_AsAFractionOf_Exports_EconomicActivity,Percentage of exports of alcohols cyclic and their halogenated sulphonated
Exports_EconomicActivity_AldehydesHalogenatedSulphonatedNitratedOr2913,Exports of aldehydes halogenated sulphonated nitrated or
Exports_EconomicActivity_AldehydesHalogenatedSulphonatedNitratedOr2913_AsAFractionOf_Exports_EconomicActivity,Percentage of exports of aldehydes halogenated sulphonated nitrated or
Exports_EconomicActivity_AldehydesWhetherOrNotWithOtherOxygenFunctionCyclic,Exports of aldehydes whether or not with other oxygen
Exports_EconomicActivity_AldehydesWhetherOrNotWithOtherOxygenFunctionCyclic_AsAFractionOf_Exports_EconomicActivity,Percentage of exports of aldehydes whether or not with other oxygen
Exports_EconomicActivity_AlkaliOrAlkalineEarthMetalsRareEarthMetalsScandium,Exports of alkali or alkaline earth metals rare earth
Exports_EconomicActivity_AlkaliOrAlkalineEarthMetalsRareEarthMetalsScandium_AsAFractionOf_Exports_EconomicActivity,Percentage of exports of alkali or alkaline earth metals rare earth
Exports_EconomicActivity_AlkaloidsNaturalOrReproducedBySynthesisAndThei2939,Exports of alkaloids natural or reproduced by synthesis and
Exports_EconomicActivity_AlkaloidsNaturalOrReproducedBySynthesisAndThei2939_AsAFractionOf_Exports_EconomicActivity,Percentage of exports of alkaloids natural or reproduced by synthesis and
Exports_EconomicActivity_AllGoodsOriginatingInOrExportedFromTheIslamic9806,Exports of all goods originating in or exported from
Exports_EconomicActivity_AllGoodsOriginatingInOrExportedFromTheIslamic9806_AsAFractionOf_Exports_EconomicActivity,Percentage of exports of all goods originating in or exported from
Exports_EconomicActivity_AlloySteelBarsRodsShapesAndSectionsHollowDrillBars,Exports of alloy steel bars rods shapes and sections
Exports_EconomicActivity_AlloySteelBarsRodsShapesAndSectionsHollowDrillBars_AsAFractionOf_Exports_EconomicActivity,Percentage of exports of alloy steel bars rods shapes and sections
Exports_EconomicActivity_AlloySteelFlatRolledProductsOfAWidth600mmOrMore,Exports of alloy steel flat rolled products of awidth600mm
Exports_EconomicActivity_AlloySteelFlatRolledProductsOfAWidth600mmOrMore_AsAFractionOf_Exports_EconomicActivity,Percentage of exports of alloy steel flat rolled products of awidth600mm
Exports_EconomicActivity_AlloySteelFlatRolledProductsOfAWidthOfLessThan,Exports of alloy steel flat rolled products of awidth
Exports_EconomicActivity_AlloySteelFlatRolledProductsOfAWidthOfLessThan_AsAFractionOf_Exports_EconomicActivity,Percentage of exports of alloy steel flat rolled products of awidth
Exports_EconomicActivity_AlloySteelInIngotsOrOtherPrimaryFormsSemiFinished,Exports of alloy steel in ingots or other primary
Exports_EconomicActivity_AlloySteelInIngotsOrOtherPrimaryFormsSemiFinished_AsAFractionOf_Exports_EconomicActivity,Percentage of exports of alloy steel in ingots or other primary
Exports_EconomicActivity_AluminiumAndArticlesThereof,Exports of aluminium and articles thereof
Exports_EconomicActivity_AluminiumAndArticlesThereof_AsAFractionOf_Exports_EconomicActivity,Percentage of exports of aluminium and articles thereof
Exports_EconomicActivity_AluminiumArticlesNECInChapter76,Exports of aluminium articles necin chapter
Exports_EconomicActivity_AluminiumArticlesNECInChapter76_AsAFractionOf_Exports_EconomicActivity,Percentage of exports of aluminium articles necin chapter
Exports_EconomicActivity_AluminiumBarsRodsAndProfiles,Exports of aluminium bars rods and profiles
Exports_EconomicActivity_AluminiumBarsRodsAndProfiles_AsAFractionOf_Exports_EconomicActivity,Percentage of exports of aluminium bars rods and profiles
Exports_EconomicActivity_AluminiumCasksDrumsCansBoxesEtcIncludingRigid,Exports of aluminium casks drums cans boxes etc including
Exports_EconomicActivity_AluminiumCasksDrumsCansBoxesEtcIncludingRigid_AsAFractionOf_Exports_EconomicActivity,Percentage of exports of aluminium casks drums cans boxes etc including
Exports_EconomicActivity_AluminiumContainersForCompressedOrLiquefiedGas7613,Exports of aluminium containers for compressed or liquefied gas
Exports_EconomicActivity_AluminiumContainersForCompressedOrLiquefiedGas7613_AsAFractionOf_Exports_EconomicActivity,Percentage of exports of aluminium containers for compressed or liquefied gas
Exports_EconomicActivity_AluminiumFoilWhetherOrNotPrintedOrBackedWithPaper,Exports of aluminium foil whether or not printed or
Exports_EconomicActivity_AluminiumFoilWhetherOrNotPrintedOrBackedWithPaper_AsAFractionOf_Exports_EconomicActivity,Percentage of exports of aluminium foil whether or not printed or
Exports_EconomicActivity_AluminiumOresAndConcentrates2606,Exports of aluminium ores and concentrates
Exports_EconomicActivity_AluminiumOresAndConcentrates2606_AsAFractionOf_Exports_EconomicActivity,Percentage of exports of aluminium ores and concentrates
Exports_EconomicActivity_AluminiumOxideIncludingArtificialCorundumAluminium,Exports of aluminium oxide including artificial corundum aluminium
Exports_EconomicActivity_AluminiumOxideIncludingArtificialCorundumAluminium_AsAFractionOf_Exports_EconomicActivity,Percentage of exports of aluminium oxide including artificial corundum aluminium
Exports_EconomicActivity_AluminiumPlatesSheetsAndStripThicknessExceedin7606,Exports of aluminium plates sheets and strip thickness exceedin
Exports_EconomicActivity_AluminiumPlatesSheetsAndStripThicknessExceedin7606_AsAFractionOf_Exports_EconomicActivity,Percentage of exports of aluminium plates sheets and strip thickness exceedin
Exports_EconomicActivity_AluminiumPowdersAndFlakes,Exports of aluminium powders and flakes
Exports_EconomicActivity_AluminiumPowdersAndFlakes_AsAFractionOf_Exports_EconomicActivity,Percentage of exports of aluminium powders and flakes
Exports_EconomicActivity_AluminiumReservoirsTanksVatsAndTheLikeForMaterial,Exports of aluminium reservoirs tanks vats and the like
Exports_EconomicActivity_AluminiumReservoirsTanksVatsAndTheLikeForMaterial_AsAFractionOf_Exports_EconomicActivity,Percentage of exports of aluminium reservoirs tanks vats and the like
Exports_EconomicActivity_AluminiumStrandedWireCablesPlaitedBandsAndTheL7614,Exports of aluminium stranded wire cables plaited bands and
Exports_EconomicActivity_AluminiumStrandedWireCablesPlaitedBandsAndTheL7614_AsAFractionOf_Exports_EconomicActivity,Percentage of exports of aluminium stranded wire cables plaited bands and
Exports_EconomicActivity_AluminiumStructuresExcludingPrefabricatedBuild7610,Exports of aluminium structures excluding prefabricated build
Exports_EconomicActivity_AluminiumStructuresExcludingPrefabricatedBuild7610_AsAFractionOf_Exports_EconomicActivity,Percentage of exports of aluminium structures excluding prefabricated build
Exports_EconomicActivity_AluminiumTableKitchenOrOtherHouseholdArticlesA7615,Exports of aluminium table kitchen or other household articles
Exports_EconomicActivity_AluminiumTableKitchenOrOtherHouseholdArticlesA7615_AsAFractionOf_Exports_EconomicActivity,Percentage of exports of aluminium table kitchen or other household articles
Exports_EconomicActivity_AluminiumTubeOrPipeFittingsEGCouplingsElbows7609,Exports of aluminium tube or pipe fittings egcouplings elbows
Exports_EconomicActivity_AluminiumTubeOrPipeFittingsEGCouplingsElbows7609_AsAFractionOf_Exports_EconomicActivity,Percentage of exports of aluminium tube or pipe fittings egcouplings elbows
Exports_EconomicActivity_AluminiumTubesAndPipes,Exports of aluminium tubes and pipes
Exports_EconomicActivity_AluminiumTubesAndPipes_AsAFractionOf_Exports_EconomicActivity,Percentage of exports of aluminium tubes and pipes
Exports_EconomicActivity_AluminiumUnwrought,Exports of aluminium unwrought
Exports_EconomicActivity_AluminiumUnwrought_AsAFractionOf_Exports_EconomicActivity,Percentage of exports of aluminium unwrought
Exports_EconomicActivity_AluminiumWasteAndScrap7602,Exports of aluminium waste and scrap
Exports_EconomicActivity_AluminiumWasteAndScrap7602_AsAFractionOf_Exports_EconomicActivity,Percentage of exports of aluminium waste and scrap
Exports_EconomicActivity_AluminiumWire,Exports of aluminium wire
Exports_EconomicActivity_AluminiumWire_AsAFractionOf_Exports_EconomicActivity,Percentage of exports of aluminium wire
Exports_EconomicActivity_AmbergrisCastoreumCivetAndMuskCantharidesBileDried,Exports of ambergris castoreum civet and musk cantharides bile
Exports_EconomicActivity_AmbergrisCastoreumCivetAndMuskCantharidesBileDried_AsAFractionOf_Exports_EconomicActivity,Percentage of exports of ambergris castoreum civet and musk cantharides bile
Exports_EconomicActivity_AmineFunctionCompounds,Exports of amine function compounds
Exports_EconomicActivity_AmineFunctionCompounds_AsAFractionOf_Exports_EconomicActivity,Percentage of exports of amine function compounds
Exports_EconomicActivity_AminoResinsPhenolicResinsAndPolyurethanesInPrimary,Exports of amino resins phenolic resins and polyurethanes in
Exports_EconomicActivity_AminoResinsPhenolicResinsAndPolyurethanesInPrimary_AsAFractionOf_Exports_EconomicActivity,Percentage of exports of amino resins phenolic resins and polyurethanes in
Exports_EconomicActivity_AmmoniaAnhydrousOrInAqueousSolution,Exports of ammonia anhydrous or in aqueous solution
Exports_EconomicActivity_AmmoniaAnhydrousOrInAqueousSolution_AsAFractionOf_Exports_EconomicActivity,Percentage of exports of ammonia anhydrous or in aqueous solution
Exports_EconomicActivity_AnchorsGrapnelsAndPartsThereofOfIronOrSteel,Exports of anchors grapnels and parts thereof of iron
Exports_EconomicActivity_AnchorsGrapnelsAndPartsThereofOfIronOrSteel_AsAFractionOf_Exports_EconomicActivity,Percentage of exports of anchors grapnels and parts thereof of iron
Exports_EconomicActivity_AnimalFatsAndOilsAndTheirFractionsWhetherOrNot1506,Exports of animal fats and oils and their fractions
Exports_EconomicActivity_AnimalFatsAndOilsAndTheirFractionsWhetherOrNot1506_AsAFractionOf_Exports_EconomicActivity,Percentage of exports of animal fats and oils and their fractions
Exports_EconomicActivity_AnimalOriginatedProductsNotElsewhereSpecifiedOr,Exports of animal originated products not elsewhere specified or
Exports_EconomicActivity_AnimalOriginatedProductsNotElsewhereSpecifiedOr_AsAFractionOf_Exports_EconomicActivity,Percentage of exports of animal originated products not elsewhere specified or
Exports_EconomicActivity_AnimalProductsInsectsAndOtherEdibleProductsOf,Exports of animal products insects and other edible products
Exports_EconomicActivity_AnimalProductsInsectsAndOtherEdibleProductsOf_AsAFractionOf_Exports_EconomicActivity,Percentage of exports of animal products insects and other edible products
Exports_EconomicActivity_AnimalProductsNotElsewhereSpecifiedOrIncludedDead,Exports of animal products not elsewhere specified or included
Exports_EconomicActivity_AnimalProductsNotElsewhereSpecifiedOrIncludedDead_AsAFractionOf_Exports_EconomicActivity,Percentage of exports of animal products not elsewhere specified or included
Exports_EconomicActivity_AnimalVegetableOrMicrobialFatsAndOilsAndTheir15,Exports of animal vegetable or microbial fats and oils
Exports_EconomicActivity_AnimalVegetableOrMicrobialFatsAndOilsAndTheir1516,Exports of animal vegetable or microbial fats and oils
Exports_EconomicActivity_AnimalVegetableOrMicrobialFatsAndOilsAndTheir1516_AsAFractionOf_Exports_EconomicActivity,Percentage of exports of animal vegetable or microbial fats and oils
Exports_EconomicActivity_AnimalVegetableOrMicrobialFatsAndOilsAndTheir15_AsAFractionOf_Exports_EconomicActivity,Percentage of exports of animal vegetable or microbial fats and oils
Exports_EconomicActivity_AnimalVegetableOrMicrobialFatsOilsAndTheir1518,Exports of animal vegetable or microbial fats oils and
Exports_EconomicActivity_AnimalVegetableOrMicrobialFatsOilsAndTheir1518_AsAFractionOf_Exports_EconomicActivity,Percentage of exports of animal vegetable or microbial fats oils and
Exports_EconomicActivity_AnimalsLive,Exports of animals live
Exports_EconomicActivity_AnimalsLiveNECInChapter01,Exports of animals live necin chapter
Exports_EconomicActivity_AnimalsLiveNECInChapter01_AsAFractionOf_Exports_EconomicActivity,Percentage of exports of animals live necin chapter
Exports_EconomicActivity_AnimalsLive_AsAFractionOf_Exports_EconomicActivity,Percentage of exports of animals live
Exports_EconomicActivity_AntiFreezingPreparationsAndPreparedDeIcingFlui3820,Exports of anti freezing preparations and prepared de icing
Exports_EconomicActivity_AntiFreezingPreparationsAndPreparedDeIcingFlui3820_AsAFractionOf_Exports_EconomicActivity,Percentage of exports of anti freezing preparations and prepared de icing
Exports_EconomicActivity_AntiKnockPreparationsOxidationAndGumInhibitors,Exports of anti knock preparations oxidation and gum inhibitors
Exports_EconomicActivity_AntiKnockPreparationsOxidationAndGumInhibitors_AsAFractionOf_Exports_EconomicActivity,Percentage of exports of anti knock preparations oxidation and gum inhibitors
Exports_EconomicActivity_Antibiotics,Exports of antibiotics
Exports_EconomicActivity_Antibiotics_AsAFractionOf_Exports_EconomicActivity,Percentage of exports of antibiotics
Exports_EconomicActivity_AntimonyArticlesThereofIncludingWasteAndScrap,Exports of antimony articles thereof including waste and scrap
Exports_EconomicActivity_AntimonyArticlesThereofIncludingWasteAndScrap_AsAFractionOf_Exports_EconomicActivity,Percentage of exports of antimony articles thereof including waste and scrap
Exports_EconomicActivity_AntiquesOfAnAgeExceedingOneHundredYears,Exports of antiques of an age exceeding one hundred
Exports_EconomicActivity_AntiquesOfAnAgeExceedingOneHundredYears_AsAFractionOf_Exports_EconomicActivity,Percentage of exports of antiques of an age exceeding one hundred
Exports_EconomicActivity_ApparatusBasedOnTheUseOfXRaysOrOfAlphaBetaGammaOr,Exports of apparatus based on the use of xrays
Exports_EconomicActivity_ApparatusBasedOnTheUseOfXRaysOrOfAlphaBetaGammaOr_AsAFractionOf_Exports_EconomicActivity,Percentage of exports of apparatus based on the use of xrays
Exports_EconomicActivity_ApparelAndClothingAccessoriesKnittedOrCrocheted,Exports of apparel and clothing accessories knitted or crocheted
Exports_EconomicActivity_ApparelAndClothingAccessoriesKnittedOrCrocheted_AsAFractionOf_Exports_EconomicActivity,Percentage of exports of apparel and clothing accessories knitted or crocheted
Exports_EconomicActivity_ApparelAndClothingAccessoriesNotKnittedOrCrocheted,Exports of apparel and clothing accessories not knitted or
Exports_EconomicActivity_ApparelAndClothingAccessoriesNotKnittedOrCrocheted_AsAFractionOf_Exports_EconomicActivity,Percentage of exports of apparel and clothing accessories not knitted or
Exports_EconomicActivity_ApplesPearsAndQuincesFresh,Exports of apples pears and quinces fresh
Exports_EconomicActivity_ApplesPearsAndQuincesFresh_AsAFractionOf_Exports_EconomicActivity,Percentage of exports of apples pears and quinces fresh
Exports_EconomicActivity_ApricotsCherriesPeachesIncludingNectarinesPlumsAnd,Exports of apricots cherries peaches including nectarines plums and
Exports_EconomicActivity_ApricotsCherriesPeachesIncludingNectarinesPlumsAnd_AsAFractionOf_Exports_EconomicActivity,Percentage of exports of apricots cherries peaches including nectarines plums and
Exports_EconomicActivity_AquaticInvertebratesOtherThanCrustaceansAnd,Exports of aquatic invertebrates other than crustaceans and
Exports_EconomicActivity_AquaticInvertebratesOtherThanCrustaceansAnd_AsAFractionOf_Exports_EconomicActivity,Percentage of exports of aquatic invertebrates other than crustaceans and
Exports_EconomicActivity_ArmsAndAmmunitionPartsAndAccessoriesThereof,Exports of arms and ammunition parts and accessories thereof
Exports_EconomicActivity_ArmsAndAmmunitionPartsAndAccessoriesThereof_AsAFractionOf_Exports_EconomicActivity,Percentage of exports of arms and ammunition parts and accessories thereof
Exports_EconomicActivity_ArmsSwordsCutlassesBayonetsLancesAndTheLikePar9307,Exports of arms swords cutlasses bayonets lances and the
Exports_EconomicActivity_ArmsSwordsCutlassesBayonetsLancesAndTheLikePar9307_AsAFractionOf_Exports_EconomicActivity,Percentage of exports of arms swords cutlasses bayonets lances and the
Exports_EconomicActivity_ArticlesOfApparelAndClothingAccessoriesIncluding,Exports of articles of apparel and clothing accessories including
Exports_EconomicActivity_ArticlesOfApparelAndClothingAccessoriesIncluding_AsAFractionOf_Exports_EconomicActivity,Percentage of exports of articles of apparel and clothing accessories including
Exports_EconomicActivity_ArticlesOfApparelAndClothingAccessoriesOfLeatherOr,Exports of articles of apparel and clothing accessories of
Exports_EconomicActivity_ArticlesOfApparelAndClothingAccessoriesOfLeatherOr_AsAFractionOf_Exports_EconomicActivity,Percentage of exports of articles of apparel and clothing accessories of
Exports_EconomicActivity_ArticlesOfApparelClothingAccessoriesAndOther,Exports of articles of apparel clothing accessories and other
Exports_EconomicActivity_ArticlesOfApparelClothingAccessoriesAndOther_AsAFractionOf_Exports_EconomicActivity,Percentage of exports of articles of apparel clothing accessories and other
Exports_EconomicActivity_ArticlesOfGoldsmithsOrSilversmithsWaresAndParts,Exports of articles of goldsmiths or silversmiths wares and
Exports_EconomicActivity_ArticlesOfGoldsmithsOrSilversmithsWaresAndParts_AsAFractionOf_Exports_EconomicActivity,Percentage of exports of articles of goldsmiths or silversmiths wares and
Exports_EconomicActivity_ArticlesOfGutOtherThanSilkWormGutOfGoldbeaters4206,Exports of articles of gut other than silk worm
Exports_EconomicActivity_ArticlesOfGutOtherThanSilkWormGutOfGoldbeaters4206_AsAFractionOf_Exports_EconomicActivity,Percentage of exports of articles of gut other than silk worm
Exports_EconomicActivity_ArticlesOfLeatherSaddleryAndHarnessTravelGoods,Exports of articles of leather saddlery and harness travel
Exports_EconomicActivity_ArticlesOfLeatherSaddleryAndHarnessTravelGoods_AsAFractionOf_Exports_EconomicActivity,Percentage of exports of articles of leather saddlery and harness travel
Exports_EconomicActivity_ArticlesOfNaturalOrCulturedPearlsPreciousOrSemi,Exports of articles of natural or cultured pearls precious
Exports_EconomicActivity_ArticlesOfNaturalOrCulturedPearlsPreciousOrSemi_AsAFractionOf_Exports_EconomicActivity,Percentage of exports of articles of natural or cultured pearls precious
Exports_EconomicActivity_ArticlesOfPlasticsAndArticlesOfOtherMaterialsOf,Exports of articles of plastics and articles of other
Exports_EconomicActivity_ArticlesOfPlasticsAndArticlesOfOtherMaterialsOf_AsAFractionOf_Exports_EconomicActivity,Percentage of exports of articles of plastics and articles of other
Exports_EconomicActivity_ArticlesOfPreciousMetalOrOfMetalCladWithPrecious,Exports of articles of precious metal or of metal
Exports_EconomicActivity_ArticlesOfPreciousMetalOrOfMetalCladWithPrecious_AsAFractionOf_Exports_EconomicActivity,Percentage of exports of articles of precious metal or of metal
Exports_EconomicActivity_ArticlesOfVulcanisedRubberOtherThanHardRubberNECIn,Exports of articles of vulcanised rubber other than hard
Exports_EconomicActivity_ArticlesOfVulcanisedRubberOtherThanHardRubberNECIn_AsAFractionOf_Exports_EconomicActivity,Percentage of exports of articles of vulcanised rubber other than hard
Exports_EconomicActivity_ArticlesOfYarnStripOrTheLikeOfHeadingNo5404Or5405,Exports of articles of yarn strip or the like
Exports_EconomicActivity_ArticlesOfYarnStripOrTheLikeOfHeadingNo5404Or5405_AsAFractionOf_Exports_EconomicActivity,Percentage of exports of articles of yarn strip or the like
Exports_EconomicActivity_ArtificialFilamentTow,Exports of artificial filament tow
Exports_EconomicActivity_ArtificialFilamentTow_AsAFractionOf_Exports_EconomicActivity,Percentage of exports of artificial filament tow
Exports_EconomicActivity_ArtificialFilamentYarnOtherThanSewingThreadNotPut,Exports of artificial filament yarn other than sewing thread
Exports_EconomicActivity_ArtificialFilamentYarnOtherThanSewingThreadNotPut_AsAFractionOf_Exports_EconomicActivity,Percentage of exports of artificial filament yarn other than sewing thread
Exports_EconomicActivity_ArtificialFurAndArticlesThereof,Exports of artificial fur and articles thereof
Exports_EconomicActivity_ArtificialFurAndArticlesThereof_AsAFractionOf_Exports_EconomicActivity,Percentage of exports of artificial fur and articles thereof
Exports_EconomicActivity_ArtificialGraphiteColloidalOrSemiColloidalGraphite,Exports of artificial graphite colloidal or semi colloidal graphite
Exports_EconomicActivity_ArtificialGraphiteColloidalOrSemiColloidalGraphite_AsAFractionOf_Exports_EconomicActivity,Percentage of exports of artificial graphite colloidal or semi colloidal graphite
Exports_EconomicActivity_ArtificialMonofilamentOf67DecitexOrMoreNoCross,Exports of artificial monofilament of67decitex or more no cross
Exports_EconomicActivity_ArtificialMonofilamentOf67DecitexOrMoreNoCross_AsAFractionOf_Exports_EconomicActivity,Percentage of exports of artificial monofilament of67decitex or more no cross
Exports_EconomicActivity_ArtificialStapleFibresCardedCombedOrOtherwise,Exports of artificial staple fibres carded combed or otherwise
Exports_EconomicActivity_ArtificialStapleFibresCardedCombedOrOtherwise_AsAFractionOf_Exports_EconomicActivity,Percentage of exports of artificial staple fibres carded combed or otherwise
Exports_EconomicActivity_ArtificialStapleFibresNotCardedCombedOrOtherwise,Exports of artificial staple fibres not carded combed or
Exports_EconomicActivity_ArtificialStapleFibresNotCardedCombedOrOtherwise_AsAFractionOf_Exports_EconomicActivity,Percentage of exports of artificial staple fibres not carded combed or
Exports_EconomicActivity_Asbestos,Exports of asbestos
Exports_EconomicActivity_AsbestosCementOfCelluloseFibreCementOrTheLike,Exports of asbestos cement of cellulose fibre cement or
Exports_EconomicActivity_AsbestosCementOfCelluloseFibreCementOrTheLike_AsAFractionOf_Exports_EconomicActivity,Percentage of exports of asbestos cement of cellulose fibre cement or
Exports_EconomicActivity_Asbestos_AsAFractionOf_Exports_EconomicActivity,Percentage of exports of asbestos
Exports_EconomicActivity_AsphaltOrSimilarMaterialArticlesEGPetroleumBit6807,Exports of asphalt or similar material articles egpetroleum bit
Exports_EconomicActivity_AsphaltOrSimilarMaterialArticlesEGPetroleumBit6807_AsAFractionOf_Exports_EconomicActivity,Percentage of exports of asphalt or similar material articles egpetroleum bit
Exports_EconomicActivity_AutomaticDataProcessingMachinesAndUnitsThereof,Exports of automatic data processing machines and units thereof
Exports_EconomicActivity_AutomaticDataProcessingMachinesAndUnitsThereof_AsAFractionOf_Exports_EconomicActivity,Percentage of exports of automatic data processing machines and units thereof
Exports_EconomicActivity_AutomaticGoodsVendingMachinesEGPostageStamp,Exports of automatic goods vending machines egpostage stamp
Exports_EconomicActivity_AutomaticGoodsVendingMachinesEGPostageStamp_AsAFractionOf_Exports_EconomicActivity,Percentage of exports of automatic goods vending machines egpostage stamp
Exports_EconomicActivity_AuxiliaryPlantForUseWithBoilersOfHeadingNo8402Or,Exports of auxiliary plant for use with boilers of
Exports_EconomicActivity_AuxiliaryPlantForUseWithBoilersOfHeadingNo8402Or_AsAFractionOf_Exports_EconomicActivity,Percentage of exports of auxiliary plant for use with boilers of
Exports_EconomicActivity_BabyCarriagesAndPartsThereof8715,Exports of baby carriages and parts thereof
Exports_EconomicActivity_BabyCarriagesAndPartsThereof8715_AsAFractionOf_Exports_EconomicActivity,Percentage of exports of baby carriages and parts thereof
Exports_EconomicActivity_BalancesOfASensitivityOf5cgOrBetterWithOrWitho9016,Exports of balances of asensitivity of5cg or better with
Exports_EconomicActivity_BalancesOfASensitivityOf5cgOrBetterWithOrWitho9016_AsAFractionOf_Exports_EconomicActivity,Percentage of exports of balances of asensitivity of5cg or better with
Exports_EconomicActivity_BallOrRollerBearings,Exports of ball or roller bearings
Exports_EconomicActivity_BallOrRollerBearings_AsAFractionOf_Exports_EconomicActivity,Percentage of exports of ball or roller bearings
Exports_EconomicActivity_BalloonsAndDirigiblesGlidersHangGlidersAndOthe8801,Exports of balloons and dirigibles gliders hang gliders and
Exports_EconomicActivity_BalloonsAndDirigiblesGlidersHangGlidersAndOthe8801_AsAFractionOf_Exports_EconomicActivity,Percentage of exports of balloons and dirigibles gliders hang gliders and
Exports_EconomicActivity_BananasIncludingPlantainsFreshOrDried,Exports of bananas including plantains fresh or dried
Exports_EconomicActivity_BananasIncludingPlantainsFreshOrDried_AsAFractionOf_Exports_EconomicActivity,Percentage of exports of bananas including plantains fresh or dried
Exports_EconomicActivity_BarbedWireOfIronOrSteelTwistedHoopOrSingleFlatWire,Exports of barbed wire of iron or steel twisted
Exports_EconomicActivity_BarbedWireOfIronOrSteelTwistedHoopOrSingleFlatWire_AsAFractionOf_Exports_EconomicActivity,Percentage of exports of barbed wire of iron or steel twisted
Exports_EconomicActivity_Barley,Exports of barley
Exports_EconomicActivity_Barley_AsAFractionOf_Exports_EconomicActivity,Percentage of exports of barley
Exports_EconomicActivity_BaseMetalMountingsFittingsAndSimilarArticlesFor,Exports of base metal mountings fittings and similar articles
Exports_EconomicActivity_BaseMetalMountingsFittingsAndSimilarArticlesFor_AsAFractionOf_Exports_EconomicActivity,Percentage of exports of base metal mountings fittings and similar articles
Exports_EconomicActivity_BaseMetalsCladWithSilverNotFurtherWorkedThanSe7107,Exports of base metals clad with silver not further
Exports_EconomicActivity_BaseMetalsCladWithSilverNotFurtherWorkedThanSe7107_AsAFractionOf_Exports_EconomicActivity,Percentage of exports of base metals clad with silver not further
Exports_EconomicActivity_BaseMetalsOrSilverCladWithGoldNotFurtherWorked7109,Exports of base metals or silver clad with gold
Exports_EconomicActivity_BaseMetalsOrSilverCladWithGoldNotFurtherWorked7109_AsAFractionOf_Exports_EconomicActivity,Percentage of exports of base metals or silver clad with gold
Exports_EconomicActivity_BaseMetalsSilverOrGoldCladWithPlatinumNotFurth7111,Exports of base metals silver or gold clad with
Exports_EconomicActivity_BaseMetalsSilverOrGoldCladWithPlatinumNotFurth7111_AsAFractionOf_Exports_EconomicActivity,Percentage of exports of base metals silver or gold clad with
Exports_EconomicActivity_BasketworkWickerworkAndOtherArticlesMadeDirectlyTo,Exports of basketwork wickerwork and other articles made directly
Exports_EconomicActivity_BasketworkWickerworkAndOtherArticlesMadeDirectlyTo_AsAFractionOf_Exports_EconomicActivity,Percentage of exports of basketwork wickerwork and other articles made directly
Exports_EconomicActivity_BedLinenTableLinenToiletLinenAndKitchenLinen,Exports of bed linen table linen toilet linen and
Exports_EconomicActivity_BedLinenTableLinenToiletLinenAndKitchenLinen_AsAFractionOf_Exports_EconomicActivity,Percentage of exports of bed linen table linen toilet linen and
Exports_EconomicActivity_BeerMadeFromMalt2203,Exports of beer made from malt
Exports_EconomicActivity_BeerMadeFromMalt2203_AsAFractionOf_Exports_EconomicActivity,Percentage of exports of beer made from malt
Exports_EconomicActivity_BellsGongsAndTheLikeNonElectricStatuettesOther,Exports of bells gongs and the like non electric
Exports_EconomicActivity_BellsGongsAndTheLikeNonElectricStatuettesOther_AsAFractionOf_Exports_EconomicActivity,Percentage of exports of bells gongs and the like non electric
Exports_EconomicActivity_BerylliumChromiumHafniumRheniumThalliumCadmium,Exports of beryllium chromium hafnium rhenium thallium cadmium
Exports_EconomicActivity_BerylliumChromiumHafniumRheniumThalliumCadmium_AsAFractionOf_Exports_EconomicActivity,Percentage of exports of beryllium chromium hafnium rhenium thallium cadmium
Exports_EconomicActivity_BeveragesSpiritsAndVinegar,Exports of beverages spirits and vinegar
Exports_EconomicActivity_BeveragesSpiritsAndVinegar_AsAFractionOf_Exports_EconomicActivity,Percentage of exports of beverages spirits and vinegar
Exports_EconomicActivity_BicyclesAndOtherCyclesIncludingDeliveryTricycl8712,Exports of bicycles and other cycles including delivery tricycl
Exports_EconomicActivity_BicyclesAndOtherCyclesIncludingDeliveryTricycl8712_AsAFractionOf_Exports_EconomicActivity,Percentage of exports of bicycles and other cycles including delivery tricycl
Exports_EconomicActivity_BinocularsMonocularsOtherOpticalTelescopes9005,Exports of binoculars monoculars other optical telescopes
Exports_EconomicActivity_BinocularsMonocularsOtherOpticalTelescopes9005_AsAFractionOf_Exports_EconomicActivity,Percentage of exports of binoculars monoculars other optical telescopes
Exports_EconomicActivity_BiodieselAndMixturesThereofNotContainingOr3826,Exports of biodiesel and mixtures thereof not containing or
Exports_EconomicActivity_BiodieselAndMixturesThereofNotContainingOr3826_AsAFractionOf_Exports_EconomicActivity,Percentage of exports of biodiesel and mixtures thereof not containing or
Exports_EconomicActivity_BirdsEggsInShellFreshPreservedOrCooked,Exports of birds eggs in shell fresh preserved or
Exports_EconomicActivity_BirdsEggsInShellFreshPreservedOrCooked_AsAFractionOf_Exports_EconomicActivity,Percentage of exports of birds eggs in shell fresh preserved or
Exports_EconomicActivity_BirdsEggsNotInShellEggYolksFreshDriedCookedBy,Exports of birds eggs not in shell egg yolks
Exports_EconomicActivity_BirdsEggsNotInShellEggYolksFreshDriedCookedBy_AsAFractionOf_Exports_EconomicActivity,Percentage of exports of birds eggs not in shell egg yolks
Exports_EconomicActivity_BismuthArticlesThereofIncludingWasteAndScrap8106,Exports of bismuth articles thereof including waste and scrap
Exports_EconomicActivity_BismuthArticlesThereofIncludingWasteAndScrap8106_AsAFractionOf_Exports_EconomicActivity,Percentage of exports of bismuth articles thereof including waste and scrap
Exports_EconomicActivity_BitumenAndAsphaltNaturalBituminousOrOilShaleAndTar,Exports of bitumen and asphalt natural bituminous or oil
Exports_EconomicActivity_BitumenAndAsphaltNaturalBituminousOrOilShaleAndTar_AsAFractionOf_Exports_EconomicActivity,Percentage of exports of bitumen and asphalt natural bituminous or oil
Exports_EconomicActivity_BituminousMixturesBasedOnNaturalAsphaltOnNatur2715,Exports of bituminous mixtures based on natural asphalt on
Exports_EconomicActivity_BituminousMixturesBasedOnNaturalAsphaltOnNatur2715_AsAFractionOf_Exports_EconomicActivity,Percentage of exports of bituminous mixtures based on natural asphalt on
Exports_EconomicActivity_BlanketsAndTravellingRugs,Exports of blankets and travelling rugs
Exports_EconomicActivity_BlanketsAndTravellingRugs_AsAFractionOf_Exports_EconomicActivity,Percentage of exports of blankets and travelling rugs
Exports_EconomicActivity_BlousesShirtsAndShirtBlousesWomensOrGirlsKnittedOr,Exports of blouses shirts and shirt blouses womens or
Exports_EconomicActivity_BlousesShirtsAndShirtBlousesWomensOrGirlsKnittedOr_AsAFractionOf_Exports_EconomicActivity,Percentage of exports of blouses shirts and shirt blouses womens or
Exports_EconomicActivity_BlousesShirtsAndShirtBlousesWomensOrGirlsNot,Exports of blouses shirts and shirt blouses womens or
Exports_EconomicActivity_BlousesShirtsAndShirtBlousesWomensOrGirlsNot_AsAFractionOf_Exports_EconomicActivity,Percentage of exports of blouses shirts and shirt blouses womens or
Exports_EconomicActivity_BoardsPanelsConsolesDesksCabinetsBasesWith,Exports of boards panels consoles desks cabinets bases with
Exports_EconomicActivity_BoardsPanelsConsolesDesksCabinetsBasesWith_AsAFractionOf_Exports_EconomicActivity,Percentage of exports of boards panels consoles desks cabinets bases with
Exports_EconomicActivity_BoatsFloatingStructuresOtherForEGRaftsTanksCoffer,Exports of boats floating structures other for egrafts tanks
Exports_EconomicActivity_BoatsFloatingStructuresOtherForEGRaftsTanksCoffer_AsAFractionOf_Exports_EconomicActivity,Percentage of exports of boats floating structures other for egrafts tanks
Exports_EconomicActivity_BobbinsSpoolsCopsAndSimilarSupportsOfPaperPulp,Exports of bobbins spools cops and similar supports of
Exports_EconomicActivity_BobbinsSpoolsCopsAndSimilarSupportsOfPaperPulp_AsAFractionOf_Exports_EconomicActivity,Percentage of exports of bobbins spools cops and similar supports of
Exports_EconomicActivity_BodiesIncludingCabsForTheMotorVehiclesOfHeadingNo,Exports of bodies including cabs for the motor vehicles
Exports_EconomicActivity_BodiesIncludingCabsForTheMotorVehiclesOfHeadingNo_AsAFractionOf_Exports_EconomicActivity,Percentage of exports of bodies including cabs for the motor vehicles
Exports_EconomicActivity_BoilersSteamOrOtherVapourGeneratingOtherThan,Exports of boilers steam or other vapour generating other
Exports_EconomicActivity_BoilersSteamOrOtherVapourGeneratingOtherThan_AsAFractionOf_Exports_EconomicActivity,Percentage of exports of boilers steam or other vapour generating other
Exports_EconomicActivity_BombsGrenadesTorpedoesMinesMissilesAndSimilar,Exports of bombs grenades torpedoes mines missiles and similar
Exports_EconomicActivity_BombsGrenadesTorpedoesMinesMissilesAndSimilar_AsAFractionOf_Exports_EconomicActivity,Percentage of exports of bombs grenades torpedoes mines missiles and similar
Exports_EconomicActivity_BonesAndHornCoresUnworkedDefattedSimplyPreparedBut,Exports of bones and horn cores unworked defatted simply
Exports_EconomicActivity_BonesAndHornCoresUnworkedDefattedSimplyPreparedBut_AsAFractionOf_Exports_EconomicActivity,Percentage of exports of bones and horn cores unworked defatted simply
Exports_EconomicActivity_BookBindingMachineryIncludingBookSewingMachine8440,Exports of book binding machinery including book sewing machine
Exports_EconomicActivity_BookBindingMachineryIncludingBookSewingMachine8440_AsAFractionOf_Exports_EconomicActivity,Percentage of exports of book binding machinery including book sewing machine
Exports_EconomicActivity_BoratesPeroxoboratesPerborates,Exports of borates peroxoborates perborates
Exports_EconomicActivity_BoratesPeroxoboratesPerborates_AsAFractionOf_Exports_EconomicActivity,Percentage of exports of borates peroxoborates perborates
Exports_EconomicActivity_BovineAnimalsLive,Exports of bovine animals live
Exports_EconomicActivity_BovineAnimalsLive_AsAFractionOf_Exports_EconomicActivity,Percentage of exports of bovine animals live
Exports_EconomicActivity_BraidsInThePieceOrnamentalTrimmingsInThePiece,Exports of braids in the piece ornamental trimmings in
Exports_EconomicActivity_BraidsInThePieceOrnamentalTrimmingsInThePiece_AsAFractionOf_Exports_EconomicActivity,Percentage of exports of braids in the piece ornamental trimmings in
Exports_EconomicActivity_BranSharpsAndOtherResiduesWhetherOrNotInTheFormOf,Exports of bran sharps and other residues whether or
Exports_EconomicActivity_BranSharpsAndOtherResiduesWhetherOrNotInTheFormOf_AsAFractionOf_Exports_EconomicActivity,Percentage of exports of bran sharps and other residues whether or
Exports_EconomicActivity_BrassieresGirdlesCorsetsBracesSuspendersGartersAnd,Exports of brassieres girdles corsets braces suspenders garters and
Exports_EconomicActivity_BrassieresGirdlesCorsetsBracesSuspendersGartersAnd_AsAFractionOf_Exports_EconomicActivity,Percentage of exports of brassieres girdles corsets braces suspenders garters and
Exports_EconomicActivity_BreadPastryCakesBiscuitsOtherBakersWaresWhetherOr,Exports of bread pastry cakes biscuits other bakers wares
Exports_EconomicActivity_BreadPastryCakesBiscuitsOtherBakersWaresWhetherOr_AsAFractionOf_Exports_EconomicActivity,Percentage of exports of bread pastry cakes biscuits other bakers wares
Exports_EconomicActivity_BreathingAppliancesAndGasMasksExcludingProtect9020,Exports of breathing appliances and gas masks excluding protect
Exports_EconomicActivity_BreathingAppliancesAndGasMasksExcludingProtect9020_AsAFractionOf_Exports_EconomicActivity,Percentage of exports of breathing appliances and gas masks excluding protect
Exports_EconomicActivity_BricksBlocksTilesAndOtherCeramicGoodsOfSiliceo6901,Exports of bricks blocks tiles and other ceramic goods
Exports_EconomicActivity_BricksBlocksTilesAndOtherCeramicGoodsOfSiliceo6901_AsAFractionOf_Exports_EconomicActivity,Percentage of exports of bricks blocks tiles and other ceramic goods
Exports_EconomicActivity_BroomsBrushesIncludingPartsOfMachinesHandOperated,Exports of brooms brushes including parts of machines hand
Exports_EconomicActivity_BroomsBrushesIncludingPartsOfMachinesHandOperated_AsAFractionOf_Exports_EconomicActivity,Percentage of exports of brooms brushes including parts of machines hand
Exports_EconomicActivity_BuckwheatMilletAndCanarySeedsOtherCereals,Exports of buckwheat millet and canary seeds other cereals
Exports_EconomicActivity_BuckwheatMilletAndCanarySeedsOtherCereals_AsAFractionOf_Exports_EconomicActivity,Percentage of exports of buckwheat millet and canary seeds other cereals
Exports_EconomicActivity_BuildersJoineryAndCarpentryOfWoodIncludingCellular,Exports of builders joinery and carpentry of wood including
Exports_EconomicActivity_BuildersJoineryAndCarpentryOfWoodIncludingCellular_AsAFractionOf_Exports_EconomicActivity,Percentage of exports of builders joinery and carpentry of wood including
Exports_EconomicActivity_BuildingsPrefabricated,Exports of buildings prefabricated
Exports_EconomicActivity_BuildingsPrefabricated_AsAFractionOf_Exports_EconomicActivity,Percentage of exports of buildings prefabricated
Exports_EconomicActivity_BulbsTubersTuberousRootsCormsCrownsAndRhizomes,Exports of bulbs tubers tuberous roots corms crowns and
Exports_EconomicActivity_BulbsTubersTuberousRootsCormsCrownsAndRhizomes_AsAFractionOf_Exports_EconomicActivity,Percentage of exports of bulbs tubers tuberous roots corms crowns and
Exports_EconomicActivity_BulldozersGradersLevellersScrapersAngledozers,Exports of bulldozers graders levellers scrapers angledozers
Exports_EconomicActivity_BulldozersGradersLevellersScrapersAngledozers_AsAFractionOf_Exports_EconomicActivity,Percentage of exports of bulldozers graders levellers scrapers angledozers
Exports_EconomicActivity_ButterAndOtherFatsAndOilsDerivedFromMilkDairy,Exports of butter and other fats and oils derived
Exports_EconomicActivity_ButterAndOtherFatsAndOilsDerivedFromMilkDairy_AsAFractionOf_Exports_EconomicActivity,Percentage of exports of butter and other fats and oils derived
Exports_EconomicActivity_ButtonsPressFastenersSnapFastenersAndPressStuds,Exports of buttons press fasteners snap fasteners and press
Exports_EconomicActivity_ButtonsPressFastenersSnapFastenersAndPressStuds_AsAFractionOf_Exports_EconomicActivity,Percentage of exports of buttons press fasteners snap fasteners and press
Exports_EconomicActivity_CabbagesCauliflowersKohlrabiKaleAndSimilarEdible,Exports of cabbages cauliflowers kohlrabi kale and similar edible
Exports_EconomicActivity_CabbagesCauliflowersKohlrabiKaleAndSimilarEdible_AsAFractionOf_Exports_EconomicActivity,Percentage of exports of cabbages cauliflowers kohlrabi kale and similar edible
Exports_EconomicActivity_CadmiumAndArticlesThereofIncludingWasteAndScrap,Exports of cadmium and articles thereof including waste and
Exports_EconomicActivity_CadmiumAndArticlesThereofIncludingWasteAndScrap_AsAFractionOf_Exports_EconomicActivity,Percentage of exports of cadmium and articles thereof including waste and
Exports_EconomicActivity_CalculatingMachinesAndPocketSizeDataRecording,Exports of calculating machines and pocket size data recording
Exports_EconomicActivity_CalculatingMachinesAndPocketSizeDataRecording_AsAFractionOf_Exports_EconomicActivity,Percentage of exports of calculating machines and pocket size data recording
Exports_EconomicActivity_CalendarsOfAnyKindPrintedIncludingCalendarBlocks,Exports of calendars of any kind printed including calendar
Exports_EconomicActivity_CalendarsOfAnyKindPrintedIncludingCalendarBlocks_AsAFractionOf_Exports_EconomicActivity,Percentage of exports of calendars of any kind printed including calendar
Exports_EconomicActivity_CamerasPhotographicExcludingCinematographic9006,Exports of cameras photographic excluding cinematographic
Exports_EconomicActivity_CamerasPhotographicExcludingCinematographic9006_AsAFractionOf_Exports_EconomicActivity,Percentage of exports of cameras photographic excluding cinematographic
Exports_EconomicActivity_CandlesTapersAndTheLike3406,Exports of candles tapers and the like
Exports_EconomicActivity_CandlesTapersAndTheLike3406_AsAFractionOf_Exports_EconomicActivity,Percentage of exports of candles tapers and the like
Exports_EconomicActivity_CaneOrBeetSugarAndChemicallyPureSucroseInSolidForm,Exports of cane or beet sugar and chemically pure
Exports_EconomicActivity_CaneOrBeetSugarAndChemicallyPureSucroseInSolidForm_AsAFractionOf_Exports_EconomicActivity,Percentage of exports of cane or beet sugar and chemically pure
Exports_EconomicActivity_CarbidesWhetherOrNotChemicallyDefined,Exports of carbides whether or not chemically defined
Exports_EconomicActivity_CarbidesWhetherOrNotChemicallyDefined_AsAFractionOf_Exports_EconomicActivity,Percentage of exports of carbides whether or not chemically defined
Exports_EconomicActivity_CarbonCarbonBlacksAndOtherFormsOfCarbonNEC2803,Exports of carbon carbon blacks and other forms of
Exports_EconomicActivity_CarbonCarbonBlacksAndOtherFormsOfCarbonNEC2803_AsAFractionOf_Exports_EconomicActivity,Percentage of exports of carbon carbon blacks and other forms of
Exports_EconomicActivity_CarbonElectrodesCarbonBrushesLampCarbonsBattery,Exports of carbon electrodes carbon brushes lamp carbons battery
Exports_EconomicActivity_CarbonElectrodesCarbonBrushesLampCarbonsBattery_AsAFractionOf_Exports_EconomicActivity,Percentage of exports of carbon electrodes carbon brushes lamp carbons battery
Exports_EconomicActivity_CarbonPaperSelfCopyPaperAndOtherCopyingOrTrans4809,Exports of carbon paper self copy paper and other
Exports_EconomicActivity_CarbonPaperSelfCopyPaperAndOtherCopyingOrTrans4809_AsAFractionOf_Exports_EconomicActivity,Percentage of exports of carbon paper self copy paper and other
Exports_EconomicActivity_CarbonPaperSelfCopyPaperAndOtherCopyingOrTrans4816,Exports of carbon paper self copy paper and other
Exports_EconomicActivity_CarbonPaperSelfCopyPaperAndOtherCopyingOrTrans4816_AsAFractionOf_Exports_EconomicActivity,Percentage of exports of carbon paper self copy paper and other
Exports_EconomicActivity_CarbonatesPeroxocarbonatesPercarbonatesCommercial,Exports of carbonates peroxocarbonates percarbonates commercial
Exports_EconomicActivity_CarbonatesPeroxocarbonatesPercarbonatesCommercial_AsAFractionOf_Exports_EconomicActivity,Percentage of exports of carbonates peroxocarbonates percarbonates commercial
Exports_EconomicActivity_CarboxyamideFunctionCompoundsAmideFunction,Exports of carboxyamide function compounds amide function
Exports_EconomicActivity_CarboxyamideFunctionCompoundsAmideFunction_AsAFractionOf_Exports_EconomicActivity,Percentage of exports of carboxyamide function compounds amide function
Exports_EconomicActivity_CarboxyimideFunctionCompoundsIncludingSaccharinAnd,Exports of carboxyimide function compounds including saccharin and
Exports_EconomicActivity_CarboxyimideFunctionCompoundsIncludingSaccharinAnd_AsAFractionOf_Exports_EconomicActivity,Percentage of exports of carboxyimide function compounds including saccharin and
Exports_EconomicActivity_CarboysBottlesFlasksJarsPotsPhialsAmpoules,Exports of carboys bottles flasks jars pots phials ampoules
Exports_EconomicActivity_CarboysBottlesFlasksJarsPotsPhialsAmpoules_AsAFractionOf_Exports_EconomicActivity,Percentage of exports of carboys bottles flasks jars pots phials ampoules
Exports_EconomicActivity_CarpetsAndOtherTextileFloorCoverings,Exports of carpets and other textile floor coverings
Exports_EconomicActivity_CarpetsAndOtherTextileFloorCoveringsIncludingT5703,Exports of carpets and other textile floor coverings including
Exports_EconomicActivity_CarpetsAndOtherTextileFloorCoveringsIncludingT5703_AsAFractionOf_Exports_EconomicActivity,Percentage of exports of carpets and other textile floor coverings including
Exports_EconomicActivity_CarpetsAndOtherTextileFloorCoveringsKnottedWhether,Exports of carpets and other textile floor coverings knotted
Exports_EconomicActivity_CarpetsAndOtherTextileFloorCoveringsKnottedWhether_AsAFractionOf_Exports_EconomicActivity,Percentage of exports of carpets and other textile floor coverings knotted
Exports_EconomicActivity_CarpetsAndOtherTextileFloorCoveringsNECInChapt5705,Exports of carpets and other textile floor coverings necin
Exports_EconomicActivity_CarpetsAndOtherTextileFloorCoveringsNECInChapt5705_AsAFractionOf_Exports_EconomicActivity,Percentage of exports of carpets and other textile floor coverings necin
Exports_EconomicActivity_CarpetsAndOtherTextileFloorCoveringsOfFeltNot5704,Exports of carpets and other textile floor coverings of
Exports_EconomicActivity_CarpetsAndOtherTextileFloorCoveringsOfFeltNot5704_AsAFractionOf_Exports_EconomicActivity,Percentage of exports of carpets and other textile floor coverings of
Exports_EconomicActivity_CarpetsAndOtherTextileFloorCoveringsWovenNotTu5702,Exports of carpets and other textile floor coverings woven
Exports_EconomicActivity_CarpetsAndOtherTextileFloorCoveringsWovenNotTu5702_AsAFractionOf_Exports_EconomicActivity,Percentage of exports of carpets and other textile floor coverings woven
Exports_EconomicActivity_CarpetsAndOtherTextileFloorCoverings_AsAFractionOf_Exports_EconomicActivity,Percentage of exports of carpets and other textile floor coverings
Exports_EconomicActivity_CarriagesForDisabledPersonsWhetherOrNotMotorisedOr,Exports of carriages for disabled persons whether or not
Exports_EconomicActivity_CarriagesForDisabledPersonsWhetherOrNotMotorisedOr_AsAFractionOf_Exports_EconomicActivity,Percentage of exports of carriages for disabled persons whether or not
Exports_EconomicActivity_CarrotsTurnipsSaladBeetrootSalsifyCeleriacRadishes,Exports of carrots turnips salad beetroot salsify celeriac radishes
Exports_EconomicActivity_CarrotsTurnipsSaladBeetrootSalsifyCeleriacRadishes_AsAFractionOf_Exports_EconomicActivity,Percentage of exports of carrots turnips salad beetroot salsify celeriac radishes
Exports_EconomicActivity_CartonsBoxesCasesBagsAndTheLikeOfPaperPaperboard,Exports of cartons boxes cases bags and the like
Exports_EconomicActivity_CartonsBoxesCasesBagsAndTheLikeOfPaperPaperboard_AsAFractionOf_Exports_EconomicActivity,Percentage of exports of cartons boxes cases bags and the like
Exports_EconomicActivity_CaseinCaseinatesAndOtherCaseinDerivativesCasein,Exports of casein caseinates and other casein derivatives casein
Exports_EconomicActivity_CaseinCaseinatesAndOtherCaseinDerivativesCasein_AsAFractionOf_Exports_EconomicActivity,Percentage of exports of casein caseinates and other casein derivatives casein
Exports_EconomicActivity_CasksBarrelsVatsTubsAndOtherCoopersProductsAnd,Exports of casks barrels vats tubs and other coopers
Exports_EconomicActivity_CasksBarrelsVatsTubsAndOtherCoopersProductsAnd_AsAFractionOf_Exports_EconomicActivity,Percentage of exports of casks barrels vats tubs and other coopers
Exports_EconomicActivity_CellsAndBatteriesPrimary,Exports of cells and batteries primary
Exports_EconomicActivity_CellsAndBatteriesPrimary_AsAFractionOf_Exports_EconomicActivity,Percentage of exports of cells and batteries primary
Exports_EconomicActivity_CelluloseAndItsChemicalDerivativesNECOrIncludedIn,Exports of cellulose and its chemical derivatives necor included
Exports_EconomicActivity_CelluloseAndItsChemicalDerivativesNECOrIncludedIn_AsAFractionOf_Exports_EconomicActivity,Percentage of exports of cellulose and its chemical derivatives necor included
Exports_EconomicActivity_CementConcreteOrArtificialStoneWhetherOrNot,Exports of cement concrete or artificial stone whether or
Exports_EconomicActivity_CementConcreteOrArtificialStoneWhetherOrNot_AsAFractionOf_Exports_EconomicActivity,Percentage of exports of cement concrete or artificial stone whether or
Exports_EconomicActivity_CentralHeatingBoilersExcludingThoseOfHeadingNo8402,Exports of central heating boilers excluding those of heading
Exports_EconomicActivity_CentralHeatingBoilersExcludingThoseOfHeadingNo8402_AsAFractionOf_Exports_EconomicActivity,Percentage of exports of central heating boilers excluding those of heading
Exports_EconomicActivity_CentrifugesIncludingCentrifugalDryersFilteringOr,Exports of centrifuges including centrifugal dryers filtering or
Exports_EconomicActivity_CentrifugesIncludingCentrifugalDryersFilteringOr_AsAFractionOf_Exports_EconomicActivity,Percentage of exports of centrifuges including centrifugal dryers filtering or
Exports_EconomicActivity_CeramicArticlesNECInChapter69,Exports of ceramic articles necin chapter
Exports_EconomicActivity_CeramicArticlesNECInChapter69_AsAFractionOf_Exports_EconomicActivity,Percentage of exports of ceramic articles necin chapter
Exports_EconomicActivity_CeramicBuildingBricksFloorBlocksSupportOrFiller,Exports of ceramic building bricks floor blocks support or
Exports_EconomicActivity_CeramicBuildingBricksFloorBlocksSupportOrFiller_AsAFractionOf_Exports_EconomicActivity,Percentage of exports of ceramic building bricks floor blocks support or
Exports_EconomicActivity_CeramicFlagsAndPavingHearthOrWallTilesCeramic,Exports of ceramic flags and paving hearth or wall
Exports_EconomicActivity_CeramicFlagsAndPavingHearthOrWallTilesCeramic_AsAFractionOf_Exports_EconomicActivity,Percentage of exports of ceramic flags and paving hearth or wall
Exports_EconomicActivity_CeramicGoodsEGRetortsCruciblesMufflesNozzlesPlugs,Exports of ceramic goods egretorts crucibles muffles nozzles plugs
Exports_EconomicActivity_CeramicGoodsEGRetortsCruciblesMufflesNozzlesPlugs_AsAFractionOf_Exports_EconomicActivity,Percentage of exports of ceramic goods egretorts crucibles muffles nozzles plugs
Exports_EconomicActivity_CeramicPipesConduitsGutteringAndPipeFittings6906,Exports of ceramic pipes conduits guttering and pipe fittings
Exports_EconomicActivity_CeramicPipesConduitsGutteringAndPipeFittings6906_AsAFractionOf_Exports_EconomicActivity,Percentage of exports of ceramic pipes conduits guttering and pipe fittings
Exports_EconomicActivity_CeramicProducts,Exports of ceramic products
Exports_EconomicActivity_CeramicProducts_AsAFractionOf_Exports_EconomicActivity,Percentage of exports of ceramic products
Exports_EconomicActivity_CeramicSinksWashBasinsWashBasinPedestalsBaths6910,Exports of ceramic sinks wash basins wash basin pedestals
Exports_EconomicActivity_CeramicSinksWashBasinsWashBasinPedestalsBaths6910_AsAFractionOf_Exports_EconomicActivity,Percentage of exports of ceramic sinks wash basins wash basin pedestals
Exports_EconomicActivity_CeramicTablewareKitchenwareOtherHouseholdArtic6912,Exports of ceramic tableware kitchenware other household artic
Exports_EconomicActivity_CeramicTablewareKitchenwareOtherHouseholdArtic6912_AsAFractionOf_Exports_EconomicActivity,Percentage of exports of ceramic tableware kitchenware other household artic
Exports_EconomicActivity_CeramicWareForLaboratoryChemicalOtherTechnicalUses,Exports of ceramic ware for laboratory chemical other technical
Exports_EconomicActivity_CeramicWareForLaboratoryChemicalOtherTechnicalUses_AsAFractionOf_Exports_EconomicActivity,Percentage of exports of ceramic ware for laboratory chemical other technical
Exports_EconomicActivity_CerealFloursOtherThanOfWheatOrMeslin,Exports of cereal flours other than of wheat or
Exports_EconomicActivity_CerealFloursOtherThanOfWheatOrMeslin_AsAFractionOf_Exports_EconomicActivity,Percentage of exports of cereal flours other than of wheat or
Exports_EconomicActivity_CerealGrainsOtherwiseWorkedEGHulledRolledFlaked,Exports of cereal grains otherwise worked eghulled rolled flaked
Exports_EconomicActivity_CerealGrainsOtherwiseWorkedEGHulledRolledFlaked_AsAFractionOf_Exports_EconomicActivity,Percentage of exports of cereal grains otherwise worked eghulled rolled flaked
Exports_EconomicActivity_CerealGroatsMealAndPellets,Exports of cereal groats meal and pellets
Exports_EconomicActivity_CerealGroatsMealAndPellets_AsAFractionOf_Exports_EconomicActivity,Percentage of exports of cereal groats meal and pellets
Exports_EconomicActivity_CerealStrawAndHusksUnpreparedWhetherOrNotChopp1213,Exports of cereal straw and husks unprepared whether or
Exports_EconomicActivity_CerealStrawAndHusksUnpreparedWhetherOrNotChopp1213_AsAFractionOf_Exports_EconomicActivity,Percentage of exports of cereal straw and husks unprepared whether or
Exports_EconomicActivity_Cereals,Exports of cereals
Exports_EconomicActivity_Cereals_AsAFractionOf_Exports_EconomicActivity,Percentage of exports of cereals
Exports_EconomicActivity_CermetsArticlesThereofIncludingWasteAndScrap8113,Exports of cermets articles thereof including waste and scrap
Exports_EconomicActivity_CermetsArticlesThereofIncludingWasteAndScrap8113_AsAFractionOf_Exports_EconomicActivity,Percentage of exports of cermets articles thereof including waste and scrap
Exports_EconomicActivity_ChainAndPartsThereofOfIronOrSteel,Exports of chain and parts thereof of iron or
Exports_EconomicActivity_ChainAndPartsThereofOfIronOrSteel_AsAFractionOf_Exports_EconomicActivity,Percentage of exports of chain and parts thereof of iron or
Exports_EconomicActivity_Chalk2509,Exports of chalk
Exports_EconomicActivity_Chalk2509_AsAFractionOf_Exports_EconomicActivity,Percentage of exports of chalk
Exports_EconomicActivity_ChamoisIncludingCombinationChamoisLeatherPatent,Exports of chamois including combination chamois leather patent
Exports_EconomicActivity_ChamoisIncludingCombinationChamoisLeatherPatent_AsAFractionOf_Exports_EconomicActivity,Percentage of exports of chamois including combination chamois leather patent
Exports_EconomicActivity_ChassisFittedWithEnginesForTheMotorVehiclesOf8706,Exports of chassis fitted with engines for the motor
Exports_EconomicActivity_ChassisFittedWithEnginesForTheMotorVehiclesOf8706_AsAFractionOf_Exports_EconomicActivity,Percentage of exports of chassis fitted with engines for the motor
Exports_EconomicActivity_CheeseAndCurd,Exports of cheese and curd
Exports_EconomicActivity_CheeseAndCurd_AsAFractionOf_Exports_EconomicActivity,Percentage of exports of cheese and curd
Exports_EconomicActivity_ChemicalElementsDopedForUseInElectronicsInTheF3818,Exports of chemical elements doped for use in electronics
Exports_EconomicActivity_ChemicalElementsDopedForUseInElectronicsInTheF3818_AsAFractionOf_Exports_EconomicActivity,Percentage of exports of chemical elements doped for use in electronics
Exports_EconomicActivity_ChemicalPreparationsForPhotographicUsesOtherThan,Exports of chemical preparations for photographic uses other than
Exports_EconomicActivity_ChemicalPreparationsForPhotographicUsesOtherThan_AsAFractionOf_Exports_EconomicActivity,Percentage of exports of chemical preparations for photographic uses other than
Exports_EconomicActivity_ChemicalProductsNEC,Exports of chemical products nec
Exports_EconomicActivity_ChemicalProductsNEC_AsAFractionOf_Exports_EconomicActivity,Percentage of exports of chemical products nec
Exports_EconomicActivity_ChemicalWoodPulpDissolvingGrades4702,Exports of chemical wood pulp dissolving grades
Exports_EconomicActivity_ChemicalWoodPulpDissolvingGrades4702_AsAFractionOf_Exports_EconomicActivity,Percentage of exports of chemical wood pulp dissolving grades
Exports_EconomicActivity_ChemicalWoodPulpSodaOrSulphateOtherThanDissolving,Exports of chemical wood pulp soda or sulphate other
Exports_EconomicActivity_ChemicalWoodPulpSodaOrSulphateOtherThanDissolving_AsAFractionOf_Exports_EconomicActivity,Percentage of exports of chemical wood pulp soda or sulphate other
Exports_EconomicActivity_ChemicalWoodPulpSulphiteOtherThanDissolvingGrades,Exports of chemical wood pulp sulphite other than dissolving
Exports_EconomicActivity_ChemicalWoodPulpSulphiteOtherThanDissolvingGrades_AsAFractionOf_Exports_EconomicActivity,Percentage of exports of chemical wood pulp sulphite other than dissolving
Exports_EconomicActivity_ChildrensPictureDrawingOrColouringBooks,Exports of childrens picture drawing or colouring books
Exports_EconomicActivity_ChildrensPictureDrawingOrColouringBooks_AsAFractionOf_Exports_EconomicActivity,Percentage of exports of childrens picture drawing or colouring books
Exports_EconomicActivity_ChloratesAndPerchloratesBromatesAndPerbromates,Exports of chlorates and perchlorates bromates and perbromates
Exports_EconomicActivity_ChloratesAndPerchloratesBromatesAndPerbromates_AsAFractionOf_Exports_EconomicActivity,Percentage of exports of chlorates and perchlorates bromates and perbromates
Exports_EconomicActivity_ChloridesChlorideOxidesAndChlorideHydroxides,Exports of chlorides chloride oxides and chloride hydroxides
Exports_EconomicActivity_ChloridesChlorideOxidesAndChlorideHydroxides_AsAFractionOf_Exports_EconomicActivity,Percentage of exports of chlorides chloride oxides and chloride hydroxides
Exports_EconomicActivity_ChocolateAndOtherFoodPreparationsContainingCocoa,Exports of chocolate and other food preparations containing cocoa
Exports_EconomicActivity_ChocolateAndOtherFoodPreparationsContainingCocoa_AsAFractionOf_Exports_EconomicActivity,Percentage of exports of chocolate and other food preparations containing cocoa
Exports_EconomicActivity_ChromiumOresAndConcentrates2610,Exports of chromium ores and concentrates
Exports_EconomicActivity_ChromiumOresAndConcentrates2610_AsAFractionOf_Exports_EconomicActivity,Percentage of exports of chromium ores and concentrates
Exports_EconomicActivity_ChromiumOxidesAndHydroxides,Exports of chromium oxides and hydroxides
Exports_EconomicActivity_ChromiumOxidesAndHydroxides_AsAFractionOf_Exports_EconomicActivity,Percentage of exports of chromium oxides and hydroxides
Exports_EconomicActivity_CigaretteLightersAndOtherLightersWhetherOrNot,Exports of cigarette lighters and other lighters whether or
Exports_EconomicActivity_CigaretteLightersAndOtherLightersWhetherOrNot_AsAFractionOf_Exports_EconomicActivity,Percentage of exports of cigarette lighters and other lighters whether or
Exports_EconomicActivity_CigarettePaperWhetherOrNotCutToSizeOrInTheFormOf,Exports of cigarette paper whether or not cut to
Exports_EconomicActivity_CigarettePaperWhetherOrNotCutToSizeOrInTheFormOf_AsAFractionOf_Exports_EconomicActivity,Percentage of exports of cigarette paper whether or not cut to
Exports_EconomicActivity_CigarsCherootsCigarillosAndCigarettesOfTobaccoOrOf,Exports of cigars cheroots cigarillos and cigarettes of tobacco
Exports_EconomicActivity_CigarsCherootsCigarillosAndCigarettesOfTobaccoOrOf_AsAFractionOf_Exports_EconomicActivity,Percentage of exports of cigars cheroots cigarillos and cigarettes of tobacco
Exports_EconomicActivity_CinematographicCamerasAndProjectorsWhetherOrNot,Exports of cinematographic cameras and projectors whether or not
Exports_EconomicActivity_CinematographicCamerasAndProjectorsWhetherOrNot_AsAFractionOf_Exports_EconomicActivity,Percentage of exports of cinematographic cameras and projectors whether or not
Exports_EconomicActivity_CinematographicFilmExposedAndDevelopedWhetherO3706,Exports of cinematographic film exposed and developed whether o
Exports_EconomicActivity_CinematographicFilmExposedAndDevelopedWhetherO3706_AsAFractionOf_Exports_EconomicActivity,Percentage of exports of cinematographic film exposed and developed whether o
Exports_EconomicActivity_CinnamonAndCinnamonTreeFlowers,Exports of cinnamon and cinnamon tree flowers
Exports_EconomicActivity_CinnamonAndCinnamonTreeFlowers_AsAFractionOf_Exports_EconomicActivity,Percentage of exports of cinnamon and cinnamon tree flowers
Exports_EconomicActivity_CircuitsPrinted8534,Exports of circuits printed
Exports_EconomicActivity_CircuitsPrinted8534_AsAFractionOf_Exports_EconomicActivity,Percentage of exports of circuits printed
Exports_EconomicActivity_CitrusFruitFreshOrDried,Exports of citrus fruit fresh or dried
Exports_EconomicActivity_CitrusFruitFreshOrDried_AsAFractionOf_Exports_EconomicActivity,Percentage of exports of citrus fruit fresh or dried
Exports_EconomicActivity_ClaspsFramesWithClaspsBucklesBuckleClaspsHooksEyes,Exports of clasps frames with clasps buckles buckle clasps
Exports_EconomicActivity_ClaspsFramesWithClaspsBucklesBuckleClaspsHooksEyes_AsAFractionOf_Exports_EconomicActivity,Percentage of exports of clasps frames with clasps buckles buckle clasps
Exports_EconomicActivity_ClaysNotIncludingExpandedClaysOfHeadingNo6806,Exports of clays not including expanded clays of heading
Exports_EconomicActivity_ClaysNotIncludingExpandedClaysOfHeadingNo6806_AsAFractionOf_Exports_EconomicActivity,Percentage of exports of clays not including expanded clays of heading
Exports_EconomicActivity_ClockCasesAndCasesOfASimilarTypeForOtherGoodsOf,Exports of clock cases and cases of asimilar type
Exports_EconomicActivity_ClockCasesAndCasesOfASimilarTypeForOtherGoodsOf_AsAFractionOf_Exports_EconomicActivity,Percentage of exports of clock cases and cases of asimilar type
Exports_EconomicActivity_ClockMovementsCompleteAndAssembled,Exports of clock movements complete and assembled
Exports_EconomicActivity_ClockMovementsCompleteAndAssembled_AsAFractionOf_Exports_EconomicActivity,Percentage of exports of clock movements complete and assembled
Exports_EconomicActivity_ClockOrWatchPartsNECInChapter91,Exports of clock or watch parts necin chapter
Exports_EconomicActivity_ClockOrWatchPartsNECInChapter91_AsAFractionOf_Exports_EconomicActivity,Percentage of exports of clock or watch parts necin chapter
Exports_EconomicActivity_ClockWatchAndSimilarGlassesGlassesForNonCorrective,Exports of clock watch and similar glasses glasses for
Exports_EconomicActivity_ClockWatchAndSimilarGlassesGlassesForNonCorrective_AsAFractionOf_Exports_EconomicActivity,Percentage of exports of clock watch and similar glasses glasses for
Exports_EconomicActivity_ClocksAndWatchesAndPartsThereof,Exports of clocks and watches and parts thereof
Exports_EconomicActivity_ClocksAndWatchesAndPartsThereof_AsAFractionOf_Exports_EconomicActivity,Percentage of exports of clocks and watches and parts thereof
Exports_EconomicActivity_ClocksOtherNEC,Exports of clocks other nec
Exports_EconomicActivity_ClocksOtherNEC_AsAFractionOf_Exports_EconomicActivity,Percentage of exports of clocks other nec
Exports_EconomicActivity_ClocksWithWatchMovementsExcludingClocksOfHeadingNo,Exports of clocks with watch movements excluding clocks of
Exports_EconomicActivity_ClocksWithWatchMovementsExcludingClocksOfHeadingNo_AsAFractionOf_Exports_EconomicActivity,Percentage of exports of clocks with watch movements excluding clocks of
Exports_EconomicActivity_ClothIncludingEndlessBandsGrillNettingAndFencingOf,Exports of cloth including endless bands grill netting and
Exports_EconomicActivity_ClothIncludingEndlessBandsGrillNettingAndFencingOf_AsAFractionOf_Exports_EconomicActivity,Percentage of exports of cloth including endless bands grill netting and
Exports_EconomicActivity_ClothingAccessoriesMadeUpKnittedOrCrochetedKnitted,Exports of clothing accessories made up knitted or crocheted
Exports_EconomicActivity_ClothingAccessoriesMadeUpKnittedOrCrochetedKnitted_AsAFractionOf_Exports_EconomicActivity,Percentage of exports of clothing accessories made up knitted or crocheted
Exports_EconomicActivity_ClothingAccessoriesNECPartsOfGarmentsOrAccessories,Exports of clothing accessories necparts of garments or accessories
Exports_EconomicActivity_ClothingAccessoriesNECPartsOfGarmentsOrAccessories_AsAFractionOf_Exports_EconomicActivity,Percentage of exports of clothing accessories necparts of garments or accessories
Exports_EconomicActivity_ClovesWholeFruitClovesAndStems,Exports of cloves whole fruit cloves and stems
Exports_EconomicActivity_ClovesWholeFruitClovesAndStems_AsAFractionOf_Exports_EconomicActivity,Percentage of exports of cloves whole fruit cloves and stems
Exports_EconomicActivity_CoalBriquettesOvoidsAndSimilarSolidFuels,Exports of coal briquettes ovoids and similar solid fuels
Exports_EconomicActivity_CoalBriquettesOvoidsAndSimilarSolidFuels_AsAFractionOf_Exports_EconomicActivity,Percentage of exports of coal briquettes ovoids and similar solid fuels
Exports_EconomicActivity_CoalGasWaterGasProducerGasAndSimilarGasesOtherThan,Exports of coal gas water gas producer gas and
Exports_EconomicActivity_CoalGasWaterGasProducerGasAndSimilarGasesOtherThan_AsAFractionOf_Exports_EconomicActivity,Percentage of exports of coal gas water gas producer gas and
Exports_EconomicActivity_CoatsMensOrBoysOvercoatsCarCoatsCapesCloaksAnoraks,Exports of coats mens or boys overcoats car coats
Exports_EconomicActivity_CoatsMensOrBoysOvercoatsCarCoatsCapesCloaksAnoraks_AsAFractionOf_Exports_EconomicActivity,Percentage of exports of coats mens or boys overcoats car coats
Exports_EconomicActivity_CoatsWomensOrGirlsOvercoatsCarCoatsCapesCloaks,Exports of coats womens or girls overcoats car coats
Exports_EconomicActivity_CoatsWomensOrGirlsOvercoatsCarCoatsCapesCloaks_AsAFractionOf_Exports_EconomicActivity,Percentage of exports of coats womens or girls overcoats car coats
Exports_EconomicActivity_CoatsWomensOrGirlsOvercoatsCarcoatsCapesCloaks,Exports of coats womens or girls overcoats carcoats capes
Exports_EconomicActivity_CoatsWomensOrGirlsOvercoatsCarcoatsCapesCloaks_AsAFractionOf_Exports_EconomicActivity,Percentage of exports of coats womens or girls overcoats carcoats capes
Exports_EconomicActivity_CobaltMattesAndOtherIntermediateProductsOfCoba8105,Exports of cobalt mattes and other intermediate products of
Exports_EconomicActivity_CobaltMattesAndOtherIntermediateProductsOfCoba8105_AsAFractionOf_Exports_EconomicActivity,Percentage of exports of cobalt mattes and other intermediate products of
Exports_EconomicActivity_CobaltOresAndConcentrates2605,Exports of cobalt ores and concentrates
Exports_EconomicActivity_CobaltOresAndConcentrates2605_AsAFractionOf_Exports_EconomicActivity,Percentage of exports of cobalt ores and concentrates
Exports_EconomicActivity_CobaltOxidesAndHydroxidesCommercialCobaltOxide2822,Exports of cobalt oxides and hydroxides commercial cobalt oxide
Exports_EconomicActivity_CobaltOxidesAndHydroxidesCommercialCobaltOxide2822_AsAFractionOf_Exports_EconomicActivity,Percentage of exports of cobalt oxides and hydroxides commercial cobalt oxide
Exports_EconomicActivity_CocoaAndCocoaPreparations,Exports of cocoa and cocoa preparations
Exports_EconomicActivity_CocoaAndCocoaPreparations_AsAFractionOf_Exports_EconomicActivity,Percentage of exports of cocoa and cocoa preparations
Exports_EconomicActivity_CocoaBeansWholeOrBrokenRawOrRoasted1801,Exports of cocoa beans whole or broken raw or
Exports_EconomicActivity_CocoaBeansWholeOrBrokenRawOrRoasted1801_AsAFractionOf_Exports_EconomicActivity,Percentage of exports of cocoa beans whole or broken raw or
Exports_EconomicActivity_CocoaButterFatAndOil1804,Exports of cocoa butter fat and oil
Exports_EconomicActivity_CocoaButterFatAndOil1804_AsAFractionOf_Exports_EconomicActivity,Percentage of exports of cocoa butter fat and oil
Exports_EconomicActivity_CocoaPasteWhetherOrNotDefatted,Exports of cocoa paste whether or not defatted
Exports_EconomicActivity_CocoaPasteWhetherOrNotDefatted_AsAFractionOf_Exports_EconomicActivity,Percentage of exports of cocoa paste whether or not defatted
Exports_EconomicActivity_CocoaPowderNotContainingAddedSugarOrOther1805,Exports of cocoa powder not containing added sugar or
Exports_EconomicActivity_CocoaPowderNotContainingAddedSugarOrOther1805_AsAFractionOf_Exports_EconomicActivity,Percentage of exports of cocoa powder not containing added sugar or
Exports_EconomicActivity_CocoaShellsHusksSkinsAndOtherCocoaWaste1802,Exports of cocoa shells husks skins and other cocoa
Exports_EconomicActivity_CocoaShellsHusksSkinsAndOtherCocoaWaste1802_AsAFractionOf_Exports_EconomicActivity,Percentage of exports of cocoa shells husks skins and other cocoa
Exports_EconomicActivity_CoconutAbacaManilaHempOrMusaTextilisNeeRamieAn5305,Exports of coconut abaca manila hemp or musa textilis
Exports_EconomicActivity_CoconutAbacaManilaHempOrMusaTextilisNeeRamieAn5305_AsAFractionOf_Exports_EconomicActivity,Percentage of exports of coconut abaca manila hemp or musa textilis
Exports_EconomicActivity_CoconutCopraPalmKernelOrBabassuOilAndTheir,Exports of coconut copra palm kernel or babassu oil
Exports_EconomicActivity_CoconutCopraPalmKernelOrBabassuOilAndTheir_AsAFractionOf_Exports_EconomicActivity,Percentage of exports of coconut copra palm kernel or babassu oil
Exports_EconomicActivity_CoffeeTeaMateAndSpices,Exports of coffee tea mate and spices
Exports_EconomicActivity_CoffeeTeaMateAndSpices_AsAFractionOf_Exports_EconomicActivity,Percentage of exports of coffee tea mate and spices
Exports_EconomicActivity_CoffeeWhetherOrNotRoastedOrDecaffeinatedHusksAnd,Exports of coffee whether or not roasted or decaffeinated
Exports_EconomicActivity_CoffeeWhetherOrNotRoastedOrDecaffeinatedHusksAnd_AsAFractionOf_Exports_EconomicActivity,Percentage of exports of coffee whether or not roasted or decaffeinated
Exports_EconomicActivity_Coin,Exports of coin
Exports_EconomicActivity_Coin_AsAFractionOf_Exports_EconomicActivity,Percentage of exports of coin
Exports_EconomicActivity_CokeAndSemiCokeOfCoalLigniteOrPeatWhetherOrNot2704,Exports of coke and semi coke of coal lignite
Exports_EconomicActivity_CokeAndSemiCokeOfCoalLigniteOrPeatWhetherOrNot2704_AsAFractionOf_Exports_EconomicActivity,Percentage of exports of coke and semi coke of coal lignite
Exports_EconomicActivity_CollectionsAndCollectorsPiecesOfArchaeological9705,Exports of collections and collectors pieces of archaeological
Exports_EconomicActivity_CollectionsAndCollectorsPiecesOfArchaeological9705_AsAFractionOf_Exports_EconomicActivity,Percentage of exports of collections and collectors pieces of archaeological
Exports_EconomicActivity_ColloidalPreciousMetalsInorganicOrOrganicCompounds,Exports of colloidal precious metals inorganic or organic compounds
Exports_EconomicActivity_ColloidalPreciousMetalsInorganicOrOrganicCompounds_AsAFractionOf_Exports_EconomicActivity,Percentage of exports of colloidal precious metals inorganic or organic compounds
Exports_EconomicActivity_ColourLakesPreparationsBasedOnColourLakesAs3205,Exports of colour lakes preparations based on colour lakes
Exports_EconomicActivity_ColourLakesPreparationsBasedOnColourLakesAs3205_AsAFractionOf_Exports_EconomicActivity,Percentage of exports of colour lakes preparations based on colour lakes
Exports_EconomicActivity_ColouringMatterAndPreparationsThereofNECInHeading,Exports of colouring matter and preparations thereof necin heading
Exports_EconomicActivity_ColouringMatterAndPreparationsThereofNECInHeading_AsAFractionOf_Exports_EconomicActivity,Percentage of exports of colouring matter and preparations thereof necin heading
Exports_EconomicActivity_ColouringMatterOfVegetableOrAnimalOriginInclud3203,Exports of colouring matter of vegetable or animal origin
Exports_EconomicActivity_ColouringMatterOfVegetableOrAnimalOriginInclud3203_AsAFractionOf_Exports_EconomicActivity,Percentage of exports of colouring matter of vegetable or animal origin
Exports_EconomicActivity_ColoursArtistsStudentsOrSignboardPaintersModifying,Exports of colours artists students or signboard painters modifying
Exports_EconomicActivity_ColoursArtistsStudentsOrSignboardPaintersModifying_AsAFractionOf_Exports_EconomicActivity,Percentage of exports of colours artists students or signboard painters modifying
Exports_EconomicActivity_CombsHairSlidesAndSimilarHairpinsCurlingPins,Exports of combs hair slides and similar hairpins curling
Exports_EconomicActivity_CombsHairSlidesAndSimilarHairpinsCurlingPins_AsAFractionOf_Exports_EconomicActivity,Percentage of exports of combs hair slides and similar hairpins curling
Exports_EconomicActivity_CommoditiesNotSpecifiedAccordingToKind99,Exports of commodities not specified according to kind
Exports_EconomicActivity_CommoditiesNotSpecifiedAccordingToKind9999,Exports of commodities not specified according to kind
Exports_EconomicActivity_CommoditiesNotSpecifiedAccordingToKind9999_AsAFractionOf_Exports_EconomicActivity,Percentage of exports of commodities not specified according to kind
Exports_EconomicActivity_CommoditiesNotSpecifiedAccordingToKind99_AsAFractionOf_Exports_EconomicActivity,Percentage of exports of commodities not specified according to kind
Exports_EconomicActivity_CompositePaperAndPaperboardMadeByStickingLayers,Exports of composite paper and paperboard made by sticking
Exports_EconomicActivity_CompositePaperAndPaperboardMadeByStickingLayers_AsAFractionOf_Exports_EconomicActivity,Percentage of exports of composite paper and paperboard made by sticking
Exports_EconomicActivity_CompositionLeatherWithABasisOfLeatherOrLeather,Exports of composition leather with abasis of leather or
Exports_EconomicActivity_CompositionLeatherWithABasisOfLeatherOrLeather_AsAFractionOf_Exports_EconomicActivity,Percentage of exports of composition leather with abasis of leather or
Exports_EconomicActivity_CompoundedRubberUnvulcanisedInPrimaryFormsOrIn,Exports of compounded rubber unvulcanised in primary forms or
Exports_EconomicActivity_CompoundedRubberUnvulcanisedInPrimaryFormsOrIn_AsAFractionOf_Exports_EconomicActivity,Percentage of exports of compounded rubber unvulcanised in primary forms or
Exports_EconomicActivity_CompoundsInorganicOrOrganicOfRareEarthMetalsOf,Exports of compounds inorganic or organic of rare earth
Exports_EconomicActivity_CompoundsInorganicOrOrganicOfRareEarthMetalsOf_AsAFractionOf_Exports_EconomicActivity,Percentage of exports of compounds inorganic or organic of rare earth
Exports_EconomicActivity_CompressionIgnitionInternalCombustionPistonEngines,Exports of compression ignition internal combustion piston engines
Exports_EconomicActivity_CompressionIgnitionInternalCombustionPistonEngines_AsAFractionOf_Exports_EconomicActivity,Percentage of exports of compression ignition internal combustion piston engines
Exports_EconomicActivity_ContainersForCompressedOrLiquefiedGasOfIronOrS7311,Exports of containers for compressed or liquefied gas of
Exports_EconomicActivity_ContainersForCompressedOrLiquefiedGasOfIronOrS7311_AsAFractionOf_Exports_EconomicActivity,Percentage of exports of containers for compressed or liquefied gas of
Exports_EconomicActivity_ContainersIncludingContainersForTransportOfFlu8609,Exports of containers including containers for transport of flu
Exports_EconomicActivity_ContainersIncludingContainersForTransportOfFlu8609_AsAFractionOf_Exports_EconomicActivity,Percentage of exports of containers including containers for transport of flu
Exports_EconomicActivity_ConvertersLadlesIngotMouldsAndCastingMachinesOfA,Exports of converters ladles ingot moulds and casting machines
Exports_EconomicActivity_ConvertersLadlesIngotMouldsAndCastingMachinesOfA_AsAFractionOf_Exports_EconomicActivity,Percentage of exports of converters ladles ingot moulds and casting machines
Exports_EconomicActivity_ConveyorOrTransmissionBeltsOrBeltingOfVulcanised,Exports of conveyor or transmission belts or belting of
Exports_EconomicActivity_ConveyorOrTransmissionBeltsOrBeltingOfVulcanised_AsAFractionOf_Exports_EconomicActivity,Percentage of exports of conveyor or transmission belts or belting of
Exports_EconomicActivity_CopperAndArticlesThereof,Exports of copper and articles thereof
Exports_EconomicActivity_CopperAndArticlesThereof_AsAFractionOf_Exports_EconomicActivity,Percentage of exports of copper and articles thereof
Exports_EconomicActivity_CopperArticlesThereofNECInChapter747419,Exports of copper articles thereof necin chapter
Exports_EconomicActivity_CopperArticlesThereofNECInChapter747419_AsAFractionOf_Exports_EconomicActivity,Percentage of exports of copper articles thereof necin chapter
Exports_EconomicActivity_CopperBarsRodsAndProfiles,Exports of copper bars rods and profiles
Exports_EconomicActivity_CopperBarsRodsAndProfiles_AsAFractionOf_Exports_EconomicActivity,Percentage of exports of copper bars rods and profiles
Exports_EconomicActivity_CopperFoilWhetherOrNotPrintedOrBackedWithPaper,Exports of copper foil whether or not printed or
Exports_EconomicActivity_CopperFoilWhetherOrNotPrintedOrBackedWithPaper_AsAFractionOf_Exports_EconomicActivity,Percentage of exports of copper foil whether or not printed or
Exports_EconomicActivity_CopperMasterAlloys,Exports of copper master alloys
Exports_EconomicActivity_CopperMasterAlloys_AsAFractionOf_Exports_EconomicActivity,Percentage of exports of copper master alloys
Exports_EconomicActivity_CopperMattesCementCopperPrecipitatedCopper7401,Exports of copper mattes cement copper precipitated copper
Exports_EconomicActivity_CopperMattesCementCopperPrecipitatedCopper7401_AsAFractionOf_Exports_EconomicActivity,Percentage of exports of copper mattes cement copper precipitated copper
Exports_EconomicActivity_CopperNailsTacksDrawingPinsStaplesNotThoseOf,Exports of copper nails tacks drawing pins staples not
Exports_EconomicActivity_CopperNailsTacksDrawingPinsStaplesNotThoseOf_AsAFractionOf_Exports_EconomicActivity,Percentage of exports of copper nails tacks drawing pins staples not
Exports_EconomicActivity_CopperOresAndConcentrates2603,Exports of copper ores and concentrates
Exports_EconomicActivity_CopperOresAndConcentrates2603_AsAFractionOf_Exports_EconomicActivity,Percentage of exports of copper ores and concentrates
Exports_EconomicActivity_CopperPlatesSheetsAndStripOfAThicknessExceedin7409,Exports of copper plates sheets and strip of athickness
Exports_EconomicActivity_CopperPlatesSheetsAndStripOfAThicknessExceedin7409_AsAFractionOf_Exports_EconomicActivity,Percentage of exports of copper plates sheets and strip of athickness
Exports_EconomicActivity_CopperPowdersAndFlakes,Exports of copper powders and flakes
Exports_EconomicActivity_CopperPowdersAndFlakes_AsAFractionOf_Exports_EconomicActivity,Percentage of exports of copper powders and flakes
Exports_EconomicActivity_CopperRefinedAndCopperAlloysUnwrought,Exports of copper refined and copper alloys unwrought
Exports_EconomicActivity_CopperRefinedAndCopperAlloysUnwrought_AsAFractionOf_Exports_EconomicActivity,Percentage of exports of copper refined and copper alloys unwrought
Exports_EconomicActivity_CopperStrandedWireCablesPlaitedBandsAndTheLike7413,Exports of copper stranded wire cables plaited bands and
Exports_EconomicActivity_CopperStrandedWireCablesPlaitedBandsAndTheLike7413_AsAFractionOf_Exports_EconomicActivity,Percentage of exports of copper stranded wire cables plaited bands and
Exports_EconomicActivity_CopperTableKitchenOrOtherHouseholdArticlesAndP7418,Exports of copper table kitchen or other household articles
Exports_EconomicActivity_CopperTableKitchenOrOtherHouseholdArticlesAndP7418_AsAFractionOf_Exports_EconomicActivity,Percentage of exports of copper table kitchen or other household articles
Exports_EconomicActivity_CopperTubeOrPipeFittingsEGCouplingsElbowsSleeves,Exports of copper tube or pipe fittings egcouplings elbows
Exports_EconomicActivity_CopperTubeOrPipeFittingsEGCouplingsElbowsSleeves_AsAFractionOf_Exports_EconomicActivity,Percentage of exports of copper tube or pipe fittings egcouplings elbows
Exports_EconomicActivity_CopperTubesAndPipes,Exports of copper tubes and pipes
Exports_EconomicActivity_CopperTubesAndPipes_AsAFractionOf_Exports_EconomicActivity,Percentage of exports of copper tubes and pipes
Exports_EconomicActivity_CopperUnrefinedCopperAnodesForElectrolyticRefi7402,Exports of copper unrefined copper anodes for electrolytic refi
Exports_EconomicActivity_CopperUnrefinedCopperAnodesForElectrolyticRefi7402_AsAFractionOf_Exports_EconomicActivity,Percentage of exports of copper unrefined copper anodes for electrolytic refi
Exports_EconomicActivity_CopperWasteAndScrap7404,Exports of copper waste and scrap
Exports_EconomicActivity_CopperWasteAndScrap7404_AsAFractionOf_Exports_EconomicActivity,Percentage of exports of copper waste and scrap
Exports_EconomicActivity_CopperWire,Exports of copper wire
Exports_EconomicActivity_CopperWire_AsAFractionOf_Exports_EconomicActivity,Percentage of exports of copper wire
Exports_EconomicActivity_Copra1203,Exports of copra
Exports_EconomicActivity_Copra1203_AsAFractionOf_Exports_EconomicActivity,Percentage of exports of copra
Exports_EconomicActivity_CoralAndSimilarMaterialsUnworkedOrSimplyPrepared,Exports of coral and similar materials unworked or simply
Exports_EconomicActivity_CoralAndSimilarMaterialsUnworkedOrSimplyPrepared_AsAFractionOf_Exports_EconomicActivity,Percentage of exports of coral and similar materials unworked or simply
Exports_EconomicActivity_CorkAndArticlesOfCork,Exports of cork and articles of cork
Exports_EconomicActivity_CorkAndArticlesOfCork_AsAFractionOf_Exports_EconomicActivity,Percentage of exports of cork and articles of cork
Exports_EconomicActivity_CorkArticlesOfNaturalCork,Exports of cork articles of natural cork
Exports_EconomicActivity_CorkArticlesOfNaturalCork_AsAFractionOf_Exports_EconomicActivity,Percentage of exports of cork articles of natural cork
Exports_EconomicActivity_CosmeticAndToiletPreparationsBeautyMakeUpAndSkin,Exports of cosmetic and toilet preparations beauty make up
Exports_EconomicActivity_CosmeticAndToiletPreparationsBeautyMakeUpAndSkin_AsAFractionOf_Exports_EconomicActivity,Percentage of exports of cosmetic and toilet preparations beauty make up
Exports_EconomicActivity_Cotton52,Exports of cotton
Exports_EconomicActivity_Cotton52_AsAFractionOf_Exports_EconomicActivity,Percentage of exports of cotton
Exports_EconomicActivity_CottonCardedOrCombed5203,Exports of cotton carded or combed
Exports_EconomicActivity_CottonCardedOrCombed5203_AsAFractionOf_Exports_EconomicActivity,Percentage of exports of cotton carded or combed
Exports_EconomicActivity_CottonNotCardedOrCombed5201,Exports of cotton not carded or combed
Exports_EconomicActivity_CottonNotCardedOrCombed5201_AsAFractionOf_Exports_EconomicActivity,Percentage of exports of cotton not carded or combed
Exports_EconomicActivity_CottonSewingThreadWhetherOrNotPutUpForRetailSale,Exports of cotton sewing thread whether or not put
Exports_EconomicActivity_CottonSewingThreadWhetherOrNotPutUpForRetailSale_AsAFractionOf_Exports_EconomicActivity,Percentage of exports of cotton sewing thread whether or not put
Exports_EconomicActivity_CottonWasteIncludingYarnWasteAndGarnettedStock,Exports of cotton waste including yarn waste and garnetted
Exports_EconomicActivity_CottonWasteIncludingYarnWasteAndGarnettedStock_AsAFractionOf_Exports_EconomicActivity,Percentage of exports of cotton waste including yarn waste and garnetted
Exports_EconomicActivity_CottonYarnOtherThanSewingThreadContaining85OrMore,Exports of cotton yarn other than sewing thread containing85or
Exports_EconomicActivity_CottonYarnOtherThanSewingThreadContaining85OrMore_AsAFractionOf_Exports_EconomicActivity,Percentage of exports of cotton yarn other than sewing thread containing85or
Exports_EconomicActivity_CottonYarnOtherThanSewingThreadContainingLessThan,Exports of cotton yarn other than sewing thread containing
Exports_EconomicActivity_CottonYarnOtherThanSewingThreadContainingLessThan_AsAFractionOf_Exports_EconomicActivity,Percentage of exports of cotton yarn other than sewing thread containing
Exports_EconomicActivity_CottonYarnOtherThanSewingThreadPutUpForRetailSale,Exports of cotton yarn other than sewing thread put
Exports_EconomicActivity_CottonYarnOtherThanSewingThreadPutUpForRetailSale_AsAFractionOf_Exports_EconomicActivity,Percentage of exports of cotton yarn other than sewing thread put
Exports_EconomicActivity_CruiseShipsExcursionBoatsFerryBoatsCargoShips,Exports of cruise ships excursion boats ferry boats cargo
Exports_EconomicActivity_CruiseShipsExcursionBoatsFerryBoatsCargoShips_AsAFractionOf_Exports_EconomicActivity,Percentage of exports of cruise ships excursion boats ferry boats cargo
Exports_EconomicActivity_CrustaceansInShellOrNotLiveFreshChilledFrozenDried,Exports of crustaceans in shell or not live fresh
Exports_EconomicActivity_CrustaceansInShellOrNotLiveFreshChilledFrozenDried_AsAFractionOf_Exports_EconomicActivity,Percentage of exports of crustaceans in shell or not live fresh
Exports_EconomicActivity_CrustaceansMolluscsAndOtherAquaticInvertebrates,Exports of crustaceans molluscs and other aquatic invertebrates
Exports_EconomicActivity_CrustaceansMolluscsAndOtherAquaticInvertebrates_AsAFractionOf_Exports_EconomicActivity,Percentage of exports of crustaceans molluscs and other aquatic invertebrates
Exports_EconomicActivity_CucumbersAndGherkinsFreshOrChilled,Exports of cucumbers and gherkins fresh or chilled
Exports_EconomicActivity_CucumbersAndGherkinsFreshOrChilled_AsAFractionOf_Exports_EconomicActivity,Percentage of exports of cucumbers and gherkins fresh or chilled
Exports_EconomicActivity_CurtainsIncludingDrapesAndInteriorBlindsCurtai6303,Exports of curtains including drapes and interior blinds curtai
Exports_EconomicActivity_CurtainsIncludingDrapesAndInteriorBlindsCurtai6303_AsAFractionOf_Exports_EconomicActivity,Percentage of exports of curtains including drapes and interior blinds curtai
Exports_EconomicActivity_CutleryOtherArticlesEGHairClippersButchersOr,Exports of cutlery other articles eghair clippers butchers or
Exports_EconomicActivity_CutleryOtherArticlesEGHairClippersButchersOr_AsAFractionOf_Exports_EconomicActivity,Percentage of exports of cutlery other articles eghair clippers butchers or
Exports_EconomicActivity_CutlerySpoonsForksLadlesSkimmersCakeServersFish,Exports of cutlery spoons forks ladles skimmers cake servers
Exports_EconomicActivity_CutlerySpoonsForksLadlesSkimmersCakeServersFish_AsAFractionOf_Exports_EconomicActivity,Percentage of exports of cutlery spoons forks ladles skimmers cake servers
Exports_EconomicActivity_CyanidesCyanideOxidesAndComplexCyanides,Exports of cyanides cyanide oxides and complex cyanides
Exports_EconomicActivity_CyanidesCyanideOxidesAndComplexCyanides_AsAFractionOf_Exports_EconomicActivity,Percentage of exports of cyanides cyanide oxides and complex cyanides
Exports_EconomicActivity_CyclicHydrocarbons,Exports of cyclic hydrocarbons
Exports_EconomicActivity_CyclicHydrocarbons_AsAFractionOf_Exports_EconomicActivity,Percentage of exports of cyclic hydrocarbons
Exports_EconomicActivity_DairyProduceBirdsEggsNaturalHoneyEdibleProductsOf,Exports of dairy produce birds eggs natural honey edible
Exports_EconomicActivity_DairyProduceBirdsEggsNaturalHoneyEdibleProductsOf_AsAFractionOf_Exports_EconomicActivity,Percentage of exports of dairy produce birds eggs natural honey edible
Exports_EconomicActivity_DatesFigsPineapplesAvocadosGuavasMangoesAnd,Exports of dates figs pineapples avocados guavas mangoes and
Exports_EconomicActivity_DatesFigsPineapplesAvocadosGuavasMangoesAnd_AsAFractionOf_Exports_EconomicActivity,Percentage of exports of dates figs pineapples avocados guavas mangoes and
Exports_EconomicActivity_DegrasResiduesResultingFromTheTreatmentOfFatty1522,Exports of degras residues resulting from the treatment of
Exports_EconomicActivity_DegrasResiduesResultingFromTheTreatmentOfFatty1522_AsAFractionOf_Exports_EconomicActivity,Percentage of exports of degras residues resulting from the treatment of
Exports_EconomicActivity_DensifiedWoodInBlocksPlatesStripsOrProfileShap4413,Exports of densified wood in blocks plates strips or
Exports_EconomicActivity_DensifiedWoodInBlocksPlatesStripsOrProfileShap4413_AsAFractionOf_Exports_EconomicActivity,Percentage of exports of densified wood in blocks plates strips or
Exports_EconomicActivity_DerricksCranesIncludingCableCranesMobileLifting,Exports of derricks cranes including cable cranes mobile lifting
Exports_EconomicActivity_DerricksCranesIncludingCableCranesMobileLifting_AsAFractionOf_Exports_EconomicActivity,Percentage of exports of derricks cranes including cable cranes mobile lifting
Exports_EconomicActivity_DextrinsAndOtherModifiedStarchesEGPregelatinisedOr,Exports of dextrins and other modified starches egpregelatinised or
Exports_EconomicActivity_DextrinsAndOtherModifiedStarchesEGPregelatinisedOr_AsAFractionOf_Exports_EconomicActivity,Percentage of exports of dextrins and other modified starches egpregelatinised or
Exports_EconomicActivity_DiamondsWhetherOrNotWorkedButNotMountedOrSet7102,Exports of diamonds whether or not worked but not
Exports_EconomicActivity_DiamondsWhetherOrNotWorkedButNotMountedOrSet7102_AsAFractionOf_Exports_EconomicActivity,Percentage of exports of diamonds whether or not worked but not
Exports_EconomicActivity_DiazoAzoOrAzoxyCompounds2927,Exports of diazo azo or azoxy compounds
Exports_EconomicActivity_DiazoAzoOrAzoxyCompounds2927_AsAFractionOf_Exports_EconomicActivity,Percentage of exports of diazo azo or azoxy compounds
Exports_EconomicActivity_DiphosphorusPentaoxidePhosphoricAcidPolyphosphoric,Exports of diphosphorus pentaoxide phosphoric acid polyphosphoric
Exports_EconomicActivity_DiphosphorusPentaoxidePhosphoricAcidPolyphosphoric_AsAFractionOf_Exports_EconomicActivity,Percentage of exports of diphosphorus pentaoxide phosphoric acid polyphosphoric
Exports_EconomicActivity_DiscsTapesSolidStateNonVolatileStorageDevicesSmart,Exports of discs tapes solid state non volatile storage
Exports_EconomicActivity_DiscsTapesSolidStateNonVolatileStorageDevicesSmart_AsAFractionOf_Exports_EconomicActivity,Percentage of exports of discs tapes solid state non volatile storage
Exports_EconomicActivity_DishWashingMachinesMachineryForCleaningDrying,Exports of dish washing machines machinery for cleaning drying
Exports_EconomicActivity_DishWashingMachinesMachineryForCleaningDrying_AsAFractionOf_Exports_EconomicActivity,Percentage of exports of dish washing machines machinery for cleaning drying
Exports_EconomicActivity_DithionitesAndSulphoxylates,Exports of dithionites and sulphoxylates
Exports_EconomicActivity_DithionitesAndSulphoxylates_AsAFractionOf_Exports_EconomicActivity,Percentage of exports of dithionites and sulphoxylates
Exports_EconomicActivity_DolomiteWhetherOrNotCalcinedOrSinteredIncluding,Exports of dolomite whether or not calcined or sintered
Exports_EconomicActivity_DolomiteWhetherOrNotCalcinedOrSinteredIncluding_AsAFractionOf_Exports_EconomicActivity,Percentage of exports of dolomite whether or not calcined or sintered
Exports_EconomicActivity_DrawingMarkingOutMathematicalCalculating,Exports of drawing marking out mathematical calculating
Exports_EconomicActivity_DrawingMarkingOutMathematicalCalculating_AsAFractionOf_Exports_EconomicActivity,Percentage of exports of drawing marking out mathematical calculating
Exports_EconomicActivity_DriersPrepared3211,Exports of driers prepared
Exports_EconomicActivity_DriersPrepared3211_AsAFractionOf_Exports_EconomicActivity,Percentage of exports of driers prepared
Exports_EconomicActivity_DustAndPowderOfNaturalOrSyntheticPreciousOrSemi,Exports of dust and powder of natural or synthetic
Exports_EconomicActivity_DustAndPowderOfNaturalOrSyntheticPreciousOrSemi_AsAFractionOf_Exports_EconomicActivity,Percentage of exports of dust and powder of natural or synthetic
Exports_EconomicActivity_DutiableImportByPostOrAirForPersona,Exports of dutiable import by post or air for
Exports_EconomicActivity_DutiableImportByPostOrAirForPersona_AsAFractionOf_Exports_EconomicActivity,Percentage of exports of dutiable import by post or air for
Exports_EconomicActivity_DutiablePassengersCrewsBaggage9803,Exports of dutiable passengers crews baggage
Exports_EconomicActivity_DutiablePassengersCrewsBaggage9803_AsAFractionOf_Exports_EconomicActivity,Percentage of exports of dutiable passengers crews baggage
Exports_EconomicActivity_DutiableShipsAircraftsStore,Exports of dutiable ships aircrafts store
Exports_EconomicActivity_DutiableShipsAircraftsStore_AsAFractionOf_Exports_EconomicActivity,Percentage of exports of dutiable ships aircrafts store
Exports_EconomicActivity_EdibleOffalOfBovineAnimalsSwineSheepGoatsHorses,Exports of edible offal of bovine animals swine sheep
Exports_EconomicActivity_EdibleOffalOfBovineAnimalsSwineSheepGoatsHorses_AsAFractionOf_Exports_EconomicActivity,Percentage of exports of edible offal of bovine animals swine sheep
Exports_EconomicActivity_ElectricAccumulatorsIncludingSeparatorsTherefor,Exports of electric accumulators including separators therefor
Exports_EconomicActivity_ElectricAccumulatorsIncludingSeparatorsTherefor_AsAFractionOf_Exports_EconomicActivity,Percentage of exports of electric accumulators including separators therefor
Exports_EconomicActivity_ElectricElectricallyHeatedGasSolderingBrazing,Exports of electric electrically heated gas soldering brazing
Exports_EconomicActivity_ElectricElectricallyHeatedGasSolderingBrazing_AsAFractionOf_Exports_EconomicActivity,Percentage of exports of electric electrically heated gas soldering brazing
Exports_EconomicActivity_ElectricGeneratingSetsAndRotaryConverters,Exports of electric generating sets and rotary converters
Exports_EconomicActivity_ElectricGeneratingSetsAndRotaryConverters_AsAFractionOf_Exports_EconomicActivity,Percentage of exports of electric generating sets and rotary converters
Exports_EconomicActivity_ElectricMotorsAndGeneratorsExcludingGeneratingSets,Exports of electric motors and generators excluding generating sets
Exports_EconomicActivity_ElectricMotorsAndGeneratorsExcludingGeneratingSets_AsAFractionOf_Exports_EconomicActivity,Percentage of exports of electric motors and generators excluding generating sets
Exports_EconomicActivity_ElectricMotorsAndGeneratorsPartsSuitableForUse8503,Exports of electric motors and generators parts suitable for
Exports_EconomicActivity_ElectricMotorsAndGeneratorsPartsSuitableForUse8503_AsAFractionOf_Exports_EconomicActivity,Percentage of exports of electric motors and generators parts suitable for
Exports_EconomicActivity_ElectricTransformersStaticConvertersEGRectifiers,Exports of electric transformers static converters egrectifiers
Exports_EconomicActivity_ElectricTransformersStaticConvertersEGRectifiers_AsAFractionOf_Exports_EconomicActivity,Percentage of exports of electric transformers static converters egrectifiers
Exports_EconomicActivity_ElectricWaterSpaceSoilHeatersElectroThermicHair,Exports of electric water space soil heaters electro thermic
Exports_EconomicActivity_ElectricWaterSpaceSoilHeatersElectroThermicHair_AsAFractionOf_Exports_EconomicActivity,Percentage of exports of electric water space soil heaters electro thermic
Exports_EconomicActivity_ElectricalAndElectronicWasteAndScrap,Exports of electrical and electronic waste and scrap
Exports_EconomicActivity_ElectricalAndElectronicWasteAndScrap_AsAFractionOf_Exports_EconomicActivity,Percentage of exports of electrical and electronic waste and scrap
Exports_EconomicActivity_ElectricalApparatusForSwitchingProtecting8535,Exports of electrical apparatus for switching protecting
Exports_EconomicActivity_ElectricalApparatusForSwitchingProtecting8535_AsAFractionOf_Exports_EconomicActivity,Percentage of exports of electrical apparatus for switching protecting
Exports_EconomicActivity_ElectricalApparatusForSwitchingProtecting8536,Exports of electrical apparatus for switching protecting
Exports_EconomicActivity_ElectricalApparatusForSwitchingProtecting8536_AsAFractionOf_Exports_EconomicActivity,Percentage of exports of electrical apparatus for switching protecting
Exports_EconomicActivity_ElectricalApparatusPartsSuitableForUseSolelyOr8538,Exports of electrical apparatus parts suitable for use solely
Exports_EconomicActivity_ElectricalApparatusPartsSuitableForUseSolelyOr8538_AsAFractionOf_Exports_EconomicActivity,Percentage of exports of electrical apparatus parts suitable for use solely
Exports_EconomicActivity_ElectricalCapacitorsFixedVariableOrAdjustablePre,Exports of electrical capacitors fixed variable or adjustable pre
Exports_EconomicActivity_ElectricalCapacitorsFixedVariableOrAdjustablePre_AsAFractionOf_Exports_EconomicActivity,Percentage of exports of electrical capacitors fixed variable or adjustable pre
Exports_EconomicActivity_ElectricalEnergy2716,Exports of electrical energy
Exports_EconomicActivity_ElectricalEnergy2716_AsAFractionOf_Exports_EconomicActivity,Percentage of exports of electrical energy
Exports_EconomicActivity_ElectricalInsulatorsOfAnyMaterial,Exports of electrical insulators of any material
Exports_EconomicActivity_ElectricalInsulatorsOfAnyMaterial_AsAFractionOf_Exports_EconomicActivity,Percentage of exports of electrical insulators of any material
Exports_EconomicActivity_ElectricalMachineryAndEquipmentAndPartsThereof,Exports of electrical machinery and equipment and parts thereof
Exports_EconomicActivity_ElectricalMachineryAndEquipmentAndPartsThereof_AsAFractionOf_Exports_EconomicActivity,Percentage of exports of electrical machinery and equipment and parts thereof
Exports_EconomicActivity_ElectricalMachinesAndApparatusHavingIndividual8543,Exports of electrical machines and apparatus having individual
Exports_EconomicActivity_ElectricalMachinesAndApparatusHavingIndividual8543_AsAFractionOf_Exports_EconomicActivity,Percentage of exports of electrical machines and apparatus having individual
Exports_EconomicActivity_ElectricalPartsOfMachineryOrApparatusNotSpecif8548,Exports of electrical parts of machinery or apparatus not
Exports_EconomicActivity_ElectricalPartsOfMachineryOrApparatusNotSpecif8548_AsAFractionOf_Exports_EconomicActivity,Percentage of exports of electrical parts of machinery or apparatus not
Exports_EconomicActivity_ElectricalResistorsIncludingRheostatsAnd,Exports of electrical resistors including rheostats and
Exports_EconomicActivity_ElectricalResistorsIncludingRheostatsAnd_AsAFractionOf_Exports_EconomicActivity,Percentage of exports of electrical resistors including rheostats and
Exports_EconomicActivity_ElectroMagnetsPermanentMagnetsIntendedPermanent,Exports of electro magnets permanent magnets intended permanent
Exports_EconomicActivity_ElectroMagnetsPermanentMagnetsIntendedPermanent_AsAFractionOf_Exports_EconomicActivity,Percentage of exports of electro magnets permanent magnets intended permanent
Exports_EconomicActivity_ElectroMechanicalDomesticAppliancesWithSelf8509,Exports of electro mechanical domestic appliances with self
Exports_EconomicActivity_ElectroMechanicalDomesticAppliancesWithSelf8509_AsAFractionOf_Exports_EconomicActivity,Percentage of exports of electro mechanical domestic appliances with self
Exports_EconomicActivity_ElectronicIntegratedCircuits,Exports of electronic integrated circuits
Exports_EconomicActivity_ElectronicIntegratedCircuits_AsAFractionOf_Exports_EconomicActivity,Percentage of exports of electronic integrated circuits
Exports_EconomicActivity_EmbroideryInThePieceInStripsOrInMotifs,Exports of embroidery in the piece in strips or
Exports_EconomicActivity_EmbroideryInThePieceInStripsOrInMotifs_AsAFractionOf_Exports_EconomicActivity,Percentage of exports of embroidery in the piece in strips or
Exports_EconomicActivity_EnginesAndMotorsNECEGReactionEnginesHydraulicPower,Exports of engines and motors necegreaction engines hydraulic power
Exports_EconomicActivity_EnginesAndMotorsNECEGReactionEnginesHydraulicPower_AsAFractionOf_Exports_EconomicActivity,Percentage of exports of engines and motors necegreaction engines hydraulic power
Exports_EconomicActivity_EngravingsPrintsAndLithographsOriginal,Exports of engravings prints and lithographs original
Exports_EconomicActivity_EngravingsPrintsAndLithographsOriginal_AsAFractionOf_Exports_EconomicActivity,Percentage of exports of engravings prints and lithographs original
Exports_EconomicActivity_EnvelopesLetterCardsPlainPostcardsAnd,Exports of envelopes letter cards plain postcards and
Exports_EconomicActivity_EnvelopesLetterCardsPlainPostcardsAnd_AsAFractionOf_Exports_EconomicActivity,Percentage of exports of envelopes letter cards plain postcards and
Exports_EconomicActivity_EnzymesPreparedEnzymesNotElsewhereSpecifiedOr,Exports of enzymes prepared enzymes not elsewhere specified or
Exports_EconomicActivity_EnzymesPreparedEnzymesNotElsewhereSpecifiedOr_AsAFractionOf_Exports_EconomicActivity,Percentage of exports of enzymes prepared enzymes not elsewhere specified or
Exports_EconomicActivity_EpoxidesEpoxyalcoholsEpoxyphenolsAndEpoxyether2910,Exports of epoxides epoxyalcohols epoxyphenols and epoxyether
Exports_EconomicActivity_EpoxidesEpoxyalcoholsEpoxyphenolsAndEpoxyether2910_AsAFractionOf_Exports_EconomicActivity,Percentage of exports of epoxides epoxyalcohols epoxyphenols and epoxyether
Exports_EconomicActivity_EssentialOilsAndResinoidsPerfumeryCosmeticOrToilet,Exports of essential oils and resinoids perfumery cosmetic or
Exports_EconomicActivity_EssentialOilsAndResinoidsPerfumeryCosmeticOrToilet_AsAFractionOf_Exports_EconomicActivity,Percentage of exports of essential oils and resinoids perfumery cosmetic or
Exports_EconomicActivity_EstersOfOtherInorganicAcidsOfNonMetalsOtherThanOf,Exports of esters of other inorganic acids of non
Exports_EconomicActivity_EstersOfOtherInorganicAcidsOfNonMetalsOtherThanOf_AsAFractionOf_Exports_EconomicActivity,Percentage of exports of esters of other inorganic acids of non
Exports_EconomicActivity_EstersPhosphoricAndTheirSaltsIncluding2919,Exports of esters phosphoric and their salts including
Exports_EconomicActivity_EstersPhosphoricAndTheirSaltsIncluding2919_AsAFractionOf_Exports_EconomicActivity,Percentage of exports of esters phosphoric and their salts including
Exports_EconomicActivity_EthersEtherAlcoholsEtherPhenolsEtherAlcoholPhenols,Exports of ethers ether alcohols ether phenols ether alcohol
Exports_EconomicActivity_EthersEtherAlcoholsEtherPhenolsEtherAlcoholPhenols_AsAFractionOf_Exports_EconomicActivity,Percentage of exports of ethers ether alcohols ether phenols ether alcohol
Exports_EconomicActivity_EthylAlcoholUndenaturedOfAnAlcoholicStrengthBy2207,Exports of ethyl alcohol undenatured of an alcoholic strength
Exports_EconomicActivity_EthylAlcoholUndenaturedOfAnAlcoholicStrengthBy2207_AsAFractionOf_Exports_EconomicActivity,Percentage of exports of ethyl alcohol undenatured of an alcoholic strength
Exports_EconomicActivity_EthylAlcoholUndenaturedOfAnAlcoholicStrengthBy2208,Exports of ethyl alcohol undenatured of an alcoholic strength
Exports_EconomicActivity_EthylAlcoholUndenaturedOfAnAlcoholicStrengthBy2208_AsAFractionOf_Exports_EconomicActivity,Percentage of exports of ethyl alcohol undenatured of an alcoholic strength
Exports_EconomicActivity_ExplosivesPropellentPowders3601,Exports of explosives propellent powders
Exports_EconomicActivity_ExplosivesPropellentPowders3601_AsAFractionOf_Exports_EconomicActivity,Percentage of exports of explosives propellent powders
Exports_EconomicActivity_ExplosivesPyrotechnicProductsMatchesPyrophoric,Exports of explosives pyrotechnic products matches pyrophoric
Exports_EconomicActivity_ExplosivesPyrotechnicProductsMatchesPyrophoric_AsAFractionOf_Exports_EconomicActivity,Percentage of exports of explosives pyrotechnic products matches pyrophoric
Exports_EconomicActivity_ExportSourceIndia,Amount of exports from India
Exports_EconomicActivity_ExportSourceIndia_AsAFractionOf_Export_EconomicActivity_ExportSourceIndia_WorldTotal,Share of exports originating from India
Exports_EconomicActivity_ExtractsAndJuicesOfMeatFishOrCrustaceansMollus1603,Exports of extracts and juices of meat fish or
Exports_EconomicActivity_ExtractsAndJuicesOfMeatFishOrCrustaceansMollus1603_AsAFractionOf_Exports_EconomicActivity,Percentage of exports of extracts and juices of meat fish or
Exports_EconomicActivity_ExtractsEssencesConcentratesOfCoffeeTeaOrMate,Exports of extracts essences concentrates of coffee tea or
Exports_EconomicActivity_ExtractsEssencesConcentratesOfCoffeeTeaOrMate_AsAFractionOf_Exports_EconomicActivity,Percentage of exports of extracts essences concentrates of coffee tea or
Exports_EconomicActivity_FabricatedAsbestosFibresMixturesWithABasisOf,Exports of fabricated asbestos fibres mixtures with abasis of
Exports_EconomicActivity_FabricatedAsbestosFibresMixturesWithABasisOf_AsAFractionOf_Exports_EconomicActivity,Percentage of exports of fabricated asbestos fibres mixtures with abasis of
Exports_EconomicActivity_FabricsKnittedOrCrocheted,Exports of fabrics knitted or crocheted
Exports_EconomicActivity_FabricsKnittedOrCrochetedFabricsOfAWidthExceed6004,Exports of fabrics knitted or crocheted fabrics of awidth
Exports_EconomicActivity_FabricsKnittedOrCrochetedFabricsOfAWidthExceed6004_AsAFractionOf_Exports_EconomicActivity,Percentage of exports of fabrics knitted or crocheted fabrics of awidth
Exports_EconomicActivity_FabricsKnittedOrCrochetedFabricsOtherThanThose6003,Exports of fabrics knitted or crocheted fabrics other than
Exports_EconomicActivity_FabricsKnittedOrCrochetedFabricsOtherThanThose6003_AsAFractionOf_Exports_EconomicActivity,Percentage of exports of fabrics knitted or crocheted fabrics other than
Exports_EconomicActivity_FabricsKnittedOrCrochetedFabricsOtherThanThose6006,Exports of fabrics knitted or crocheted fabrics other than
Exports_EconomicActivity_FabricsKnittedOrCrochetedFabricsOtherThanThose6006_AsAFractionOf_Exports_EconomicActivity,Percentage of exports of fabrics knitted or crocheted fabrics other than
Exports_EconomicActivity_FabricsKnittedOrCrochetedOtherThanThoseOfHeadi6002,Exports of fabrics knitted or crocheted other than those
Exports_EconomicActivity_FabricsKnittedOrCrochetedOtherThanThoseOfHeadi6002_AsAFractionOf_Exports_EconomicActivity,Percentage of exports of fabrics knitted or crocheted other than those
Exports_EconomicActivity_FabricsKnittedOrCrocheted_AsAFractionOf_Exports_EconomicActivity,Percentage of exports of fabrics knitted or crocheted
Exports_EconomicActivity_FabricsNarrowWovenOtherThanGoodsOfHeading5807,Exports of fabrics narrow woven other than goods of
Exports_EconomicActivity_FabricsNarrowWovenOtherThanGoodsOfHeading5807_AsAFractionOf_Exports_EconomicActivity,Percentage of exports of fabrics narrow woven other than goods of
Exports_EconomicActivity_FabricsPileFabricsIncludingLongPileFabricsAndTerry,Exports of fabrics pile fabrics including long pile fabrics
Exports_EconomicActivity_FabricsPileFabricsIncludingLongPileFabricsAndTerry_AsAFractionOf_Exports_EconomicActivity,Percentage of exports of fabrics pile fabrics including long pile fabrics
Exports_EconomicActivity_FabricsSpecialWovenFabricsTuftedTextileFabricsLace,Exports of fabrics special woven fabrics tufted textile fabrics
Exports_EconomicActivity_FabricsSpecialWovenFabricsTuftedTextileFabricsLace_AsAFractionOf_Exports_EconomicActivity,Percentage of exports of fabrics special woven fabrics tufted textile fabrics
Exports_EconomicActivity_FabricsTerryTowellingAndSimilarWovenTerryFabrics,Exports of fabrics terry towelling and similar woven terry
Exports_EconomicActivity_FabricsTerryTowellingAndSimilarWovenTerryFabrics_AsAFractionOf_Exports_EconomicActivity,Percentage of exports of fabrics terry towelling and similar woven terry
Exports_EconomicActivity_FabricsWarpKnitIncludingThoseMadeOnGalloonKnit6005,Exports of fabrics warp knit including those made on
Exports_EconomicActivity_FabricsWarpKnitIncludingThoseMadeOnGalloonKnit6005_AsAFractionOf_Exports_EconomicActivity,Percentage of exports of fabrics warp knit including those made on
Exports_EconomicActivity_FabricsWovenOfMetalThreadAndMetallisedYarnOf5809,Exports of fabrics woven of metal thread and metallised
Exports_EconomicActivity_FabricsWovenOfMetalThreadAndMetallisedYarnOf5809_AsAFractionOf_Exports_EconomicActivity,Percentage of exports of fabrics woven of metal thread and metallised
Exports_EconomicActivity_FabricsWovenPileAndChenilleFabricsOtherThanFabrics,Exports of fabrics woven pile and chenille fabrics other
Exports_EconomicActivity_FabricsWovenPileAndChenilleFabricsOtherThanFabrics_AsAFractionOf_Exports_EconomicActivity,Percentage of exports of fabrics woven pile and chenille fabrics other
Exports_EconomicActivity_FatsAndOilsAndTheirFractionsOfFishOrMarineMammals,Exports of fats and oils and their fractions of
Exports_EconomicActivity_FatsAndOilsAndTheirFractionsOfFishOrMarineMammals_AsAFractionOf_Exports_EconomicActivity,Percentage of exports of fats and oils and their fractions of
Exports_EconomicActivity_FatsOfBovineAnimalsSheepOrGoatsOtherThanThoseOf,Exports of fats of bovine animals sheep or goats
Exports_EconomicActivity_FatsOfBovineAnimalsSheepOrGoatsOtherThanThoseOf_AsAFractionOf_Exports_EconomicActivity,Percentage of exports of fats of bovine animals sheep or goats
Exports_EconomicActivity_FeathersAndDownPreparedAndArticlesMadeOfFeatherOr,Exports of feathers and down prepared and articles made
Exports_EconomicActivity_FeathersAndDownPreparedAndArticlesMadeOfFeatherOr_AsAFractionOf_Exports_EconomicActivity,Percentage of exports of feathers and down prepared and articles made
Exports_EconomicActivity_FeldsparLeuciteNephelineAndNephelineSyenite,Exports of feldspar leucite nepheline and nepheline syenite
Exports_EconomicActivity_FeldsparLeuciteNephelineAndNephelineSyenite_AsAFractionOf_Exports_EconomicActivity,Percentage of exports of feldspar leucite nepheline and nepheline syenite
Exports_EconomicActivity_FeltWhetherOrNotImpregnatedCoatedCoveredOr,Exports of felt whether or not impregnated coated covered
Exports_EconomicActivity_FeltWhetherOrNotImpregnatedCoatedCoveredOr_AsAFractionOf_Exports_EconomicActivity,Percentage of exports of felt whether or not impregnated coated covered
Exports_EconomicActivity_FermentedBeveragesNECInChapter22EGCiderPerryMead,Exports of fermented beverages necin chapter22egcider perry mead
Exports_EconomicActivity_FermentedBeveragesNECInChapter22EGCiderPerryMead_AsAFractionOf_Exports_EconomicActivity,Percentage of exports of fermented beverages necin chapter22egcider perry mead
Exports_EconomicActivity_FerroAlloys,Exports of ferro alloys
Exports_EconomicActivity_FerroAlloys_AsAFractionOf_Exports_EconomicActivity,Percentage of exports of ferro alloys
Exports_EconomicActivity_FerroCeriumAndOtherPyrophoricAlloysInAllForms3606,Exports of ferro cerium and other pyrophoric alloys in
Exports_EconomicActivity_FerroCeriumAndOtherPyrophoricAlloysInAllForms3606_AsAFractionOf_Exports_EconomicActivity,Percentage of exports of ferro cerium and other pyrophoric alloys in
Exports_EconomicActivity_FerrousProductsObtainedByDirectReductionOfIron7203,Exports of ferrous products obtained by direct reduction of
Exports_EconomicActivity_FerrousProductsObtainedByDirectReductionOfIron7203_AsAFractionOf_Exports_EconomicActivity,Percentage of exports of ferrous products obtained by direct reduction of
Exports_EconomicActivity_FerrousWasteAndScrapRemeltingScrapIngotsOfIronOr,Exports of ferrous waste and scrap remelting scrap ingots
Exports_EconomicActivity_FerrousWasteAndScrapRemeltingScrapIngotsOfIronOr_AsAFractionOf_Exports_EconomicActivity,Percentage of exports of ferrous waste and scrap remelting scrap ingots
Exports_EconomicActivity_Fertilizers,Exports of fertilizers
Exports_EconomicActivity_FertilizersAnimalOrVegetableWhetherOrNotMixed3101,Exports of fertilizers animal or vegetable whether or not
Exports_EconomicActivity_FertilizersAnimalOrVegetableWhetherOrNotMixed3101_AsAFractionOf_Exports_EconomicActivity,Percentage of exports of fertilizers animal or vegetable whether or not
Exports_EconomicActivity_FertilizersMineralOrChemicalContaining2Or3OfThe,Exports of fertilizers mineral or chemical containing2or3of the
Exports_EconomicActivity_FertilizersMineralOrChemicalContaining2Or3OfThe_AsAFractionOf_Exports_EconomicActivity,Percentage of exports of fertilizers mineral or chemical containing2or3of the
Exports_EconomicActivity_FertilizersMineralOrChemicalNitrogenous,Exports of fertilizers mineral or chemical nitrogenous
Exports_EconomicActivity_FertilizersMineralOrChemicalNitrogenous_AsAFractionOf_Exports_EconomicActivity,Percentage of exports of fertilizers mineral or chemical nitrogenous
Exports_EconomicActivity_FertilizersMineralOrChemicalPhosphatic3103,Exports of fertilizers mineral or chemical phosphatic
Exports_EconomicActivity_FertilizersMineralOrChemicalPhosphatic3103_AsAFractionOf_Exports_EconomicActivity,Percentage of exports of fertilizers mineral or chemical phosphatic
Exports_EconomicActivity_FertilizersMineralOrChemicalPotassic,Exports of fertilizers mineral or chemical potassic
Exports_EconomicActivity_FertilizersMineralOrChemicalPotassic_AsAFractionOf_Exports_EconomicActivity,Percentage of exports of fertilizers mineral or chemical potassic
Exports_EconomicActivity_Fertilizers_AsAFractionOf_Exports_EconomicActivity,Percentage of exports of fertilizers
Exports_EconomicActivity_FestiveCarnivalOrOtherEntertainmentArticles9505,Exports of festive carnival or other entertainment articles
Exports_EconomicActivity_FestiveCarnivalOrOtherEntertainmentArticles9505_AsAFractionOf_Exports_EconomicActivity,Percentage of exports of festive carnival or other entertainment articles
Exports_EconomicActivity_FibreboardOfWoodOrOtherLigneousMaterialsWhetherOr,Exports of fibreboard of wood or other ligneous materials
Exports_EconomicActivity_FibreboardOfWoodOrOtherLigneousMaterialsWhetherOr_AsAFractionOf_Exports_EconomicActivity,Percentage of exports of fibreboard of wood or other ligneous materials
Exports_EconomicActivity_FilterBlocksSlabsAndPlatesOfPaperPulp,Exports of filter blocks slabs and plates of paper
Exports_EconomicActivity_FilterBlocksSlabsAndPlatesOfPaperPulp_AsAFractionOf_Exports_EconomicActivity,Percentage of exports of filter blocks slabs and plates of paper
Exports_EconomicActivity_FineOrCoarseAnimalHairNotCardedOrCombed,Exports of fine or coarse animal hair not carded
Exports_EconomicActivity_FineOrCoarseAnimalHairNotCardedOrCombed_AsAFractionOf_Exports_EconomicActivity,Percentage of exports of fine or coarse animal hair not carded
Exports_EconomicActivity_FinishingAgentsDyeCarriersToAccelerateTheDyeing,Exports of finishing agents dye carriers to accelerate the
Exports_EconomicActivity_FinishingAgentsDyeCarriersToAccelerateTheDyeing_AsAFractionOf_Exports_EconomicActivity,Percentage of exports of finishing agents dye carriers to accelerate the
Exports_EconomicActivity_FirearmsEGSpringAirOrGasGunsAndPistolsTruncheo9304,Exports of firearms egspring air or gas guns and
Exports_EconomicActivity_FirearmsEGSpringAirOrGasGunsAndPistolsTruncheo9304_AsAFractionOf_Exports_EconomicActivity,Percentage of exports of firearms egspring air or gas guns and
Exports_EconomicActivity_FirearmsOtherSimilarDevicesEGSportingShotgunsAnd,Exports of firearms other similar devices egsporting shotguns and
Exports_EconomicActivity_FirearmsOtherSimilarDevicesEGSportingShotgunsAnd_AsAFractionOf_Exports_EconomicActivity,Percentage of exports of firearms other similar devices egsporting shotguns and
Exports_EconomicActivity_FirearmsPartsAndAccessoriesOfArticlesOfHeadingNo,Exports of firearms parts and accessories of articles of
Exports_EconomicActivity_FirearmsPartsAndAccessoriesOfArticlesOfHeadingNo_AsAFractionOf_Exports_EconomicActivity,Percentage of exports of firearms parts and accessories of articles of
Exports_EconomicActivity_FireworksSignallingFlaresRainRocketsFogSignalsAnd,Exports of fireworks signalling flares rain rockets fog signals
Exports_EconomicActivity_FireworksSignallingFlaresRainRocketsFogSignalsAnd_AsAFractionOf_Exports_EconomicActivity,Percentage of exports of fireworks signalling flares rain rockets fog signals
Exports_EconomicActivity_FishAndCrustaceansMolluscsAndOtherAquatic,Exports of fish and crustaceans molluscs and other aquatic
Exports_EconomicActivity_FishAndCrustaceansMolluscsAndOtherAquatic_AsAFractionOf_Exports_EconomicActivity,Percentage of exports of fish and crustaceans molluscs and other aquatic
Exports_EconomicActivity_FishDriedSaltedOrInBrineSmokedFishWhetherOrNot,Exports of fish dried salted or in brine smoked
Exports_EconomicActivity_FishDriedSaltedOrInBrineSmokedFishWhetherOrNot_AsAFractionOf_Exports_EconomicActivity,Percentage of exports of fish dried salted or in brine smoked
Exports_EconomicActivity_FishFilletsAndOtherFishMeatWhetherOrNotMincedFresh,Exports of fish fillets and other fish meat whether
Exports_EconomicActivity_FishFilletsAndOtherFishMeatWhetherOrNotMincedFresh_AsAFractionOf_Exports_EconomicActivity,Percentage of exports of fish fillets and other fish meat whether
Exports_EconomicActivity_FishFreshOrChilledExcludingFishFilletsAndOtherFish,Exports of fish fresh or chilled excluding fish fillets
Exports_EconomicActivity_FishFreshOrChilledExcludingFishFilletsAndOtherFish_AsAFractionOf_Exports_EconomicActivity,Percentage of exports of fish fresh or chilled excluding fish fillets
Exports_EconomicActivity_FishFrozenExcludingFishFilletsAndOtherFishMeatOf,Exports of fish frozen excluding fish fillets and other
Exports_EconomicActivity_FishFrozenExcludingFishFilletsAndOtherFishMeatOf_AsAFractionOf_Exports_EconomicActivity,Percentage of exports of fish frozen excluding fish fillets and other
Exports_EconomicActivity_FishLive,Exports of fish live
Exports_EconomicActivity_FishLive_AsAFractionOf_Exports_EconomicActivity,Percentage of exports of fish live
Exports_EconomicActivity_FishingRodsFishHooksAndOtherLineFishingTackleFish,Exports of fishing rods fish hooks and other line
Exports_EconomicActivity_FishingRodsFishHooksAndOtherLineFishingTackleFish_AsAFractionOf_Exports_EconomicActivity,Percentage of exports of fishing rods fish hooks and other line
Exports_EconomicActivity_FishingVesselsFactoryShipsAndOtherVesselsFor8902,Exports of fishing vessels factory ships and other vessels
Exports_EconomicActivity_FishingVesselsFactoryShipsAndOtherVesselsFor8902_AsAFractionOf_Exports_EconomicActivity,Percentage of exports of fishing vessels factory ships and other vessels
Exports_EconomicActivity_FixedVegetableOrMicrobialFatsAndOilsNECInChapter15,Exports of fixed vegetable or microbial fats and oils
Exports_EconomicActivity_FixedVegetableOrMicrobialFatsAndOilsNECInChapter15_AsAFractionOf_Exports_EconomicActivity,Percentage of exports of fixed vegetable or microbial fats and oils
Exports_EconomicActivity_FlatPanelDisplayModulesWhetherOrNotIncorporati8524,Exports of flat panel display modules whether or not
Exports_EconomicActivity_FlatPanelDisplayModulesWhetherOrNotIncorporati8524_AsAFractionOf_Exports_EconomicActivity,Percentage of exports of flat panel display modules whether or not
Exports_EconomicActivity_FlaxRawOrProcessedButNotSpunFlaxTowAndWaste,Exports of flax raw or processed but not spun
Exports_EconomicActivity_FlaxRawOrProcessedButNotSpunFlaxTowAndWaste_AsAFractionOf_Exports_EconomicActivity,Percentage of exports of flax raw or processed but not spun
Exports_EconomicActivity_FlaxYarn,Exports of flax yarn
Exports_EconomicActivity_FlaxYarn_AsAFractionOf_Exports_EconomicActivity,Percentage of exports of flax yarn
Exports_EconomicActivity_FloorCoveringsOfPlasticsSelfAdhesiveOrNotInRollsOr,Exports of floor coverings of plastics self adhesive or
Exports_EconomicActivity_FloorCoveringsOfPlasticsSelfAdhesiveOrNotInRollsOr_AsAFractionOf_Exports_EconomicActivity,Percentage of exports of floor coverings of plastics self adhesive or
Exports_EconomicActivity_FlourMealAndPowderOfTheDriedLeguminousVegetabl1106,Exports of flour meal and powder of the dried
Exports_EconomicActivity_FlourMealAndPowderOfTheDriedLeguminousVegetabl1106_AsAFractionOf_Exports_EconomicActivity,Percentage of exports of flour meal and powder of the dried
Exports_EconomicActivity_FlourMealPowderFlakesGranulesAndPelletsOfPotatoes,Exports of flour meal powder flakes granules and pellets
Exports_EconomicActivity_FlourMealPowderFlakesGranulesAndPelletsOfPotatoes_AsAFractionOf_Exports_EconomicActivity,Percentage of exports of flour meal powder flakes granules and pellets
Exports_EconomicActivity_FloursAndMealsOfOilSeedsOrOleaginousFruitsOther,Exports of flours and meals of oil seeds or
Exports_EconomicActivity_FloursAndMealsOfOilSeedsOrOleaginousFruitsOther_AsAFractionOf_Exports_EconomicActivity,Percentage of exports of flours and meals of oil seeds or
Exports_EconomicActivity_FloursMealAndPelletsOfMeatOrMeatOffalOfFishOrOf,Exports of flours meal and pellets of meat or
Exports_EconomicActivity_FloursMealAndPelletsOfMeatOrMeatOffalOfFishOrOf_AsAFractionOf_Exports_EconomicActivity,Percentage of exports of flours meal and pellets of meat or
Exports_EconomicActivity_FloursMealsAndPelletsOfFishCrustaceansMolluscsAnd,Exports of flours meals and pellets of fish crustaceans
Exports_EconomicActivity_FloursMealsAndPelletsOfFishCrustaceansMolluscsAnd_AsAFractionOf_Exports_EconomicActivity,Percentage of exports of flours meals and pellets of fish crustaceans
Exports_EconomicActivity_FlowersCutFlowersAndFlowerBudsOfAKindSuitableF0603,Exports of flowers cut flowers and flower buds of
Exports_EconomicActivity_FlowersCutFlowersAndFlowerBudsOfAKindSuitableF0603_AsAFractionOf_Exports_EconomicActivity,Percentage of exports of flowers cut flowers and flower buds of
Exports_EconomicActivity_FlowersFoliageAndFruitArtificialAndPartsThereo6702,Exports of flowers foliage and fruit artificial and parts
Exports_EconomicActivity_FlowersFoliageAndFruitArtificialAndPartsThereo6702_AsAFractionOf_Exports_EconomicActivity,Percentage of exports of flowers foliage and fruit artificial and parts
Exports_EconomicActivity_FluoridesFluorosilicatesFluoroaluminatesAndOth2826,Exports of fluorides fluorosilicates fluoroaluminates and oth
Exports_EconomicActivity_FluoridesFluorosilicatesFluoroaluminatesAndOth2826_AsAFractionOf_Exports_EconomicActivity,Percentage of exports of fluorides fluorosilicates fluoroaluminates and oth
Exports_EconomicActivity_FluorineChlorineBromineAndIodine,Exports of fluorine chlorine bromine and iodine
Exports_EconomicActivity_FluorineChlorineBromineAndIodine_AsAFractionOf_Exports_EconomicActivity,Percentage of exports of fluorine chlorine bromine and iodine
Exports_EconomicActivity_FoliageBranchesAndOtherPartsOfPlantsWithoutFlo0604,Exports of foliage branches and other parts of plants
Exports_EconomicActivity_FoliageBranchesAndOtherPartsOfPlantsWithoutFlo0604_AsAFractionOf_Exports_EconomicActivity,Percentage of exports of foliage branches and other parts of plants
Exports_EconomicActivity_FoodIndustriesResiduesAndWastesThereofPrepared,Exports of food industries residues and wastes thereof prepared
Exports_EconomicActivity_FoodIndustriesResiduesAndWastesThereofPrepared_AsAFractionOf_Exports_EconomicActivity,Percentage of exports of food industries residues and wastes thereof prepared
Exports_EconomicActivity_FoodPreparationsNotElsewhereSpecifiedOrIncluded,Exports of food preparations not elsewhere specified or included
Exports_EconomicActivity_FoodPreparationsNotElsewhereSpecifiedOrIncluded_AsAFractionOf_Exports_EconomicActivity,Percentage of exports of food preparations not elsewhere specified or included
Exports_EconomicActivity_FootwearGaitersAndTheLikePartsOfSuchArticles,Exports of footwear gaiters and the like parts of
Exports_EconomicActivity_FootwearGaitersAndTheLikePartsOfSuchArticles_AsAFractionOf_Exports_EconomicActivity,Percentage of exports of footwear gaiters and the like parts of
Exports_EconomicActivity_FootwearOtherFootwearNECInChapter64,Exports of footwear other footwear necin chapter
Exports_EconomicActivity_FootwearOtherFootwearNECInChapter64_AsAFractionOf_Exports_EconomicActivity,Percentage of exports of footwear other footwear necin chapter
Exports_EconomicActivity_FootwearPartsOfFootwearRemovableInSolesHeel,Exports of footwear parts of footwear removable in soles
Exports_EconomicActivity_FootwearPartsOfFootwearRemovableInSolesHeel_AsAFractionOf_Exports_EconomicActivity,Percentage of exports of footwear parts of footwear removable in soles
Exports_EconomicActivity_FootwearWaterproofWithOuterSolesAndUppersOfRubber,Exports of footwear waterproof with outer soles and uppers
Exports_EconomicActivity_FootwearWaterproofWithOuterSolesAndUppersOfRubber_AsAFractionOf_Exports_EconomicActivity,Percentage of exports of footwear waterproof with outer soles and uppers
Exports_EconomicActivity_FootwearWithOuterSolesAndUppersOfRubberOrPlast6402,Exports of footwear with outer soles and uppers of
Exports_EconomicActivity_FootwearWithOuterSolesAndUppersOfRubberOrPlast6402_AsAFractionOf_Exports_EconomicActivity,Percentage of exports of footwear with outer soles and uppers of
Exports_EconomicActivity_FootwearWithOuterSolesOfRubberPlasticsLeatherO6403,Exports of footwear with outer soles of rubber plastics
Exports_EconomicActivity_FootwearWithOuterSolesOfRubberPlasticsLeatherO6403_AsAFractionOf_Exports_EconomicActivity,Percentage of exports of footwear with outer soles of rubber plastics
Exports_EconomicActivity_FootwearWithOuterSolesOfRubberPlasticsLeatherO6404,Exports of footwear with outer soles of rubber plastics
Exports_EconomicActivity_FootwearWithOuterSolesOfRubberPlasticsLeatherO6404_AsAFractionOf_Exports_EconomicActivity,Percentage of exports of footwear with outer soles of rubber plastics
Exports_EconomicActivity_ForkLiftAndOtherWorksTrucksFittedWithLiftingOr8427,Exports of fork lift and other works trucks fitted
Exports_EconomicActivity_ForkLiftAndOtherWorksTrucksFittedWithLiftingOr8427_AsAFractionOf_Exports_EconomicActivity,Percentage of exports of fork lift and other works trucks fitted
Exports_EconomicActivity_FramesAndMountingsForSpectaclesGogglesOrTheLikeAnd,Exports of frames and mountings for spectacles goggles or
Exports_EconomicActivity_FramesAndMountingsForSpectaclesGogglesOrTheLikeAnd_AsAFractionOf_Exports_EconomicActivity,Percentage of exports of frames and mountings for spectacles goggles or
Exports_EconomicActivity_FrictionMaterialAndArticlesThereofEGSheetsRoll6813,Exports of friction material and articles thereof egsheets roll
Exports_EconomicActivity_FrictionMaterialAndArticlesThereofEGSheetsRoll6813_AsAFractionOf_Exports_EconomicActivity,Percentage of exports of friction material and articles thereof egsheets roll
Exports_EconomicActivity_FruitAndNutsEdiblePeelOfCitrusFruitOrMelons,Exports of fruit and nuts edible peel of citrus
Exports_EconomicActivity_FruitAndNutsEdiblePeelOfCitrusFruitOrMelons_AsAFractionOf_Exports_EconomicActivity,Percentage of exports of fruit and nuts edible peel of citrus
Exports_EconomicActivity_FruitAndNutsProvisionallyPreservedButUnsuitableIn,Exports of fruit and nuts provisionally preserved but unsuitable
Exports_EconomicActivity_FruitAndNutsProvisionallyPreservedButUnsuitableIn_AsAFractionOf_Exports_EconomicActivity,Percentage of exports of fruit and nuts provisionally preserved but unsuitable
Exports_EconomicActivity_FruitAndNutsUncookedOrCookedBySteamingOrBoilingIn,Exports of fruit and nuts uncooked or cooked by
Exports_EconomicActivity_FruitAndNutsUncookedOrCookedBySteamingOrBoilingIn_AsAFractionOf_Exports_EconomicActivity,Percentage of exports of fruit and nuts uncooked or cooked by
Exports_EconomicActivity_FruitDriedOtherThanThatOfHeadingNo0801To0806,Exports of fruit dried other than that of heading
Exports_EconomicActivity_FruitDriedOtherThanThatOfHeadingNo0801To0806_AsAFractionOf_Exports_EconomicActivity,Percentage of exports of fruit dried other than that of heading
Exports_EconomicActivity_FruitFreshNECInChapter08,Exports of fruit fresh necin chapter
Exports_EconomicActivity_FruitFreshNECInChapter08_AsAFractionOf_Exports_EconomicActivity,Percentage of exports of fruit fresh necin chapter
Exports_EconomicActivity_FruitNutsAndOtherEdiblePartsOfPlantsPreparedOr2008,Exports of fruit nuts and other edible parts of
Exports_EconomicActivity_FruitNutsAndOtherEdiblePartsOfPlantsPreparedOr2008_AsAFractionOf_Exports_EconomicActivity,Percentage of exports of fruit nuts and other edible parts of
Exports_EconomicActivity_FruitOrNutJuicesIncludingGrapeMustAndCoconutWater,Exports of fruit or nut juices including grape must
Exports_EconomicActivity_FruitOrNutJuicesIncludingGrapeMustAndCoconutWater_AsAFractionOf_Exports_EconomicActivity,Percentage of exports of fruit or nut juices including grape must
Exports_EconomicActivity_FuelWoodInLogsBilletsTwigsFaggotsOrSimilarForms,Exports of fuel wood in logs billets twigs faggots
Exports_EconomicActivity_FuelWoodInLogsBilletsTwigsFaggotsOrSimilarForms_AsAFractionOf_Exports_EconomicActivity,Percentage of exports of fuel wood in logs billets twigs faggots
Exports_EconomicActivity_FurnaceBurnersForLiquidFuelForPulverisedSolidFuel,Exports of furnace burners for liquid fuel for pulverised
Exports_EconomicActivity_FurnaceBurnersForLiquidFuelForPulverisedSolidFuel_AsAFractionOf_Exports_EconomicActivity,Percentage of exports of furnace burners for liquid fuel for pulverised
Exports_EconomicActivity_FurnacesAndOvensIndustrialOrLaboratoryIncluding,Exports of furnaces and ovens industrial or laboratory including
Exports_EconomicActivity_FurnacesAndOvensIndustrialOrLaboratoryIncluding_AsAFractionOf_Exports_EconomicActivity,Percentage of exports of furnaces and ovens industrial or laboratory including
Exports_EconomicActivity_FurnishingArticlesExcludingThoseOfHeadingNo9404,Exports of furnishing articles excluding those of heading no
Exports_EconomicActivity_FurnishingArticlesExcludingThoseOfHeadingNo9404_AsAFractionOf_Exports_EconomicActivity,Percentage of exports of furnishing articles excluding those of heading no
Exports_EconomicActivity_FurnitureAndPartsThereofNECInChapter94,Exports of furniture and parts thereof necin chapter
Exports_EconomicActivity_FurnitureAndPartsThereofNECInChapter94_AsAFractionOf_Exports_EconomicActivity,Percentage of exports of furniture and parts thereof necin chapter
Exports_EconomicActivity_FurnitureBeddingMattressesMattressSupportsCushions,Exports of furniture bedding mattresses mattress supports cushions
Exports_EconomicActivity_FurnitureBeddingMattressesMattressSupportsCushions_AsAFractionOf_Exports_EconomicActivity,Percentage of exports of furniture bedding mattresses mattress supports cushions
Exports_EconomicActivity_FurnitureMedicalSurgicalDentalOrVeterinaryEG,Exports of furniture medical surgical dental or veterinary eg
Exports_EconomicActivity_FurnitureMedicalSurgicalDentalOrVeterinaryEG_AsAFractionOf_Exports_EconomicActivity,Percentage of exports of furniture medical surgical dental or veterinary eg
Exports_EconomicActivity_FurskinsAndArtificialFurManufacturesThereof,Exports of furskins and artificial fur manufactures thereof
Exports_EconomicActivity_FurskinsAndArtificialFurManufacturesThereof_AsAFractionOf_Exports_EconomicActivity,Percentage of exports of furskins and artificial fur manufactures thereof
Exports_EconomicActivity_GarmentsAndClothingAccessoriesBabiesKnittedOr,Exports of garments and clothing accessories babies knitted or
Exports_EconomicActivity_GarmentsAndClothingAccessoriesBabiesKnittedOr_AsAFractionOf_Exports_EconomicActivity,Percentage of exports of garments and clothing accessories babies knitted or
Exports_EconomicActivity_GarmentsAndClothingAccessoriesBabiesNotKnittedOr,Exports of garments and clothing accessories babies not knitted
Exports_EconomicActivity_GarmentsAndClothingAccessoriesBabiesNotKnittedOr_AsAFractionOf_Exports_EconomicActivity,Percentage of exports of garments and clothing accessories babies not knitted
Exports_EconomicActivity_GarmentsKnittedOrCrochetedNECInChapter61,Exports of garments knitted or crocheted necin chapter
Exports_EconomicActivity_GarmentsKnittedOrCrochetedNECInChapter61_AsAFractionOf_Exports_EconomicActivity,Percentage of exports of garments knitted or crocheted necin chapter
Exports_EconomicActivity_GarmentsMadeUpOfFabricsOfHeadingNo5602560359035906,Exports of garments made up of fabrics of heading
Exports_EconomicActivity_GarmentsMadeUpOfFabricsOfHeadingNo5602560359035906_AsAFractionOf_Exports_EconomicActivity,Percentage of exports of garments made up of fabrics of heading
Exports_EconomicActivity_GarmentsMadeUpOfKnittedOrCrochetedFabricsOfHea6113,Exports of garments made up of knitted or crocheted
Exports_EconomicActivity_GarmentsMadeUpOfKnittedOrCrochetedFabricsOfHea6113_AsAFractionOf_Exports_EconomicActivity,Percentage of exports of garments made up of knitted or crocheted
Exports_EconomicActivity_GasLiquidOrElectricitySupplyOrProductionMeters,Exports of gas liquid or electricity supply or production
Exports_EconomicActivity_GasLiquidOrElectricitySupplyOrProductionMeters_AsAFractionOf_Exports_EconomicActivity,Percentage of exports of gas liquid or electricity supply or production
Exports_EconomicActivity_GasketsAndSimilarJointsOfMetalSheetingCombined8484,Exports of gaskets and similar joints of metal sheeting
Exports_EconomicActivity_GasketsAndSimilarJointsOfMetalSheetingCombined8484_AsAFractionOf_Exports_EconomicActivity,Percentage of exports of gaskets and similar joints of metal sheeting
Exports_EconomicActivity_GauzeOtherThanNarrowFabricsOfHeadingNo58065803,Exports of gauze other than narrow fabrics of heading
Exports_EconomicActivity_GauzeOtherThanNarrowFabricsOfHeadingNo58065803_AsAFractionOf_Exports_EconomicActivity,Percentage of exports of gauze other than narrow fabrics of heading
Exports_EconomicActivity_GelatinIncludingGelatinInRectangularSheetsWhet3503,Exports of gelatin including gelatin in rectangular sheets whet
Exports_EconomicActivity_GelatinIncludingGelatinInRectangularSheetsWhet3503_AsAFractionOf_Exports_EconomicActivity,Percentage of exports of gelatin including gelatin in rectangular sheets whet
Exports_EconomicActivity_GeneratorsForProducerOrWaterGasWithOrWithoutTheir,Exports of generators for producer or water gas with
Exports_EconomicActivity_GeneratorsForProducerOrWaterGasWithOrWithoutTheir_AsAFractionOf_Exports_EconomicActivity,Percentage of exports of generators for producer or water gas with
Exports_EconomicActivity_GingerSaffronTumericCurcumaThymeBayLeavesCurryAnd,Exports of ginger saffron tumeric curcuma thyme bay leaves
Exports_EconomicActivity_GingerSaffronTumericCurcumaThymeBayLeavesCurryAnd_AsAFractionOf_Exports_EconomicActivity,Percentage of exports of ginger saffron tumeric curcuma thyme bay leaves
Exports_EconomicActivity_GlandsAndOtherOrgansExtractsSecretionsThereofFor,Exports of glands and other organs extracts secretions thereof
Exports_EconomicActivity_GlandsAndOtherOrgansExtractsSecretionsThereofFor_AsAFractionOf_Exports_EconomicActivity,Percentage of exports of glands and other organs extracts secretions thereof
Exports_EconomicActivity_GlassAndGlassware,Exports of glass and glassware
Exports_EconomicActivity_GlassAndGlassware_AsAFractionOf_Exports_EconomicActivity,Percentage of exports of glass and glassware
Exports_EconomicActivity_GlassArticlesNECInChapter707020,Exports of glass articles necin chapter
Exports_EconomicActivity_GlassArticlesNECInChapter707020_AsAFractionOf_Exports_EconomicActivity,Percentage of exports of glass articles necin chapter
Exports_EconomicActivity_GlassBeadsImitationPearlsPreciousOrSemiPrecious,Exports of glass beads imitation pearls precious or semi
Exports_EconomicActivity_GlassBeadsImitationPearlsPreciousOrSemiPrecious_AsAFractionOf_Exports_EconomicActivity,Percentage of exports of glass beads imitation pearls precious or semi
Exports_EconomicActivity_GlassCastGlassAndRolledGlassInSheetsOrProfiles,Exports of glass cast glass and rolled glass in
Exports_EconomicActivity_GlassCastGlassAndRolledGlassInSheetsOrProfiles_AsAFractionOf_Exports_EconomicActivity,Percentage of exports of glass cast glass and rolled glass in
Exports_EconomicActivity_GlassCulletAndOtherWasteAndScrapOfGlassExcludi7001,Exports of glass cullet and other waste and scrap
Exports_EconomicActivity_GlassCulletAndOtherWasteAndScrapOfGlassExcludi7001_AsAFractionOf_Exports_EconomicActivity,Percentage of exports of glass cullet and other waste and scrap
Exports_EconomicActivity_GlassDrawnGlassAndBlownGlassInSheetsWhetherOrNot,Exports of glass drawn glass and blown glass in
Exports_EconomicActivity_GlassDrawnGlassAndBlownGlassInSheetsWhetherOrNot_AsAFractionOf_Exports_EconomicActivity,Percentage of exports of glass drawn glass and blown glass in
Exports_EconomicActivity_GlassEnvelopesIncludingBulbsAndTubesOpenAndGla7011,Exports of glass envelopes including bulbs and tubes open
Exports_EconomicActivity_GlassEnvelopesIncludingBulbsAndTubesOpenAndGla7011_AsAFractionOf_Exports_EconomicActivity,Percentage of exports of glass envelopes including bulbs and tubes open
Exports_EconomicActivity_GlassFibresIncludingGlassWoolAndArticlesThereofEG,Exports of glass fibres including glass wool and articles
Exports_EconomicActivity_GlassFibresIncludingGlassWoolAndArticlesThereofEG_AsAFractionOf_Exports_EconomicActivity,Percentage of exports of glass fibres including glass wool and articles
Exports_EconomicActivity_GlassFloatGlassAndSurfaceGroundOrPolishedGlass7005,Exports of glass float glass and surface ground or
Exports_EconomicActivity_GlassFloatGlassAndSurfaceGroundOrPolishedGlass7005_AsAFractionOf_Exports_EconomicActivity,Percentage of exports of glass float glass and surface ground or
Exports_EconomicActivity_GlassInBallsOtherThanMicrospheresOfHeadingNo7018,Exports of glass in balls other than microspheres of
Exports_EconomicActivity_GlassInBallsOtherThanMicrospheresOfHeadingNo7018_AsAFractionOf_Exports_EconomicActivity,Percentage of exports of glass in balls other than microspheres of
Exports_EconomicActivity_GlassMirrorsWhetherOrNotFramedIncludingRearView,Exports of glass mirrors whether or not framed including
Exports_EconomicActivity_GlassMirrorsWhetherOrNotFramedIncludingRearView_AsAFractionOf_Exports_EconomicActivity,Percentage of exports of glass mirrors whether or not framed including
Exports_EconomicActivity_GlassMultipleWalledInsulatingUnitsOfGlass7008,Exports of glass multiple walled insulating units of glass
Exports_EconomicActivity_GlassMultipleWalledInsulatingUnitsOfGlass7008_AsAFractionOf_Exports_EconomicActivity,Percentage of exports of glass multiple walled insulating units of glass
Exports_EconomicActivity_GlassOfHeadingNo70037004Or7005BentEdgeWorked7006,Exports of glass of heading no70037004or7005bent edge worked
Exports_EconomicActivity_GlassOfHeadingNo70037004Or7005BentEdgeWorked7006_AsAFractionOf_Exports_EconomicActivity,Percentage of exports of glass of heading no70037004or7005bent edge worked
Exports_EconomicActivity_GlassPavingBlocksSlabsBricksTilesEtcOfPressed,Exports of glass paving blocks slabs bricks tiles etc
Exports_EconomicActivity_GlassPavingBlocksSlabsBricksTilesEtcOfPressed_AsAFractionOf_Exports_EconomicActivity,Percentage of exports of glass paving blocks slabs bricks tiles etc
Exports_EconomicActivity_GlasswareOfAKindUsedForTableKitchenToiletOffic7013,Exports of glassware of akind used for table kitchen
Exports_EconomicActivity_GlasswareOfAKindUsedForTableKitchenToiletOffic7013_AsAFractionOf_Exports_EconomicActivity,Percentage of exports of glassware of akind used for table kitchen
Exports_EconomicActivity_GlaziersPuttyGraftingPuttyResinCementsCaulking,Exports of glaziers putty grafting putty resin cements caulking
Exports_EconomicActivity_GlaziersPuttyGraftingPuttyResinCementsCaulking_AsAFractionOf_Exports_EconomicActivity,Percentage of exports of glaziers putty grafting putty resin cements caulking
Exports_EconomicActivity_GlovesMittensAndMittsKnittedOrCrocheted,Exports of gloves mittens and mitts knitted or crocheted
Exports_EconomicActivity_GlovesMittensAndMittsKnittedOrCrocheted_AsAFractionOf_Exports_EconomicActivity,Percentage of exports of gloves mittens and mitts knitted or crocheted
Exports_EconomicActivity_GlovesMittensAndMittsNotKnittedOrCrocheted6216,Exports of gloves mittens and mitts not knitted or
Exports_EconomicActivity_GlovesMittensAndMittsNotKnittedOrCrocheted6216_AsAFractionOf_Exports_EconomicActivity,Percentage of exports of gloves mittens and mitts not knitted or
Exports_EconomicActivity_GlycerolCrudeGlycerolWatersAndGlycerolLyes1520,Exports of glycerol crude glycerol waters and glycerol lyes
Exports_EconomicActivity_GlycerolCrudeGlycerolWatersAndGlycerolLyes1520_AsAFractionOf_Exports_EconomicActivity,Percentage of exports of glycerol crude glycerol waters and glycerol lyes
Exports_EconomicActivity_GlycosidesNaturalOrReproducedBySynthesisAndTheir,Exports of glycosides natural or reproduced by synthesis and
Exports_EconomicActivity_GlycosidesNaturalOrReproducedBySynthesisAndTheir_AsAFractionOf_Exports_EconomicActivity,Percentage of exports of glycosides natural or reproduced by synthesis and
Exports_EconomicActivity_GoldIncludingGoldPlatedWithPlatinumUnwroughtOrIn,Exports of gold including gold plated with platinum unwrought
Exports_EconomicActivity_GoldIncludingGoldPlatedWithPlatinumUnwroughtOrIn_AsAFractionOf_Exports_EconomicActivity,Percentage of exports of gold including gold plated with platinum unwrought
Exports_EconomicActivity_GrainSorghum,Exports of grain sorghum
Exports_EconomicActivity_GrainSorghum_AsAFractionOf_Exports_EconomicActivity,Percentage of exports of grain sorghum
Exports_EconomicActivity_GranitePorphyryBasaltSandstoneOtherMonumentalAnd,Exports of granite porphyry basalt sandstone other monumental and
Exports_EconomicActivity_GranitePorphyryBasaltSandstoneOtherMonumentalAnd_AsAFractionOf_Exports_EconomicActivity,Percentage of exports of granite porphyry basalt sandstone other monumental and
Exports_EconomicActivity_GranulatedSlagSlagSandFromTheManufactureOfIronOr,Exports of granulated slag slag sand from the manufacture
Exports_EconomicActivity_GranulatedSlagSlagSandFromTheManufactureOfIronOr_AsAFractionOf_Exports_EconomicActivity,Percentage of exports of granulated slag slag sand from the manufacture
Exports_EconomicActivity_GranulesAndPowdersOfPigIronSpiegeleisenIronOrSteel,Exports of granules and powders of pig iron spiegeleisen
Exports_EconomicActivity_GranulesAndPowdersOfPigIronSpiegeleisenIronOrSteel_AsAFractionOf_Exports_EconomicActivity,Percentage of exports of granules and powders of pig iron spiegeleisen
Exports_EconomicActivity_GrapesFreshOrDried,Exports of grapes fresh or dried
Exports_EconomicActivity_GrapesFreshOrDried_AsAFractionOf_Exports_EconomicActivity,Percentage of exports of grapes fresh or dried
Exports_EconomicActivity_GraphiteNatural,Exports of graphite natural
Exports_EconomicActivity_GraphiteNatural_AsAFractionOf_Exports_EconomicActivity,Percentage of exports of graphite natural
Exports_EconomicActivity_GroundNutOilAndItsFractionsWhetherOrNotRefinedBut,Exports of ground nut oil and its fractions whether
Exports_EconomicActivity_GroundNutOilAndItsFractionsWhetherOrNotRefinedBut_AsAFractionOf_Exports_EconomicActivity,Percentage of exports of ground nut oil and its fractions whether
Exports_EconomicActivity_GroundNutsNotRoastedOrOtherwiseCookedWhetherOrNot,Exports of ground nuts not roasted or otherwise cooked
Exports_EconomicActivity_GroundNutsNotRoastedOrOtherwiseCookedWhetherOrNot_AsAFractionOf_Exports_EconomicActivity,Percentage of exports of ground nuts not roasted or otherwise cooked
Exports_EconomicActivity_GumWoodOrSulphateTurpentineOtherTerpenicOilsCrude,Exports of gum wood or sulphate turpentine other terpenic
Exports_EconomicActivity_GumWoodOrSulphateTurpentineOtherTerpenicOilsCrude_AsAFractionOf_Exports_EconomicActivity,Percentage of exports of gum wood or sulphate turpentine other terpenic
Exports_EconomicActivity_GutsBladdersAndStomachsOfAnimalsOtherThanFishWhole,Exports of guts bladders and stomachs of animals other
Exports_EconomicActivity_GutsBladdersAndStomachsOfAnimalsOtherThanFishWhole_AsAFractionOf_Exports_EconomicActivity,Percentage of exports of guts bladders and stomachs of animals other
Exports_EconomicActivity_GymnasticsAthleticsOtherSportsIncludingTableTennis,Exports of gymnastics athletics other sports including table tennis
Exports_EconomicActivity_GymnasticsAthleticsOtherSportsIncludingTableTennis_AsAFractionOf_Exports_EconomicActivity,Percentage of exports of gymnastics athletics other sports including table tennis
Exports_EconomicActivity_GypsumAnhydritePlastersConsistingOfCalcinedGypsum,Exports of gypsum anhydrite plasters consisting of calcined gypsum
Exports_EconomicActivity_GypsumAnhydritePlastersConsistingOfCalcinedGypsum_AsAFractionOf_Exports_EconomicActivity,Percentage of exports of gypsum anhydrite plasters consisting of calcined gypsum
Exports_EconomicActivity_HairPreparationsForUseOnTheHair,Exports of hair preparations for use on the hair
Exports_EconomicActivity_HairPreparationsForUseOnTheHair_AsAFractionOf_Exports_EconomicActivity,Percentage of exports of hair preparations for use on the hair
Exports_EconomicActivity_HalidesAndHalideOxidesOfNonMetals,Exports of halides and halide oxides of non metals
Exports_EconomicActivity_HalidesAndHalideOxidesOfNonMetals_AsAFractionOf_Exports_EconomicActivity,Percentage of exports of halides and halide oxides of non metals
Exports_EconomicActivity_HalogenatedDerivativesOfHydrocarbons,Exports of halogenated derivatives of hydrocarbons
Exports_EconomicActivity_HalogenatedDerivativesOfHydrocarbons_AsAFractionOf_Exports_EconomicActivity,Percentage of exports of halogenated derivatives of hydrocarbons
Exports_EconomicActivity_HandSievesAndHandRiddles9604,Exports of hand sieves and hand riddles
Exports_EconomicActivity_HandSievesAndHandRiddles9604_AsAFractionOf_Exports_EconomicActivity,Percentage of exports of hand sieves and hand riddles
Exports_EconomicActivity_HandkerchiefsNotKnittedOrCrocheted,Exports of handkerchiefs not knitted or crocheted
Exports_EconomicActivity_HandkerchiefsNotKnittedOrCrocheted_AsAFractionOf_Exports_EconomicActivity,Percentage of exports of handkerchiefs not knitted or crocheted
Exports_EconomicActivity_HardRubberEGEboniteInAllFormsIncludingWasteAnd,Exports of hard rubber egebonite in all forms including
Exports_EconomicActivity_HardRubberEGEboniteInAllFormsIncludingWasteAnd_AsAFractionOf_Exports_EconomicActivity,Percentage of exports of hard rubber egebonite in all forms including
Exports_EconomicActivity_HarvestingAndThreshingMachineryStrawAndFodder,Exports of harvesting and threshing machinery straw and fodder
Exports_EconomicActivity_HarvestingAndThreshingMachineryStrawAndFodder_AsAFractionOf_Exports_EconomicActivity,Percentage of exports of harvesting and threshing machinery straw and fodder
Exports_EconomicActivity_HatFormsHatBodiesAndHoodsOfFeltNeitherBlockedT6501,Exports of hat forms hat bodies and hoods of
Exports_EconomicActivity_HatFormsHatBodiesAndHoodsOfFeltNeitherBlockedT6501_AsAFractionOf_Exports_EconomicActivity,Percentage of exports of hat forms hat bodies and hoods of
Exports_EconomicActivity_HatShapesPlaitedOrMadeByAssemblingStripsOfAny6502,Exports of hat shapes plaited or made by assembling
Exports_EconomicActivity_HatShapesPlaitedOrMadeByAssemblingStripsOfAny6502_AsAFractionOf_Exports_EconomicActivity,Percentage of exports of hat shapes plaited or made by assembling
Exports_EconomicActivity_HatsAndOtherHeadgearKnittedOrCrochetedOrMadeUp6505,Exports of hats and other headgear knitted or crocheted
Exports_EconomicActivity_HatsAndOtherHeadgearKnittedOrCrochetedOrMadeUp6505_AsAFractionOf_Exports_EconomicActivity,Percentage of exports of hats and other headgear knitted or crocheted
Exports_EconomicActivity_HatsAndOtherHeadgearPlaitedOrMadeByAssembling6504,Exports of hats and other headgear plaited or made
Exports_EconomicActivity_HatsAndOtherHeadgearPlaitedOrMadeByAssembling6504_AsAFractionOf_Exports_EconomicActivity,Percentage of exports of hats and other headgear plaited or made
Exports_EconomicActivity_HeadBandsLiningsCoversHatFoundationsHatFramesP6507,Exports of head bands linings covers hat foundations hat
Exports_EconomicActivity_HeadBandsLiningsCoversHatFoundationsHatFramesP6507_AsAFractionOf_Exports_EconomicActivity,Percentage of exports of head bands linings covers hat foundations hat
Exports_EconomicActivity_HeadgearAndPartsThereof,Exports of headgear and parts thereof
Exports_EconomicActivity_HeadgearAndPartsThereof_AsAFractionOf_Exports_EconomicActivity,Percentage of exports of headgear and parts thereof
Exports_EconomicActivity_HeadgearNECInChapter65WhetherOrNotLinedOrTrimmed,Exports of headgear necin chapter65whether or not lined or
Exports_EconomicActivity_HeadgearNECInChapter65WhetherOrNotLinedOrTrimmed_AsAFractionOf_Exports_EconomicActivity,Percentage of exports of headgear necin chapter65whether or not lined or
Exports_EconomicActivity_HeterocyclicCompoundsWithNitrogenHeteroAtomSOn2933,Exports of heterocyclic compounds with nitrogen hetero atom son
Exports_EconomicActivity_HeterocyclicCompoundsWithNitrogenHeteroAtomSOn2933_AsAFractionOf_Exports_EconomicActivity,Percentage of exports of heterocyclic compounds with nitrogen hetero atom son
Exports_EconomicActivity_HeterocyclicCompoundsWithOxygenHeteroAtomSOnly2932,Exports of heterocyclic compounds with oxygen hetero atom sonly
Exports_EconomicActivity_HeterocyclicCompoundsWithOxygenHeteroAtomSOnly2932_AsAFractionOf_Exports_EconomicActivity,Percentage of exports of heterocyclic compounds with oxygen hetero atom sonly
Exports_EconomicActivity_HoneyNatural0409,Exports of honey natural
Exports_EconomicActivity_HoneyNatural0409_AsAFractionOf_Exports_EconomicActivity,Percentage of exports of honey natural
Exports_EconomicActivity_HoopwoodSplitPolesPilesPicketsStakesOfWoodPointed,Exports of hoopwood split poles piles pickets stakes of
Exports_EconomicActivity_HoopwoodSplitPolesPilesPicketsStakesOfWoodPointed_AsAFractionOf_Exports_EconomicActivity,Percentage of exports of hoopwood split poles piles pickets stakes of
Exports_EconomicActivity_HopConesFreshOrDriedWhetherOrNotGroundPowderedOrIn,Exports of hop cones fresh or dried whether or
Exports_EconomicActivity_HopConesFreshOrDriedWhetherOrNotGroundPowderedOrIn_AsAFractionOf_Exports_EconomicActivity,Percentage of exports of hop cones fresh or dried whether or
Exports_EconomicActivity_HormonesProstaglandinsThromboxanesAndLeukotrie2937,Exports of hormones prostaglandins thromboxanes and leukotrie
Exports_EconomicActivity_HormonesProstaglandinsThromboxanesAndLeukotrie2937_AsAFractionOf_Exports_EconomicActivity,Percentage of exports of hormones prostaglandins thromboxanes and leukotrie
Exports_EconomicActivity_HorsesAssesMulesAndHinniesLive,Exports of horses asses mules and hinnies live
Exports_EconomicActivity_HorsesAssesMulesAndHinniesLive_AsAFractionOf_Exports_EconomicActivity,Percentage of exports of horses asses mules and hinnies live
Exports_EconomicActivity_HosieryPantyHoseTightsStockingsSocksAndOther,Exports of hosiery panty hose tights stockings socks and
Exports_EconomicActivity_HosieryPantyHoseTightsStockingsSocksAndOther_AsAFractionOf_Exports_EconomicActivity,Percentage of exports of hosiery panty hose tights stockings socks and
Exports_EconomicActivity_HouseholdOrLaundryTypeWashingMachinesIncluding,Exports of household or laundry type washing machines including
Exports_EconomicActivity_HouseholdOrLaundryTypeWashingMachinesIncluding_AsAFractionOf_Exports_EconomicActivity,Percentage of exports of household or laundry type washing machines including
Exports_EconomicActivity_HumanBloodAnimalBloodForTherapeuticProphylacticOr,Exports of human blood animal blood for therapeutic prophylactic
Exports_EconomicActivity_HumanBloodAnimalBloodForTherapeuticProphylacticOr_AsAFractionOf_Exports_EconomicActivity,Percentage of exports of human blood animal blood for therapeutic prophylactic
Exports_EconomicActivity_HumanHairDressedThinnedBleachedOrOtherwiseWork6703,Exports of human hair dressed thinned bleached or otherwise
Exports_EconomicActivity_HumanHairDressedThinnedBleachedOrOtherwiseWork6703_AsAFractionOf_Exports_EconomicActivity,Percentage of exports of human hair dressed thinned bleached or otherwise
Exports_EconomicActivity_HumanHairUnworkedWhetherOrNotWashedOrScouredWaste,Exports of human hair unworked whether or not washed
Exports_EconomicActivity_HumanHairUnworkedWhetherOrNotWashedOrScouredWaste_AsAFractionOf_Exports_EconomicActivity,Percentage of exports of human hair unworked whether or not washed
Exports_EconomicActivity_HydraulicBrakeFluidsAndOtherPreparedLiquidsFor,Exports of hydraulic brake fluids and other prepared liquids
Exports_EconomicActivity_HydraulicBrakeFluidsAndOtherPreparedLiquidsFor_AsAFractionOf_Exports_EconomicActivity,Percentage of exports of hydraulic brake fluids and other prepared liquids
Exports_EconomicActivity_HydrazineAndHydroxylamineAndTheirInorganicSalt2825,Exports of hydrazine and hydroxylamine and their inorganic salt
Exports_EconomicActivity_HydrazineAndHydroxylamineAndTheirInorganicSalt2825_AsAFractionOf_Exports_EconomicActivity,Percentage of exports of hydrazine and hydroxylamine and their inorganic salt
Exports_EconomicActivity_HydridesNitridesAzidesSilicidesAndBoridesWheth2850,Exports of hydrides nitrides azides silicides and borides wheth
Exports_EconomicActivity_HydridesNitridesAzidesSilicidesAndBoridesWheth2850_AsAFractionOf_Exports_EconomicActivity,Percentage of exports of hydrides nitrides azides silicides and borides wheth
Exports_EconomicActivity_HydrogenChlorideHydrochloricAcidChlorosulphuric,Exports of hydrogen chloride hydrochloric acid chlorosulphuric
Exports_EconomicActivity_HydrogenChlorideHydrochloricAcidChlorosulphuric_AsAFractionOf_Exports_EconomicActivity,Percentage of exports of hydrogen chloride hydrochloric acid chlorosulphuric
Exports_EconomicActivity_HydrogenPeroxideWhetherOrNotSolidifiedWithUrea2847,Exports of hydrogen peroxide whether or not solidified with
Exports_EconomicActivity_HydrogenPeroxideWhetherOrNotSolidifiedWithUrea2847_AsAFractionOf_Exports_EconomicActivity,Percentage of exports of hydrogen peroxide whether or not solidified with
Exports_EconomicActivity_HydrogenRareGasesAndOtherNonMetals,Exports of hydrogen rare gases and other non metals
Exports_EconomicActivity_HydrogenRareGasesAndOtherNonMetals_AsAFractionOf_Exports_EconomicActivity,Percentage of exports of hydrogen rare gases and other non metals
Exports_EconomicActivity_HydrometersAndSimilarFloatingInstruments9025,Exports of hydrometers and similar floating instruments
Exports_EconomicActivity_HydrometersAndSimilarFloatingInstruments9025_AsAFractionOf_Exports_EconomicActivity,Percentage of exports of hydrometers and similar floating instruments
Exports_EconomicActivity_HydroxideAndPeroxideOfMagnesiumOxidesHydroxidesAnd,Exports of hydroxide and peroxide of magnesium oxides hydroxides
Exports_EconomicActivity_HydroxideAndPeroxideOfMagnesiumOxidesHydroxidesAnd_AsAFractionOf_Exports_EconomicActivity,Percentage of exports of hydroxide and peroxide of magnesium oxides hydroxides
Exports_EconomicActivity_HygienicOrPharmaceuticalArticlesIncludingTeatsOf,Exports of hygienic or pharmaceutical articles including teats of
Exports_EconomicActivity_HygienicOrPharmaceuticalArticlesIncludingTeatsOf_AsAFractionOf_Exports_EconomicActivity,Percentage of exports of hygienic or pharmaceutical articles including teats of
Exports_EconomicActivity_HypochloritesCommercialCalciumHypochlorite,Exports of hypochlorites commercial calcium hypochlorite
Exports_EconomicActivity_HypochloritesCommercialCalciumHypochlorite_AsAFractionOf_Exports_EconomicActivity,Percentage of exports of hypochlorites commercial calcium hypochlorite
Exports_EconomicActivity_IceCreamAndOtherEdibleIceWhetherOrNotContainin2105,Exports of ice cream and other edible ice whether
Exports_EconomicActivity_IceCreamAndOtherEdibleIceWhetherOrNotContainin2105_AsAFractionOf_Exports_EconomicActivity,Percentage of exports of ice cream and other edible ice whether
Exports_EconomicActivity_IgnitionOrStartingEquipmentUsedForSparkIgnitionOr,Exports of ignition or starting equipment used for spark
Exports_EconomicActivity_IgnitionOrStartingEquipmentUsedForSparkIgnitionOr_AsAFractionOf_Exports_EconomicActivity,Percentage of exports of ignition or starting equipment used for spark
Exports_EconomicActivity_ImageProjectorsOtherThanCinematographic,Exports of image projectors other than cinematographic
Exports_EconomicActivity_ImageProjectorsOtherThanCinematographic_AsAFractionOf_Exports_EconomicActivity,Percentage of exports of image projectors other than cinematographic
Exports_EconomicActivity_ImitationJewellery,Exports of imitation jewellery
Exports_EconomicActivity_ImitationJewellery_AsAFractionOf_Exports_EconomicActivity,Percentage of exports of imitation jewellery
Exports_EconomicActivity_IndustrialMonocarboxylicFattyAcidsAcidOilsFrom3823,Exports of industrial monocarboxylic fatty acids acid oils from
Exports_EconomicActivity_IndustrialMonocarboxylicFattyAcidsAcidOilsFrom3823_AsAFractionOf_Exports_EconomicActivity,Percentage of exports of industrial monocarboxylic fatty acids acid oils from
Exports_EconomicActivity_IndustrialOrLaboratoryElectricFurnacesAndOvens,Exports of industrial or laboratory electric furnaces and ovens
Exports_EconomicActivity_IndustrialOrLaboratoryElectricFurnacesAndOvens_AsAFractionOf_Exports_EconomicActivity,Percentage of exports of industrial or laboratory electric furnaces and ovens
Exports_EconomicActivity_InkPrintingWritingOrDrawingInkAndOtherInksWhether,Exports of ink printing writing or drawing ink and
Exports_EconomicActivity_InkPrintingWritingOrDrawingInkAndOtherInksWhether_AsAFractionOf_Exports_EconomicActivity,Percentage of exports of ink printing writing or drawing ink and
Exports_EconomicActivity_InnerTubesOfRubber,Exports of inner tubes of rubber
Exports_EconomicActivity_InnerTubesOfRubber_AsAFractionOf_Exports_EconomicActivity,Percentage of exports of inner tubes of rubber
Exports_EconomicActivity_InorganicAcidsAndOtherInorganicOxygenCompoundsOf,Exports of inorganic acids and other inorganic oxygen compounds
Exports_EconomicActivity_InorganicAcidsAndOtherInorganicOxygenCompoundsOf_AsAFractionOf_Exports_EconomicActivity,Percentage of exports of inorganic acids and other inorganic oxygen compounds
Exports_EconomicActivity_InorganicChemicalsOrganicAndInorganicCompoundsOf,Exports of inorganic chemicals organic and inorganic compounds of
Exports_EconomicActivity_InorganicChemicalsOrganicAndInorganicCompoundsOf_AsAFractionOf_Exports_EconomicActivity,Percentage of exports of inorganic chemicals organic and inorganic compounds of
Exports_EconomicActivity_InorganicOrOrganicCompoundsOfMercuryExcluding2852,Exports of inorganic or organic compounds of mercury excluding
Exports_EconomicActivity_InorganicOrOrganicCompoundsOfMercuryExcluding2852_AsAFractionOf_Exports_EconomicActivity,Percentage of exports of inorganic or organic compounds of mercury excluding
Exports_EconomicActivity_InsecticidesRodenticidesFungicidesHerbicidesAnti,Exports of insecticides rodenticides fungicides herbicides anti
Exports_EconomicActivity_InsecticidesRodenticidesFungicidesHerbicidesAnti_AsAFractionOf_Exports_EconomicActivity,Percentage of exports of insecticides rodenticides fungicides herbicides anti
Exports_EconomicActivity_InstrumentPanelClocksAndClocksOfASimilarTypeFor,Exports of instrument panel clocks and clocks of asimilar
Exports_EconomicActivity_InstrumentPanelClocksAndClocksOfASimilarTypeFor_AsAFractionOf_Exports_EconomicActivity,Percentage of exports of instrument panel clocks and clocks of asimilar
Exports_EconomicActivity_InstrumentsAndApparatusForPhysicalOrChemical9027,Exports of instruments and apparatus for physical or chemical
Exports_EconomicActivity_InstrumentsAndApparatusForPhysicalOrChemical9027_AsAFractionOf_Exports_EconomicActivity,Percentage of exports of instruments and apparatus for physical or chemical
Exports_EconomicActivity_InstrumentsAndAppliancesUsedInMedicalSurgical,Exports of instruments and appliances used in medical surgical
Exports_EconomicActivity_InstrumentsAndAppliancesUsedInMedicalSurgical_AsAFractionOf_Exports_EconomicActivity,Percentage of exports of instruments and appliances used in medical surgical
Exports_EconomicActivity_InstrumentsApparatusAndModelsDesignedFor9023,Exports of instruments apparatus and models designed for
Exports_EconomicActivity_InstrumentsApparatusAndModelsDesignedFor9023_AsAFractionOf_Exports_EconomicActivity,Percentage of exports of instruments apparatus and models designed for
Exports_EconomicActivity_InstrumentsApparatusForMeasuringCheckingElectr9030,Exports of instruments apparatus for measuring checking electr
Exports_EconomicActivity_InstrumentsApparatusForMeasuringCheckingElectr9030_AsAFractionOf_Exports_EconomicActivity,Percentage of exports of instruments apparatus for measuring checking electr
Exports_EconomicActivity_InstrumentsApparatusForMeasuringOrCheckingTheFlow,Exports of instruments apparatus for measuring or checking the
Exports_EconomicActivity_InstrumentsApparatusForMeasuringOrCheckingTheFlow_AsAFractionOf_Exports_EconomicActivity,Percentage of exports of instruments apparatus for measuring or checking the
Exports_EconomicActivity_InsulatedWireCableAndOtherElectricConductors,Exports of insulated wire cable and other electric conductors
Exports_EconomicActivity_InsulatedWireCableAndOtherElectricConductors_AsAFractionOf_Exports_EconomicActivity,Percentage of exports of insulated wire cable and other electric conductors
Exports_EconomicActivity_InsulatingFittingsForElectricalMachinesAppliances,Exports of insulating fittings for electrical machines appliances
Exports_EconomicActivity_InsulatingFittingsForElectricalMachinesAppliances_AsAFractionOf_Exports_EconomicActivity,Percentage of exports of insulating fittings for electrical machines appliances
Exports_EconomicActivity_IonExchangersBasedOnPolymersOfHeadingNo3901To33914,Exports of ion exchangers based on polymers of heading
Exports_EconomicActivity_IonExchangersBasedOnPolymersOfHeadingNo3901To33914_AsAFractionOf_Exports_EconomicActivity,Percentage of exports of ion exchangers based on polymers of heading
Exports_EconomicActivity_IronAndNonAlloySteelInIngotsOrOtherPrimaryForms,Exports of iron and non alloy steel in ingots
Exports_EconomicActivity_IronAndNonAlloySteelInIngotsOrOtherPrimaryForms_AsAFractionOf_Exports_EconomicActivity,Percentage of exports of iron and non alloy steel in ingots
Exports_EconomicActivity_IronAndSteel,Exports of iron and steel
Exports_EconomicActivity_IronAndSteel_AsAFractionOf_Exports_EconomicActivity,Percentage of exports of iron and steel
Exports_EconomicActivity_IronOrNonAlloySteelAnglesShapesAndSections,Exports of iron or non alloy steel angles shapes
Exports_EconomicActivity_IronOrNonAlloySteelAnglesShapesAndSections_AsAFractionOf_Exports_EconomicActivity,Percentage of exports of iron or non alloy steel angles shapes
Exports_EconomicActivity_IronOrNonAlloySteelBarsAndRodsHotRolledIn7213,Exports of iron or non alloy steel bars and
Exports_EconomicActivity_IronOrNonAlloySteelBarsAndRodsHotRolledIn7213_AsAFractionOf_Exports_EconomicActivity,Percentage of exports of iron or non alloy steel bars and
Exports_EconomicActivity_IronOrNonAlloySteelBarsAndRodsNECInChapter72,Exports of iron or non alloy steel bars and
Exports_EconomicActivity_IronOrNonAlloySteelBarsAndRodsNECInChapter72_AsAFractionOf_Exports_EconomicActivity,Percentage of exports of iron or non alloy steel bars and
Exports_EconomicActivity_IronOrNonAlloySteelBarsAndRodsNotFurtherWorkedThan,Exports of iron or non alloy steel bars and
Exports_EconomicActivity_IronOrNonAlloySteelBarsAndRodsNotFurtherWorkedThan_AsAFractionOf_Exports_EconomicActivity,Percentage of exports of iron or non alloy steel bars and
Exports_EconomicActivity_IronOrNonAlloySteelFlatRolledProductsOfAWidthOf,Exports of iron or non alloy steel flat rolled
Exports_EconomicActivity_IronOrNonAlloySteelFlatRolledProductsOfAWidthOf_AsAFractionOf_Exports_EconomicActivity,Percentage of exports of iron or non alloy steel flat rolled
Exports_EconomicActivity_IronOrNonAlloySteelFlatRolledProductsWidth600m7209,Exports of iron or non alloy steel flat rolled
Exports_EconomicActivity_IronOrNonAlloySteelFlatRolledProductsWidth600m7209_AsAFractionOf_Exports_EconomicActivity,Percentage of exports of iron or non alloy steel flat rolled
Exports_EconomicActivity_IronOrNonAlloySteelFlatRolledProductsWidth600m7210,Exports of iron or non alloy steel flat rolled
Exports_EconomicActivity_IronOrNonAlloySteelFlatRolledProductsWidth600m7210_AsAFractionOf_Exports_EconomicActivity,Percentage of exports of iron or non alloy steel flat rolled
Exports_EconomicActivity_IronOrNonAlloySteelFlatRolledProductsWidthLess7211,Exports of iron or non alloy steel flat rolled
Exports_EconomicActivity_IronOrNonAlloySteelFlatRolledProductsWidthLess7211_AsAFractionOf_Exports_EconomicActivity,Percentage of exports of iron or non alloy steel flat rolled
Exports_EconomicActivity_IronOrNonAlloySteelFlatRolledProductsWidthLess7212,Exports of iron or non alloy steel flat rolled
Exports_EconomicActivity_IronOrNonAlloySteelFlatRolledProductsWidthLess7212_AsAFractionOf_Exports_EconomicActivity,Percentage of exports of iron or non alloy steel flat rolled
Exports_EconomicActivity_IronOrNonAlloySteelSemiFinishedProductsThereof,Exports of iron or non alloy steel semi finished
Exports_EconomicActivity_IronOrNonAlloySteelSemiFinishedProductsThereof_AsAFractionOf_Exports_EconomicActivity,Percentage of exports of iron or non alloy steel semi finished
Exports_EconomicActivity_IronOrSteelArticles,Exports of iron or steel articles
Exports_EconomicActivity_IronOrSteelArticlesNECInChapter73,Exports of iron or steel articles necin chapter
Exports_EconomicActivity_IronOrSteelArticlesNECInChapter73_AsAFractionOf_Exports_EconomicActivity,Percentage of exports of iron or steel articles necin chapter
Exports_EconomicActivity_IronOrSteelArticles_AsAFractionOf_Exports_EconomicActivity,Percentage of exports of iron or steel articles
Exports_EconomicActivity_IronOrSteelCastArticles,Exports of iron or steel cast articles
Exports_EconomicActivity_IronOrSteelCastArticles_AsAFractionOf_Exports_EconomicActivity,Percentage of exports of iron or steel cast articles
Exports_EconomicActivity_IronOrSteelExcludingCastIronTubesAndPipesEGWelded,Exports of iron or steel excluding cast iron tubes
Exports_EconomicActivity_IronOrSteelExcludingCastIronTubesAndPipesEGWelded_AsAFractionOf_Exports_EconomicActivity,Percentage of exports of iron or steel excluding cast iron tubes
Exports_EconomicActivity_IronOrSteelExcludingCastIronTubesPipesAndHollo7306,Exports of iron or steel excluding cast iron tubes
Exports_EconomicActivity_IronOrSteelExcludingCastIronTubesPipesAndHollo7306_AsAFractionOf_Exports_EconomicActivity,Percentage of exports of iron or steel excluding cast iron tubes
Exports_EconomicActivity_IronOrSteelSheetPilingWhetherOrNotDrilledPunch7301,Exports of iron or steel sheet piling whether or
Exports_EconomicActivity_IronOrSteelSheetPilingWhetherOrNotDrilledPunch7301_AsAFractionOf_Exports_EconomicActivity,Percentage of exports of iron or steel sheet piling whether or
Exports_EconomicActivity_IronOresAndConcentratesIncludingRoastedIronPyrites,Exports of iron ores and concentrates including roasted iron
Exports_EconomicActivity_IronOresAndConcentratesIncludingRoastedIronPyrites_AsAFractionOf_Exports_EconomicActivity,Percentage of exports of iron ores and concentrates including roasted iron
Exports_EconomicActivity_IronOxidesAndHydroxidesEarthColoursContaining70Or,Exports of iron oxides and hydroxides earth colours containing70or
Exports_EconomicActivity_IronOxidesAndHydroxidesEarthColoursContaining70Or_AsAFractionOf_Exports_EconomicActivity,Percentage of exports of iron oxides and hydroxides earth colours containing70or
Exports_EconomicActivity_IronPyritesUnroasted2502,Exports of iron pyrites unroasted
Exports_EconomicActivity_IronPyritesUnroasted2502_AsAFractionOf_Exports_EconomicActivity,Percentage of exports of iron pyrites unroasted
Exports_EconomicActivity_IsotopesOtherThanThoseOfHeadingNo2844Compounds,Exports of isotopes other than those of heading no2844compounds
Exports_EconomicActivity_IsotopesOtherThanThoseOfHeadingNo2844Compounds_AsAFractionOf_Exports_EconomicActivity,Percentage of exports of isotopes other than those of heading no2844compounds
Exports_EconomicActivity_IvoryBoneTortoiseShellHornAntlersCoralMotherOf,Exports of ivory bone tortoise shell horn antlers coral
Exports_EconomicActivity_IvoryBoneTortoiseShellHornAntlersCoralMotherOf_AsAFractionOf_Exports_EconomicActivity,Percentage of exports of ivory bone tortoise shell horn antlers coral
Exports_EconomicActivity_IvoryTortoiseShellWhaleboneAndWhaleboneHairHorns,Exports of ivory tortoise shell whalebone and whalebone hair
Exports_EconomicActivity_IvoryTortoiseShellWhaleboneAndWhaleboneHairHorns_AsAFractionOf_Exports_EconomicActivity,Percentage of exports of ivory tortoise shell whalebone and whalebone hair
Exports_EconomicActivity_JamsFruitJelliesMarmaladesFruitOrNutPureeAndFr2007,Exports of jams fruit jellies marmalades fruit or nut
Exports_EconomicActivity_JamsFruitJelliesMarmaladesFruitOrNutPureeAndFr2007_AsAFractionOf_Exports_EconomicActivity,Percentage of exports of jams fruit jellies marmalades fruit or nut
Exports_EconomicActivity_JerseysPulloversCardigansWaistcoatsAndSimilar6110,Exports of jerseys pullovers cardigans waistcoats and similar
Exports_EconomicActivity_JerseysPulloversCardigansWaistcoatsAndSimilar6110_AsAFractionOf_Exports_EconomicActivity,Percentage of exports of jerseys pullovers cardigans waistcoats and similar
Exports_EconomicActivity_JewelleryArticlesAndPartsThereofOfPreciousMetalOr,Exports of jewellery articles and parts thereof of precious
Exports_EconomicActivity_JewelleryArticlesAndPartsThereofOfPreciousMetalOr_AsAFractionOf_Exports_EconomicActivity,Percentage of exports of jewellery articles and parts thereof of precious
Exports_EconomicActivity_JuteAndOtherTextileBastFibresNotFlaxTrueHempAnd,Exports of jute and other textile bast fibres not
Exports_EconomicActivity_JuteAndOtherTextileBastFibresNotFlaxTrueHempAnd_AsAFractionOf_Exports_EconomicActivity,Percentage of exports of jute and other textile bast fibres not
Exports_EconomicActivity_KaolinAndOtherKaolinicClaysWhetherOrNotCalcine2507,Exports of kaolin and other kaolinic clays whether or
Exports_EconomicActivity_KaolinAndOtherKaolinicClaysWhetherOrNotCalcine2507_AsAFractionOf_Exports_EconomicActivity,Percentage of exports of kaolin and other kaolinic clays whether or
Exports_EconomicActivity_KetonesAndQuinonesWhetherOrNotWithOtherOxygen,Exports of ketones and quinones whether or not with
Exports_EconomicActivity_KetonesAndQuinonesWhetherOrNotWithOtherOxygen_AsAFractionOf_Exports_EconomicActivity,Percentage of exports of ketones and quinones whether or not with
Exports_EconomicActivity_KnittingMachinesStitchBondingMachinesAndMachines,Exports of knitting machines stitch bonding machines and machines
Exports_EconomicActivity_KnittingMachinesStitchBondingMachinesAndMachines_AsAFractionOf_Exports_EconomicActivity,Percentage of exports of knitting machines stitch bonding machines and machines
Exports_EconomicActivity_KnivesAndCuttingBladesForMachinesOrForMechanical,Exports of knives and cutting blades for machines or
Exports_EconomicActivity_KnivesAndCuttingBladesForMachinesOrForMechanical_AsAFractionOf_Exports_EconomicActivity,Percentage of exports of knives and cutting blades for machines or
Exports_EconomicActivity_KnivesWithCuttingBladesSerratedOrNotIncluding8211,Exports of knives with cutting blades serrated or not
Exports_EconomicActivity_KnivesWithCuttingBladesSerratedOrNotIncluding8211_AsAFractionOf_Exports_EconomicActivity,Percentage of exports of knives with cutting blades serrated or not
Exports_EconomicActivity_LabelsBadgesAndSimilarArticlesOfTextileMaterialsIn,Exports of labels badges and similar articles of textile
Exports_EconomicActivity_LabelsBadgesAndSimilarArticlesOfTextileMaterialsIn_AsAFractionOf_Exports_EconomicActivity,Percentage of exports of labels badges and similar articles of textile
Exports_EconomicActivity_LaboratoryChemicals9802,Exports of laboratory chemicals
Exports_EconomicActivity_LaboratoryChemicals9802_AsAFractionOf_Exports_EconomicActivity,Percentage of exports of laboratory chemicals
Exports_EconomicActivity_LaboratoryHygienicOrPharmaceuticalGlasswareWhether,Exports of laboratory hygienic or pharmaceutical glassware whether
Exports_EconomicActivity_LaboratoryHygienicOrPharmaceuticalGlasswareWhether_AsAFractionOf_Exports_EconomicActivity,Percentage of exports of laboratory hygienic or pharmaceutical glassware whether
Exports_EconomicActivity_LacGumsResinsAndOtherVegetableSapsAndExtracts,Exports of lac gums resins and other vegetable saps
Exports_EconomicActivity_LacGumsResinsAndOtherVegetableSapsAndExtracts_AsAFractionOf_Exports_EconomicActivity,Percentage of exports of lac gums resins and other vegetable saps
Exports_EconomicActivity_LacNaturalGumsResinsGumResinsAndOleoresinsFor,Exports of lac natural gums resins gum resins and
Exports_EconomicActivity_LacNaturalGumsResinsGumResinsAndOleoresinsFor_AsAFractionOf_Exports_EconomicActivity,Percentage of exports of lac natural gums resins gum resins and
Exports_EconomicActivity_LampsElectricFilamentOrDischargeLampsIncluding,Exports of lamps electric filament or discharge lamps including
Exports_EconomicActivity_LampsElectricFilamentOrDischargeLampsIncluding_AsAFractionOf_Exports_EconomicActivity,Percentage of exports of lamps electric filament or discharge lamps including
Exports_EconomicActivity_LampsPortableElectricDesignedToFunctionByTheir8513,Exports of lamps portable electric designed to function by
Exports_EconomicActivity_LampsPortableElectricDesignedToFunctionByTheir8513_AsAFractionOf_Exports_EconomicActivity,Percentage of exports of lamps portable electric designed to function by
Exports_EconomicActivity_LardStearinLardOilOleostearinOleoOilAndTallowO1503,Exports of lard stearin lard oil oleostearin oleo oil
Exports_EconomicActivity_LardStearinLardOilOleostearinOleoOilAndTallowO1503_AsAFractionOf_Exports_EconomicActivity,Percentage of exports of lard stearin lard oil oleostearin oleo oil
Exports_EconomicActivity_LasersOtherThanLaserDiodesOtherOpticalAppliances,Exports of lasers other than laser diodes other optical
Exports_EconomicActivity_LasersOtherThanLaserDiodesOtherOpticalAppliances_AsAFractionOf_Exports_EconomicActivity,Percentage of exports of lasers other than laser diodes other optical
Exports_EconomicActivity_LathesForRemovingMetal,Exports of lathes for removing metal
Exports_EconomicActivity_LathesForRemovingMetal_AsAFractionOf_Exports_EconomicActivity,Percentage of exports of lathes for removing metal
Exports_EconomicActivity_LeadAndArticlesThereof,Exports of lead and articles thereof
Exports_EconomicActivity_LeadAndArticlesThereof_AsAFractionOf_Exports_EconomicActivity,Percentage of exports of lead and articles thereof
Exports_EconomicActivity_LeadArticlesNECInChapter787806,Exports of lead articles necin chapter
Exports_EconomicActivity_LeadArticlesNECInChapter787806_AsAFractionOf_Exports_EconomicActivity,Percentage of exports of lead articles necin chapter
Exports_EconomicActivity_LeadOresAndConcentrates2607,Exports of lead ores and concentrates
Exports_EconomicActivity_LeadOresAndConcentrates2607_AsAFractionOf_Exports_EconomicActivity,Percentage of exports of lead ores and concentrates
Exports_EconomicActivity_LeadOxidesRedLeadAndOrangeLead,Exports of lead oxides red lead and orange lead
Exports_EconomicActivity_LeadOxidesRedLeadAndOrangeLead_AsAFractionOf_Exports_EconomicActivity,Percentage of exports of lead oxides red lead and orange lead
Exports_EconomicActivity_LeadPlatesSheetsStripAndFoilLeadPowdersAndFlakes,Exports of lead plates sheets strip and foil lead
Exports_EconomicActivity_LeadPlatesSheetsStripAndFoilLeadPowdersAndFlakes_AsAFractionOf_Exports_EconomicActivity,Percentage of exports of lead plates sheets strip and foil lead
Exports_EconomicActivity_LeadUnwrought,Exports of lead unwrought
Exports_EconomicActivity_LeadUnwrought_AsAFractionOf_Exports_EconomicActivity,Percentage of exports of lead unwrought
Exports_EconomicActivity_LeadWasteAndScrap7802,Exports of lead waste and scrap
Exports_EconomicActivity_LeadWasteAndScrap7802_AsAFractionOf_Exports_EconomicActivity,Percentage of exports of lead waste and scrap
Exports_EconomicActivity_LeatherFurtherPreparedAfterTanningOrCrusting4107,Exports of leather further prepared after tanning or crusting
Exports_EconomicActivity_LeatherFurtherPreparedAfterTanningOrCrusting4107_AsAFractionOf_Exports_EconomicActivity,Percentage of exports of leather further prepared after tanning or crusting
Exports_EconomicActivity_LeatherFurtherPreparedAfterTanningOrCrusting4112,Exports of leather further prepared after tanning or crusting
Exports_EconomicActivity_LeatherFurtherPreparedAfterTanningOrCrusting4112_AsAFractionOf_Exports_EconomicActivity,Percentage of exports of leather further prepared after tanning or crusting
Exports_EconomicActivity_LeatherFurtherPreparedAfterTanningOrCrusting4113,Exports of leather further prepared after tanning or crusting
Exports_EconomicActivity_LeatherFurtherPreparedAfterTanningOrCrusting4113_AsAFractionOf_Exports_EconomicActivity,Percentage of exports of leather further prepared after tanning or crusting
Exports_EconomicActivity_LeatherOrCompositionLeatherArticlesNECInChapter42,Exports of leather or composition leather articles necin chapter
Exports_EconomicActivity_LeatherOrCompositionLeatherArticlesNECInChapter42_AsAFractionOf_Exports_EconomicActivity,Percentage of exports of leather or composition leather articles necin chapter
Exports_EconomicActivity_LeguminousVegetablesShelledOrUnshelledFreshOr,Exports of leguminous vegetables shelled or unshelled fresh or
Exports_EconomicActivity_LeguminousVegetablesShelledOrUnshelledFreshOr_AsAFractionOf_Exports_EconomicActivity,Percentage of exports of leguminous vegetables shelled or unshelled fresh or
Exports_EconomicActivity_LensesPrismsMirrorsAndOtherOpticalElementsOfAny,Exports of lenses prisms mirrors and other optical elements
Exports_EconomicActivity_LensesPrismsMirrorsAndOtherOpticalElementsOfAny_AsAFractionOf_Exports_EconomicActivity,Percentage of exports of lenses prisms mirrors and other optical elements
Exports_EconomicActivity_LettuceLactucaSativaAndChicoryCichoriumSppFreshOr,Exports of lettuce lactuca sativa and chicory cichorium spp
Exports_EconomicActivity_LettuceLactucaSativaAndChicoryCichoriumSppFreshOr_AsAFractionOf_Exports_EconomicActivity,Percentage of exports of lettuce lactuca sativa and chicory cichorium spp
Exports_EconomicActivity_LiftingHandlingLoadingOrUnloadingMachineryNECI8428,Exports of lifting handling loading or unloading machinery neci
Exports_EconomicActivity_LiftingHandlingLoadingOrUnloadingMachineryNECI8428_AsAFractionOf_Exports_EconomicActivity,Percentage of exports of lifting handling loading or unloading machinery neci
Exports_EconomicActivity_LightVesselsFireFloatsDredgersFloatingCranesOther,Exports of light vessels fire floats dredgers floating cranes
Exports_EconomicActivity_LightVesselsFireFloatsDredgersFloatingCranesOther_AsAFractionOf_Exports_EconomicActivity,Percentage of exports of light vessels fire floats dredgers floating cranes
Exports_EconomicActivity_LightingOrVisualSignallingEquipmentExcluding,Exports of lighting or visual signalling equipment excluding
Exports_EconomicActivity_LightingOrVisualSignallingEquipmentExcluding_AsAFractionOf_Exports_EconomicActivity,Percentage of exports of lighting or visual signalling equipment excluding
Exports_EconomicActivity_LigniteWhetherOrNotAgglomeratedExcludingJet,Exports of lignite whether or not agglomerated excluding jet
Exports_EconomicActivity_LigniteWhetherOrNotAgglomeratedExcludingJet_AsAFractionOf_Exports_EconomicActivity,Percentage of exports of lignite whether or not agglomerated excluding jet
Exports_EconomicActivity_LimestoneFluxLimestoneAndOtherCalcareousStoneO2521,Exports of limestone flux limestone and other calcareous stone
Exports_EconomicActivity_LimestoneFluxLimestoneAndOtherCalcareousStoneO2521_AsAFractionOf_Exports_EconomicActivity,Percentage of exports of limestone flux limestone and other calcareous stone
Exports_EconomicActivity_LinoleumWhetherOrNotCutToShapeFloorCoverings,Exports of linoleum whether or not cut to shape
Exports_EconomicActivity_LinoleumWhetherOrNotCutToShapeFloorCoverings_AsAFractionOf_Exports_EconomicActivity,Percentage of exports of linoleum whether or not cut to shape
Exports_EconomicActivity_LocustBeansSeaweedsAndOtherAlgaeSugarBeetSugarCane,Exports of locust beans seaweeds and other algae sugar
Exports_EconomicActivity_LocustBeansSeaweedsAndOtherAlgaeSugarBeetSugarCane_AsAFractionOf_Exports_EconomicActivity,Percentage of exports of locust beans seaweeds and other algae sugar
Exports_EconomicActivity_LubricatingPreparationsAndThoseUsedInOilOrGrease,Exports of lubricating preparations and those used in oil
Exports_EconomicActivity_LubricatingPreparationsAndThoseUsedInOilOrGrease_AsAFractionOf_Exports_EconomicActivity,Percentage of exports of lubricating preparations and those used in oil
Exports_EconomicActivity_LuminairesAndLightFittingsIncludingSearchlights,Exports of luminaires and light fittings including searchlights
Exports_EconomicActivity_LuminairesAndLightFittingsIncludingSearchlights_AsAFractionOf_Exports_EconomicActivity,Percentage of exports of luminaires and light fittings including searchlights
Exports_EconomicActivity_MachineToolsForDeburringSharpeningGrindingHoning,Exports of machine tools for deburring sharpening grinding honing
Exports_EconomicActivity_MachineToolsForDeburringSharpeningGrindingHoning_AsAFractionOf_Exports_EconomicActivity,Percentage of exports of machine tools for deburring sharpening grinding honing
Exports_EconomicActivity_MachineToolsForPlaningShapingSlottingBroachingGear,Exports of machine tools for planing shaping slotting broaching
Exports_EconomicActivity_MachineToolsForPlaningShapingSlottingBroachingGear_AsAFractionOf_Exports_EconomicActivity,Percentage of exports of machine tools for planing shaping slotting broaching
Exports_EconomicActivity_MachineToolsForWorkingAnyMaterialByRemovalOf8456,Exports of machine tools for working any material by
Exports_EconomicActivity_MachineToolsForWorkingAnyMaterialByRemovalOf8456_AsAFractionOf_Exports_EconomicActivity,Percentage of exports of machine tools for working any material by
Exports_EconomicActivity_MachineToolsForWorkingStoneCeramicsConcrete8464,Exports of machine tools for working stone ceramics concrete
Exports_EconomicActivity_MachineToolsForWorkingStoneCeramicsConcrete8464_AsAFractionOf_Exports_EconomicActivity,Percentage of exports of machine tools for working stone ceramics concrete
Exports_EconomicActivity_MachineToolsIncludingMachinesForNailingStapling,Exports of machine tools including machines for nailing stapling
Exports_EconomicActivity_MachineToolsIncludingMachinesForNailingStapling_AsAFractionOf_Exports_EconomicActivity,Percentage of exports of machine tools including machines for nailing stapling
Exports_EconomicActivity_MachineToolsIncludingPressesForWorkingMetalBy8462,Exports of machine tools including presses for working metal
Exports_EconomicActivity_MachineToolsIncludingPressesForWorkingMetalBy8462_AsAFractionOf_Exports_EconomicActivity,Percentage of exports of machine tools including presses for working metal
Exports_EconomicActivity_MachineToolsIncludingWayTypeUnitHeadMachinesFor,Exports of machine tools including way type unit head
Exports_EconomicActivity_MachineToolsIncludingWayTypeUnitHeadMachinesFor_AsAFractionOf_Exports_EconomicActivity,Percentage of exports of machine tools including way type unit head
Exports_EconomicActivity_MachineToolsNECForWorkingMetalSinteredMetal,Exports of machine tools necfor working metal sintered metal
Exports_EconomicActivity_MachineToolsNECForWorkingMetalSinteredMetal_AsAFractionOf_Exports_EconomicActivity,Percentage of exports of machine tools necfor working metal sintered metal
Exports_EconomicActivity_MachineryAndApparatusForSolderingBrazingWelding,Exports of machinery and apparatus for soldering brazing welding
Exports_EconomicActivity_MachineryAndApparatusForSolderingBrazingWelding_AsAFractionOf_Exports_EconomicActivity,Percentage of exports of machinery and apparatus for soldering brazing welding
Exports_EconomicActivity_MachineryAndMechanicalAppliancesBoilersNuclear,Exports of machinery and mechanical appliances boilers nuclear
Exports_EconomicActivity_MachineryAndMechanicalAppliancesBoilersNuclear_AsAFractionOf_Exports_EconomicActivity,Percentage of exports of machinery and mechanical appliances boilers nuclear
Exports_EconomicActivity_MachineryAndMechanicalAppliancesHavingIndividual,Exports of machinery and mechanical appliances having individual
Exports_EconomicActivity_MachineryAndMechanicalAppliancesHavingIndividual_AsAFractionOf_Exports_EconomicActivity,Percentage of exports of machinery and mechanical appliances having individual
Exports_EconomicActivity_MachineryApparatusAndEquipmentExcludingMachine8442,Exports of machinery apparatus and equipment excluding machine
Exports_EconomicActivity_MachineryApparatusAndEquipmentExcludingMachine8442_AsAFractionOf_Exports_EconomicActivity,Percentage of exports of machinery apparatus and equipment excluding machine
Exports_EconomicActivity_MachineryAuxiliaryForUseWithMachinesOfHeadingNo,Exports of machinery auxiliary for use with machines of
Exports_EconomicActivity_MachineryAuxiliaryForUseWithMachinesOfHeadingNo_AsAFractionOf_Exports_EconomicActivity,Percentage of exports of machinery auxiliary for use with machines of
Exports_EconomicActivity_MachineryForMakingPulpOfFibrousCellulosicMater8439,Exports of machinery for making pulp of fibrous cellulosic
Exports_EconomicActivity_MachineryForMakingPulpOfFibrousCellulosicMater8439_AsAFractionOf_Exports_EconomicActivity,Percentage of exports of machinery for making pulp of fibrous cellulosic
Exports_EconomicActivity_MachineryForManufactureOrFinishingFeltOrNonWov8449,Exports of machinery for manufacture or finishing felt or
Exports_EconomicActivity_MachineryForManufactureOrFinishingFeltOrNonWov8449_AsAFractionOf_Exports_EconomicActivity,Percentage of exports of machinery for manufacture or finishing felt or
Exports_EconomicActivity_MachineryForPreparingOrMakingUpTobaccoNECInThi8478,Exports of machinery for preparing or making up tobacco
Exports_EconomicActivity_MachineryForPreparingOrMakingUpTobaccoNECInThi8478_AsAFractionOf_Exports_EconomicActivity,Percentage of exports of machinery for preparing or making up tobacco
Exports_EconomicActivity_MachineryForPreparingTanningOrWorkingHidesSkin8453,Exports of machinery for preparing tanning or working hides
Exports_EconomicActivity_MachineryForPreparingTanningOrWorkingHidesSkin8453_AsAFractionOf_Exports_EconomicActivity,Percentage of exports of machinery for preparing tanning or working hides
Exports_EconomicActivity_MachineryForSortingScreeningSeparatingWashing,Exports of machinery for sorting screening separating washing
Exports_EconomicActivity_MachineryForSortingScreeningSeparatingWashing_AsAFractionOf_Exports_EconomicActivity,Percentage of exports of machinery for sorting screening separating washing
Exports_EconomicActivity_MachineryForWorkingRubberOrPlasticsOrForThe8477,Exports of machinery for working rubber or plastics or
Exports_EconomicActivity_MachineryForWorkingRubberOrPlasticsOrForThe8477_AsAFractionOf_Exports_EconomicActivity,Percentage of exports of machinery for working rubber or plastics or
Exports_EconomicActivity_MachineryNECInThisChapterForTheIndustrial,Exports of machinery necin this chapter for the industrial
Exports_EconomicActivity_MachineryNECInThisChapterForTheIndustrial_AsAFractionOf_Exports_EconomicActivity,Percentage of exports of machinery necin this chapter for the industrial
Exports_EconomicActivity_MachineryNotOfHeadingNo8450ForWashingCleaning,Exports of machinery not of heading no8450for washing cleaning
Exports_EconomicActivity_MachineryNotOfHeadingNo8450ForWashingCleaning_AsAFractionOf_Exports_EconomicActivity,Percentage of exports of machinery not of heading no8450for washing cleaning
Exports_EconomicActivity_MachineryPartsAndAccessoriesOtherThanCovers8473,Exports of machinery parts and accessories other than covers
Exports_EconomicActivity_MachineryPartsAndAccessoriesOtherThanCovers8473_AsAFractionOf_Exports_EconomicActivity,Percentage of exports of machinery parts and accessories other than covers
Exports_EconomicActivity_MachineryPartsNotContainingElectricalConnector8487,Exports of machinery parts not containing electrical connector
Exports_EconomicActivity_MachineryPartsNotContainingElectricalConnector8487_AsAFractionOf_Exports_EconomicActivity,Percentage of exports of machinery parts not containing electrical connector
Exports_EconomicActivity_MachineryPartsUsedSolelyOrPrincipallyWithThe,Exports of machinery parts used solely or principally with
Exports_EconomicActivity_MachineryPartsUsedSolelyOrPrincipallyWithThe_AsAFractionOf_Exports_EconomicActivity,Percentage of exports of machinery parts used solely or principally with
Exports_EconomicActivity_MachineryPlantNotDomesticOrLaboratoryEquipment,Exports of machinery plant not domestic or laboratory equipment
Exports_EconomicActivity_MachineryPlantNotDomesticOrLaboratoryEquipment_AsAFractionOf_Exports_EconomicActivity,Percentage of exports of machinery plant not domestic or laboratory equipment
Exports_EconomicActivity_MachinesAndApparatusOfAKindUsedSolelyOrPrincip8486,Exports of machines and apparatus of akind used solely
Exports_EconomicActivity_MachinesAndApparatusOfAKindUsedSolelyOrPrincip8486_AsAFractionOf_Exports_EconomicActivity,Percentage of exports of machines and apparatus of akind used solely
Exports_EconomicActivity_MachinesAndAppliancesForTestingTheHardnessStre9024,Exports of machines and appliances for testing the hardness
Exports_EconomicActivity_MachinesAndAppliancesForTestingTheHardnessStre9024_AsAFractionOf_Exports_EconomicActivity,Percentage of exports of machines and appliances for testing the hardness
Exports_EconomicActivity_MachinesAndAppliancesInstrumentsOrApparatusOf9033,Exports of machines and appliances instruments or apparatus of
Exports_EconomicActivity_MachinesAndAppliancesInstrumentsOrApparatusOf9033_AsAFractionOf_Exports_EconomicActivity,Percentage of exports of machines and appliances instruments or apparatus of
Exports_EconomicActivity_MachinesCalenderingOrOtherRollingMachinesForOt8420,Exports of machines calendering or other rolling machines for
Exports_EconomicActivity_MachinesCalenderingOrOtherRollingMachinesForOt8420_AsAFractionOf_Exports_EconomicActivity,Percentage of exports of machines calendering or other rolling machines for
Exports_EconomicActivity_MachinesForAdditiveManufacturing,Exports of machines for additive manufacturing
Exports_EconomicActivity_MachinesForAdditiveManufacturing_AsAFractionOf_Exports_EconomicActivity,Percentage of exports of machines for additive manufacturing
Exports_EconomicActivity_MachinesForAssemblingElectricOrElectronicLamps8475,Exports of machines for assembling electric or electronic lamps
Exports_EconomicActivity_MachinesForAssemblingElectricOrElectronicLamps8475_AsAFractionOf_Exports_EconomicActivity,Percentage of exports of machines for assembling electric or electronic lamps
Exports_EconomicActivity_MachinesForCleaningSortingGradingSeedGrainDried,Exports of machines for cleaning sorting grading seed grain
Exports_EconomicActivity_MachinesForCleaningSortingGradingSeedGrainDried_AsAFractionOf_Exports_EconomicActivity,Percentage of exports of machines for cleaning sorting grading seed grain
Exports_EconomicActivity_MachinesForMakingUpPaperPulpPaperOrPaperboard,Exports of machines for making up paper pulp paper
Exports_EconomicActivity_MachinesForMakingUpPaperPulpPaperOrPaperboard_AsAFractionOf_Exports_EconomicActivity,Percentage of exports of machines for making up paper pulp paper
Exports_EconomicActivity_MachiningCentresUnitConstructionMachinesSingle,Exports of machining centres unit construction machines single
Exports_EconomicActivity_MachiningCentresUnitConstructionMachinesSingle_AsAFractionOf_Exports_EconomicActivity,Percentage of exports of machining centres unit construction machines single
Exports_EconomicActivity_MagnesiumArticlesThereofIncludingWasteAndScrap,Exports of magnesium articles thereof including waste and scrap
Exports_EconomicActivity_MagnesiumArticlesThereofIncludingWasteAndScrap_AsAFractionOf_Exports_EconomicActivity,Percentage of exports of magnesium articles thereof including waste and scrap
Exports_EconomicActivity_MaizeCorn,Exports of maize corn
Exports_EconomicActivity_MaizeCorn_AsAFractionOf_Exports_EconomicActivity,Percentage of exports of maize corn
Exports_EconomicActivity_MaltExtractFlourGroatsMealStarchMaltExtract,Exports of malt extract flour groats meal starch malt
Exports_EconomicActivity_MaltExtractFlourGroatsMealStarchMaltExtract_AsAFractionOf_Exports_EconomicActivity,Percentage of exports of malt extract flour groats meal starch malt
Exports_EconomicActivity_MaltWhetherOrNotRoasted,Exports of malt whether or not roasted
Exports_EconomicActivity_MaltWhetherOrNotRoasted_AsAFractionOf_Exports_EconomicActivity,Percentage of exports of malt whether or not roasted
Exports_EconomicActivity_ManMadeFilamentYarnOtherThanSewingThreadPutUpF5406,Exports of man made filament yarn other than sewing
Exports_EconomicActivity_ManMadeFilamentYarnOtherThanSewingThreadPutUpF5406_AsAFractionOf_Exports_EconomicActivity,Percentage of exports of man made filament yarn other than sewing
Exports_EconomicActivity_ManMadeFilamentsStripAndTheLikeOfManMadeTextile,Exports of man made filaments strip and the like
Exports_EconomicActivity_ManMadeFilamentsStripAndTheLikeOfManMadeTextile_AsAFractionOf_Exports_EconomicActivity,Percentage of exports of man made filaments strip and the like
Exports_EconomicActivity_ManMadeStapleFibres,Exports of man made staple fibres
Exports_EconomicActivity_ManMadeStapleFibres_AsAFractionOf_Exports_EconomicActivity,Percentage of exports of man made staple fibres
Exports_EconomicActivity_ManganeseArticlesThereofIncludingWasteAndScrap8111,Exports of manganese articles thereof including waste and scrap
Exports_EconomicActivity_ManganeseArticlesThereofIncludingWasteAndScrap8111_AsAFractionOf_Exports_EconomicActivity,Percentage of exports of manganese articles thereof including waste and scrap
Exports_EconomicActivity_ManganeseOresAndConcentratesIncludingFerrugino2602,Exports of manganese ores and concentrates including ferrugino
Exports_EconomicActivity_ManganeseOresAndConcentratesIncludingFerrugino2602_AsAFractionOf_Exports_EconomicActivity,Percentage of exports of manganese ores and concentrates including ferrugino
Exports_EconomicActivity_ManganeseOxides,Exports of manganese oxides
Exports_EconomicActivity_ManganeseOxides_AsAFractionOf_Exports_EconomicActivity,Percentage of exports of manganese oxides
Exports_EconomicActivity_ManiocArrowrootSalepJerusalemArtichokesSweet,Exports of manioc arrowroot salep jerusalem artichokes sweet
Exports_EconomicActivity_ManiocArrowrootSalepJerusalemArtichokesSweet_AsAFractionOf_Exports_EconomicActivity,Percentage of exports of manioc arrowroot salep jerusalem artichokes sweet
Exports_EconomicActivity_ManufacturedTobaccoAndManufacturedTobacco,Exports of manufactured tobacco and manufactured tobacco
Exports_EconomicActivity_ManufacturedTobaccoAndManufacturedTobacco_AsAFractionOf_Exports_EconomicActivity,Percentage of exports of manufactured tobacco and manufactured tobacco
Exports_EconomicActivity_ManufacturesOfStrawEspartoOrOtherPlaitingMaterials,Exports of manufactures of straw esparto or other plaiting
Exports_EconomicActivity_ManufacturesOfStrawEspartoOrOtherPlaitingMaterials_AsAFractionOf_Exports_EconomicActivity,Percentage of exports of manufactures of straw esparto or other plaiting
Exports_EconomicActivity_MapsAndHydrographicOrSimilarChartsOfAllKinds,Exports of maps and hydrographic or similar charts of
Exports_EconomicActivity_MapsAndHydrographicOrSimilarChartsOfAllKinds_AsAFractionOf_Exports_EconomicActivity,Percentage of exports of maps and hydrographic or similar charts of
Exports_EconomicActivity_MarbleTravertineEcaussineAndOtherCalcareousStoneOf,Exports of marble travertine ecaussine and other calcareous stone
Exports_EconomicActivity_MarbleTravertineEcaussineAndOtherCalcareousStoneOf_AsAFractionOf_Exports_EconomicActivity,Percentage of exports of marble travertine ecaussine and other calcareous stone
Exports_EconomicActivity_MargarineEdibleMixturesOrPreparationsOfAnimal,Exports of margarine edible mixtures or preparations of animal
Exports_EconomicActivity_MargarineEdibleMixturesOrPreparationsOfAnimal_AsAFractionOf_Exports_EconomicActivity,Percentage of exports of margarine edible mixtures or preparations of animal
Exports_EconomicActivity_MatchesOtherThanPyrotechnicArticlesOfHeadingNo3605,Exports of matches other than pyrotechnic articles of heading
Exports_EconomicActivity_MatchesOtherThanPyrotechnicArticlesOfHeadingNo3605_AsAFractionOf_Exports_EconomicActivity,Percentage of exports of matches other than pyrotechnic articles of heading
Exports_EconomicActivity_Mate0903,Exports of mate
Exports_EconomicActivity_Mate0903_AsAFractionOf_Exports_EconomicActivity,Percentage of exports of mate
Exports_EconomicActivity_MattressSupportsArticlesOfBeddingEGMattresses,Exports of mattress supports articles of bedding egmattresses
Exports_EconomicActivity_MattressSupportsArticlesOfBeddingEGMattresses_AsAFractionOf_Exports_EconomicActivity,Percentage of exports of mattress supports articles of bedding egmattresses
Exports_EconomicActivity_MeasuringOrCheckingInstrumentsAppliancesAnd,Exports of measuring or checking instruments appliances and
Exports_EconomicActivity_MeasuringOrCheckingInstrumentsAppliancesAnd_AsAFractionOf_Exports_EconomicActivity,Percentage of exports of measuring or checking instruments appliances and
Exports_EconomicActivity_MeatAndEdibleMeatOffal,Exports of meat and edible meat offal
Exports_EconomicActivity_MeatAndEdibleMeatOffalNECInChapter2FreshChille0208,Exports of meat and edible meat offal necin chapter2fresh
Exports_EconomicActivity_MeatAndEdibleMeatOffalNECInChapter2FreshChille0208_AsAFractionOf_Exports_EconomicActivity,Percentage of exports of meat and edible meat offal necin chapter2fresh
Exports_EconomicActivity_MeatAndEdibleMeatOffalSaltedInBrineDriedOrSmok0210,Exports of meat and edible meat offal salted in
Exports_EconomicActivity_MeatAndEdibleMeatOffalSaltedInBrineDriedOrSmok0210_AsAFractionOf_Exports_EconomicActivity,Percentage of exports of meat and edible meat offal salted in
Exports_EconomicActivity_MeatAndEdibleMeatOffal_AsAFractionOf_Exports_EconomicActivity,Percentage of exports of meat and edible meat offal
Exports_EconomicActivity_MeatAndEdibleOffalOfPoultryOfThePoultryOfHeadingNo,Exports of meat and edible offal of poultry of
Exports_EconomicActivity_MeatAndEdibleOffalOfPoultryOfThePoultryOfHeadingNo_AsAFractionOf_Exports_EconomicActivity,Percentage of exports of meat and edible offal of poultry of
Exports_EconomicActivity_MeatFishCrustaceansMolluscsOrOtherAquatic,Exports of meat fish crustaceans molluscs or other aquatic
Exports_EconomicActivity_MeatFishCrustaceansMolluscsOrOtherAquatic_AsAFractionOf_Exports_EconomicActivity,Percentage of exports of meat fish crustaceans molluscs or other aquatic
Exports_EconomicActivity_MeatOfBovineAnimalsFreshOrChilled,Exports of meat of bovine animals fresh or chilled
Exports_EconomicActivity_MeatOfBovineAnimalsFreshOrChilled_AsAFractionOf_Exports_EconomicActivity,Percentage of exports of meat of bovine animals fresh or chilled
Exports_EconomicActivity_MeatOfBovineAnimalsFrozen,Exports of meat of bovine animals frozen
Exports_EconomicActivity_MeatOfBovineAnimalsFrozen_AsAFractionOf_Exports_EconomicActivity,Percentage of exports of meat of bovine animals frozen
Exports_EconomicActivity_MeatOfHorsesAssesMulesOrHinniesFreshChilledOr0205,Exports of meat of horses asses mules or hinnies
Exports_EconomicActivity_MeatOfHorsesAssesMulesOrHinniesFreshChilledOr0205_AsAFractionOf_Exports_EconomicActivity,Percentage of exports of meat of horses asses mules or hinnies
Exports_EconomicActivity_MeatOfSheepOrGoatsFreshChilledOrFrozen,Exports of meat of sheep or goats fresh chilled
Exports_EconomicActivity_MeatOfSheepOrGoatsFreshChilledOrFrozen_AsAFractionOf_Exports_EconomicActivity,Percentage of exports of meat of sheep or goats fresh chilled
Exports_EconomicActivity_MeatOfSwineFreshChilledOrFrozen,Exports of meat of swine fresh chilled or frozen
Exports_EconomicActivity_MeatOfSwineFreshChilledOrFrozen_AsAFractionOf_Exports_EconomicActivity,Percentage of exports of meat of swine fresh chilled or frozen
Exports_EconomicActivity_MechanicalAppliancesForProjectingDispersingOr8424,Exports of mechanical appliances for projecting dispersing or
Exports_EconomicActivity_MechanicalAppliancesForProjectingDispersingOr8424_AsAFractionOf_Exports_EconomicActivity,Percentage of exports of mechanical appliances for projecting dispersing or
Exports_EconomicActivity_MechanoTherapyMassageAppliancesPsychological,Exports of mechano therapy massage appliances psychological
Exports_EconomicActivity_MechanoTherapyMassageAppliancesPsychological_AsAFractionOf_Exports_EconomicActivity,Percentage of exports of mechano therapy massage appliances psychological
Exports_EconomicActivity_MedicamentsNotGoodsOfHeadingNo30023005Or3006,Exports of medicaments not goods of heading no30023005or
Exports_EconomicActivity_MedicamentsNotGoodsOfHeadingNo30023005Or3006OfTwo,Exports of medicaments not goods of heading no30023005or3006of two
Exports_EconomicActivity_MedicamentsNotGoodsOfHeadingNo30023005Or3006OfTwo_AsAFractionOf_Exports_EconomicActivity,Percentage of exports of medicaments not goods of heading no30023005or3006of two
Exports_EconomicActivity_MedicamentsNotGoodsOfHeadingNo30023005Or3006_AsAFractionOf_Exports_EconomicActivity,Percentage of exports of medicaments not goods of heading no30023005or
Exports_EconomicActivity_MelonsIncludingWatermelonsAndPapawsPapayasFresh,Exports of melons including watermelons and papaws papayas fresh
Exports_EconomicActivity_MelonsIncludingWatermelonsAndPapawsPapayasFresh_AsAFractionOf_Exports_EconomicActivity,Percentage of exports of melons including watermelons and papaws papayas fresh
Exports_EconomicActivity_MetalMiscellaneousProductsOfBaseMetal,Exports of metal miscellaneous products of base metal
Exports_EconomicActivity_MetalMiscellaneousProductsOfBaseMetal_AsAFractionOf_Exports_EconomicActivity,Percentage of exports of metal miscellaneous products of base metal
Exports_EconomicActivity_MetalPicklingPreparationsFluxesEtcForSoldering,Exports of metal pickling preparations fluxes etc for soldering
Exports_EconomicActivity_MetalPicklingPreparationsFluxesEtcForSoldering_AsAFractionOf_Exports_EconomicActivity,Percentage of exports of metal pickling preparations fluxes etc for soldering
Exports_EconomicActivity_MetalRollingMillsAndRollsTherefor,Exports of metal rolling mills and rolls therefor
Exports_EconomicActivity_MetalRollingMillsAndRollsTherefor_AsAFractionOf_Exports_EconomicActivity,Percentage of exports of metal rolling mills and rolls therefor
Exports_EconomicActivity_MetalsNECCermetsAndArticlesThereof,Exports of metals neccermets and articles thereof
Exports_EconomicActivity_MetalsNECCermetsAndArticlesThereof_AsAFractionOf_Exports_EconomicActivity,Percentage of exports of metals neccermets and articles thereof
Exports_EconomicActivity_MicaIncludingSplittingsMicaWaste,Exports of mica including splittings mica waste
Exports_EconomicActivity_MicaIncludingSplittingsMicaWaste_AsAFractionOf_Exports_EconomicActivity,Percentage of exports of mica including splittings mica waste
Exports_EconomicActivity_MicaWorkedArticlesOfIncludingAgglomeratedOr,Exports of mica worked articles of including agglomerated or
Exports_EconomicActivity_MicaWorkedArticlesOfIncludingAgglomeratedOr_AsAFractionOf_Exports_EconomicActivity,Percentage of exports of mica worked articles of including agglomerated or
Exports_EconomicActivity_MicrophonesAndTheirStandsLoudspeakersMountedOrNot,Exports of microphones and their stands loudspeakers mounted or
Exports_EconomicActivity_MicrophonesAndTheirStandsLoudspeakersMountedOrNot_AsAFractionOf_Exports_EconomicActivity,Percentage of exports of microphones and their stands loudspeakers mounted or
Exports_EconomicActivity_MicroscopesCompoundOpticalIncludingThoseFor,Exports of microscopes compound optical including those for
Exports_EconomicActivity_MicroscopesCompoundOpticalIncludingThoseFor_AsAFractionOf_Exports_EconomicActivity,Percentage of exports of microscopes compound optical including those for
Exports_EconomicActivity_MicroscopesExcludingOpticalMicroscopesDiffract9012,Exports of microscopes excluding optical microscopes diffract
Exports_EconomicActivity_MicroscopesExcludingOpticalMicroscopesDiffract9012_AsAFractionOf_Exports_EconomicActivity,Percentage of exports of microscopes excluding optical microscopes diffract
Exports_EconomicActivity_MilkAndCreamConcentratedOrContainingAddedSugarOr,Exports of milk and cream concentrated or containing added
Exports_EconomicActivity_MilkAndCreamConcentratedOrContainingAddedSugarOr_AsAFractionOf_Exports_EconomicActivity,Percentage of exports of milk and cream concentrated or containing added
Exports_EconomicActivity_MilkAndCreamNotConcentratedNotContainingAddedSugar,Exports of milk and cream not concentrated not containing
Exports_EconomicActivity_MilkAndCreamNotConcentratedNotContainingAddedSugar_AsAFractionOf_Exports_EconomicActivity,Percentage of exports of milk and cream not concentrated not containing
Exports_EconomicActivity_MilkingMachinesAndDairyMachinery,Exports of milking machines and dairy machinery
Exports_EconomicActivity_MilkingMachinesAndDairyMachinery_AsAFractionOf_Exports_EconomicActivity,Percentage of exports of milking machines and dairy machinery
Exports_EconomicActivity_MillstonesGrindstonesGrindingWheelsEtcWithout,Exports of millstones grindstones grinding wheels etc without
Exports_EconomicActivity_MillstonesGrindstonesGrindingWheelsEtcWithout_AsAFractionOf_Exports_EconomicActivity,Percentage of exports of millstones grindstones grinding wheels etc without
Exports_EconomicActivity_MineralFuelsMineralOilsAndProductsOfTheir,Exports of mineral fuels mineral oils and products of
Exports_EconomicActivity_MineralFuelsMineralOilsAndProductsOfTheir_AsAFractionOf_Exports_EconomicActivity,Percentage of exports of mineral fuels mineral oils and products of
Exports_EconomicActivity_MineralSubstancesNotElsewhereSpecifiedOrIncluded,Exports of mineral substances not elsewhere specified or included
Exports_EconomicActivity_MineralSubstancesNotElsewhereSpecifiedOrIncluded_AsAFractionOf_Exports_EconomicActivity,Percentage of exports of mineral substances not elsewhere specified or included
Exports_EconomicActivity_MiscellaneousEdiblePreparations,Exports of miscellaneous edible preparations
Exports_EconomicActivity_MiscellaneousEdiblePreparations_AsAFractionOf_Exports_EconomicActivity,Percentage of exports of miscellaneous edible preparations
Exports_EconomicActivity_MiscellaneousManufacturedArticles,Exports of miscellaneous manufactured articles
Exports_EconomicActivity_MiscellaneousManufacturedArticles_AsAFractionOf_Exports_EconomicActivity,Percentage of exports of miscellaneous manufactured articles
Exports_EconomicActivity_MixedAlkylbenzenesAndMixedAlkylnaphthalenesOth3817,Exports of mixed alkylbenzenes and mixed alkylnaphthalenes oth
Exports_EconomicActivity_MixedAlkylbenzenesAndMixedAlkylnaphthalenesOth3817_AsAFractionOf_Exports_EconomicActivity,Percentage of exports of mixed alkylbenzenes and mixed alkylnaphthalenes oth
Exports_EconomicActivity_MixturesContainingHalogenatedDerivativesOfMeth3827,Exports of mixtures containing halogenated derivatives of meth
Exports_EconomicActivity_MixturesContainingHalogenatedDerivativesOfMeth3827_AsAFractionOf_Exports_EconomicActivity,Percentage of exports of mixtures containing halogenated derivatives of meth
Exports_EconomicActivity_ModellingPastesIncludingThoseForChildrenDentalWax,Exports of modelling pastes including those for children dental
Exports_EconomicActivity_ModellingPastesIncludingThoseForChildrenDentalWax_AsAFractionOf_Exports_EconomicActivity,Percentage of exports of modelling pastes including those for children dental
Exports_EconomicActivity_MolassesResultingFromTheExtractionOrRefiningOf,Exports of molasses resulting from the extraction or refining
Exports_EconomicActivity_MolassesResultingFromTheExtractionOrRefiningOf_AsAFractionOf_Exports_EconomicActivity,Percentage of exports of molasses resulting from the extraction or refining
Exports_EconomicActivity_MolluscsWhetherInShellOrNotLiveFreshChilledFrozen,Exports of molluscs whether in shell or not live
Exports_EconomicActivity_MolluscsWhetherInShellOrNotLiveFreshChilledFrozen_AsAFractionOf_Exports_EconomicActivity,Percentage of exports of molluscs whether in shell or not live
Exports_EconomicActivity_MolybdenumArticlesThereofIncludingWasteAndScra8102,Exports of molybdenum articles thereof including waste and scra
Exports_EconomicActivity_MolybdenumArticlesThereofIncludingWasteAndScra8102_AsAFractionOf_Exports_EconomicActivity,Percentage of exports of molybdenum articles thereof including waste and scra
Exports_EconomicActivity_MolybdenumOresAndConcentrates,Exports of molybdenum ores and concentrates
Exports_EconomicActivity_MolybdenumOresAndConcentrates_AsAFractionOf_Exports_EconomicActivity,Percentage of exports of molybdenum ores and concentrates
Exports_EconomicActivity_MonitorsAndProjectorsNotIncorporatingTelevision,Exports of monitors and projectors not incorporating television
Exports_EconomicActivity_MonitorsAndProjectorsNotIncorporatingTelevision_AsAFractionOf_Exports_EconomicActivity,Percentage of exports of monitors and projectors not incorporating television
Exports_EconomicActivity_MonofilamentOfWhichAnyCrossSectionalDimension,Exports of monofilament of which any cross sectional dimension
Exports_EconomicActivity_MonofilamentOfWhichAnyCrossSectionalDimension_AsAFractionOf_Exports_EconomicActivity,Percentage of exports of monofilament of which any cross sectional dimension
Exports_EconomicActivity_MonopodsBipodsTripodsAndSimilarArticles9620,Exports of monopods bipods tripods and similar articles
Exports_EconomicActivity_MonopodsBipodsTripodsAndSimilarArticles9620_AsAFractionOf_Exports_EconomicActivity,Percentage of exports of monopods bipods tripods and similar articles
Exports_EconomicActivity_MonumentalOrBuildingStoneWorkedExceptSlateAnd,Exports of monumental or building stone worked except slate
Exports_EconomicActivity_MonumentalOrBuildingStoneWorkedExceptSlateAnd_AsAFractionOf_Exports_EconomicActivity,Percentage of exports of monumental or building stone worked except slate
Exports_EconomicActivity_MotorCarsAndOtherMotorVehiclesPrincipallyDesigned,Exports of motor cars and other motor vehicles principally
Exports_EconomicActivity_MotorCarsAndOtherMotorVehiclesPrincipallyDesigned_AsAFractionOf_Exports_EconomicActivity,Percentage of exports of motor cars and other motor vehicles principally
Exports_EconomicActivity_MotorVehiclesPartsAndAccessoriesOfHeadingNo8701To,Exports of motor vehicles parts and accessories of heading
Exports_EconomicActivity_MotorVehiclesPartsAndAccessoriesOfHeadingNo8701To_AsAFractionOf_Exports_EconomicActivity,Percentage of exports of motor vehicles parts and accessories of heading
Exports_EconomicActivity_MotorcyclesIncludingMopedsAndCyclesFittedWithA8711,Exports of motorcycles including mopeds and cycles fitted with
Exports_EconomicActivity_MotorcyclesIncludingMopedsAndCyclesFittedWithA8711_AsAFractionOf_Exports_EconomicActivity,Percentage of exports of motorcycles including mopeds and cycles fitted with
Exports_EconomicActivity_MouldingBoxesForMetalFoundryMouldingPatternsMoulds,Exports of moulding boxes for metal foundry moulding patterns
Exports_EconomicActivity_MouldingBoxesForMetalFoundryMouldingPatternsMoulds_AsAFractionOf_Exports_EconomicActivity,Percentage of exports of moulding boxes for metal foundry moulding patterns
Exports_EconomicActivity_MovingGradingLevellingScrapingExcavatingTamping,Exports of moving grading levelling scraping excavating tamping
Exports_EconomicActivity_MovingGradingLevellingScrapingExcavatingTamping_AsAFractionOf_Exports_EconomicActivity,Percentage of exports of moving grading levelling scraping excavating tamping
Exports_EconomicActivity_MushroomsAndTrufflesPreparedOrPreservedOtherThanBy,Exports of mushrooms and truffles prepared or preserved other
Exports_EconomicActivity_MushroomsAndTrufflesPreparedOrPreservedOtherThanBy_AsAFractionOf_Exports_EconomicActivity,Percentage of exports of mushrooms and truffles prepared or preserved other
Exports_EconomicActivity_MusicPrintedOrInManuscriptWhetherOrNotBoundOr4904,Exports of music printed or in manuscript whether or
Exports_EconomicActivity_MusicPrintedOrInManuscriptWhetherOrNotBoundOr4904_AsAFractionOf_Exports_EconomicActivity,Percentage of exports of music printed or in manuscript whether or
Exports_EconomicActivity_MusicalBoxesFairgroundAndMechanicalStreetOrgans,Exports of musical boxes fairground and mechanical street organs
Exports_EconomicActivity_MusicalBoxesFairgroundAndMechanicalStreetOrgans_AsAFractionOf_Exports_EconomicActivity,Percentage of exports of musical boxes fairground and mechanical street organs
Exports_EconomicActivity_MusicalInstrumentPartsForExampleMechanismsFor,Exports of musical instrument parts for example mechanisms for
Exports_EconomicActivity_MusicalInstrumentPartsForExampleMechanismsFor_AsAFractionOf_Exports_EconomicActivity,Percentage of exports of musical instrument parts for example mechanisms for
Exports_EconomicActivity_MusicalInstrumentsPartsAndAccessoriesOfSuch,Exports of musical instruments parts and accessories of such
Exports_EconomicActivity_MusicalInstrumentsPartsAndAccessoriesOfSuch_AsAFractionOf_Exports_EconomicActivity,Percentage of exports of musical instruments parts and accessories of such
Exports_EconomicActivity_MusicalInstrumentsPercussionEGDrumsXylophones9206,Exports of musical instruments percussion egdrums xylophones
Exports_EconomicActivity_MusicalInstrumentsPercussionEGDrumsXylophones9206_AsAFractionOf_Exports_EconomicActivity,Percentage of exports of musical instruments percussion egdrums xylophones
Exports_EconomicActivity_MusicalInstrumentsStringNECInHeadingNo9201EG,Exports of musical instruments string necin heading no9201eg
Exports_EconomicActivity_MusicalInstrumentsStringNECInHeadingNo9201EG_AsAFractionOf_Exports_EconomicActivity,Percentage of exports of musical instruments string necin heading no9201eg
Exports_EconomicActivity_MusicalInstrumentsTheSoundOfWhichIsProducedOrMust,Exports of musical instruments the sound of which is
Exports_EconomicActivity_MusicalInstrumentsTheSoundOfWhichIsProducedOrMust_AsAFractionOf_Exports_EconomicActivity,Percentage of exports of musical instruments the sound of which is
Exports_EconomicActivity_MusicalInstrumentsWindEGKeyboardPipeOrgans,Exports of musical instruments wind egkeyboard pipe organs
Exports_EconomicActivity_MusicalInstrumentsWindEGKeyboardPipeOrgans_AsAFractionOf_Exports_EconomicActivity,Percentage of exports of musical instruments wind egkeyboard pipe organs
Exports_EconomicActivity_NailsTacksDrawingPinsCorrugatedNailsStaplesNot,Exports of nails tacks drawing pins corrugated nails staples
Exports_EconomicActivity_NailsTacksDrawingPinsCorrugatedNailsStaplesNot_AsAFractionOf_Exports_EconomicActivity,Percentage of exports of nails tacks drawing pins corrugated nails staples
Exports_EconomicActivity_NaturalBariumSulphateBarytesNaturalBariumCarbonate,Exports of natural barium sulphate barytes natural barium carbonate
Exports_EconomicActivity_NaturalBariumSulphateBarytesNaturalBariumCarbonate_AsAFractionOf_Exports_EconomicActivity,Percentage of exports of natural barium sulphate barytes natural barium carbonate
Exports_EconomicActivity_NaturalBoratesAndConcentratesThereofWhetherOrN2528,Exports of natural borates and concentrates thereof whether or
Exports_EconomicActivity_NaturalBoratesAndConcentratesThereofWhetherOrN2528_AsAFractionOf_Exports_EconomicActivity,Percentage of exports of natural borates and concentrates thereof whether or
Exports_EconomicActivity_NaturalCalciumPhosphatesNaturalAluminiumCalciu2510,Exports of natural calcium phosphates natural aluminium calciu
Exports_EconomicActivity_NaturalCalciumPhosphatesNaturalAluminiumCalciu2510_AsAFractionOf_Exports_EconomicActivity,Percentage of exports of natural calcium phosphates natural aluminium calciu
Exports_EconomicActivity_NaturalCorkDebackedOrRoughlySquaredOrInRectangular,Exports of natural cork debacked or roughly squared or
Exports_EconomicActivity_NaturalCorkDebackedOrRoughlySquaredOrInRectangular_AsAFractionOf_Exports_EconomicActivity,Percentage of exports of natural cork debacked or roughly squared or
Exports_EconomicActivity_NaturalCorkRawOrSimplyPreparedWasteCorkCrushed,Exports of natural cork raw or simply prepared waste
Exports_EconomicActivity_NaturalCorkRawOrSimplyPreparedWasteCorkCrushed_AsAFractionOf_Exports_EconomicActivity,Percentage of exports of natural cork raw or simply prepared waste
Exports_EconomicActivity_NaturalCulturedPearlsPreciousSemiPreciousStones,Exports of natural cultured pearls precious semi precious stones
Exports_EconomicActivity_NaturalCulturedPearlsPreciousSemiPreciousStones_AsAFractionOf_Exports_EconomicActivity,Percentage of exports of natural cultured pearls precious semi precious stones
Exports_EconomicActivity_NaturalMagnesiumCarbonateMagnesiteFusedMagnesia,Exports of natural magnesium carbonate magnesite fused magnesia
Exports_EconomicActivity_NaturalMagnesiumCarbonateMagnesiteFusedMagnesia_AsAFractionOf_Exports_EconomicActivity,Percentage of exports of natural magnesium carbonate magnesite fused magnesia
Exports_EconomicActivity_NaturalPolymersEGAlginicAcidAndModifiedNatural,Exports of natural polymers egalginic acid and modified natural
Exports_EconomicActivity_NaturalPolymersEGAlginicAcidAndModifiedNatural_AsAFractionOf_Exports_EconomicActivity,Percentage of exports of natural polymers egalginic acid and modified natural
Exports_EconomicActivity_NaturalRubberBalataGuttaPerchaGuayuleChicleAnd,Exports of natural rubber balata gutta percha guayule chicle
Exports_EconomicActivity_NaturalRubberBalataGuttaPerchaGuayuleChicleAnd_AsAFractionOf_Exports_EconomicActivity,Percentage of exports of natural rubber balata gutta percha guayule chicle
Exports_EconomicActivity_NaturalSteatiteWhetherOrNotRoughlyTrimmedOrMerely,Exports of natural steatite whether or not roughly trimmed
Exports_EconomicActivity_NaturalSteatiteWhetherOrNotRoughlyTrimmedOrMerely_AsAFractionOf_Exports_EconomicActivity,Percentage of exports of natural steatite whether or not roughly trimmed
Exports_EconomicActivity_NavigationalInstrumentsAndAppliancesDirection9014,Exports of navigational instruments and appliances direction
Exports_EconomicActivity_NavigationalInstrumentsAndAppliancesDirection9014_AsAFractionOf_Exports_EconomicActivity,Percentage of exports of navigational instruments and appliances direction
Exports_EconomicActivity_NewPneumaticTyresOfRubber,Exports of new pneumatic tyres of rubber
Exports_EconomicActivity_NewPneumaticTyresOfRubber_AsAFractionOf_Exports_EconomicActivity,Percentage of exports of new pneumatic tyres of rubber
Exports_EconomicActivity_NewspapersJournalsAndPeriodicalsWhetherOrNot4902,Exports of newspapers journals and periodicals whether or not
Exports_EconomicActivity_NewspapersJournalsAndPeriodicalsWhetherOrNot4902_AsAFractionOf_Exports_EconomicActivity,Percentage of exports of newspapers journals and periodicals whether or not
Exports_EconomicActivity_NewsprintInRollsOrSheets,Exports of newsprint in rolls or sheets
Exports_EconomicActivity_NewsprintInRollsOrSheets_AsAFractionOf_Exports_EconomicActivity,Percentage of exports of newsprint in rolls or sheets
Exports_EconomicActivity_NickelAndArticlesThereof,Exports of nickel and articles thereof
Exports_EconomicActivity_NickelAndArticlesThereof_AsAFractionOf_Exports_EconomicActivity,Percentage of exports of nickel and articles thereof
Exports_EconomicActivity_NickelArticlesThereofNECInChapter75,Exports of nickel articles thereof necin chapter
Exports_EconomicActivity_NickelArticlesThereofNECInChapter75_AsAFractionOf_Exports_EconomicActivity,Percentage of exports of nickel articles thereof necin chapter
Exports_EconomicActivity_NickelBarsRodsProfilesAndWire,Exports of nickel bars rods profiles and wire
Exports_EconomicActivity_NickelBarsRodsProfilesAndWire_AsAFractionOf_Exports_EconomicActivity,Percentage of exports of nickel bars rods profiles and wire
Exports_EconomicActivity_NickelMattesNickelOxideSintersAndOtherIntermediate,Exports of nickel mattes nickel oxide sinters and other
Exports_EconomicActivity_NickelMattesNickelOxideSintersAndOtherIntermediate_AsAFractionOf_Exports_EconomicActivity,Percentage of exports of nickel mattes nickel oxide sinters and other
Exports_EconomicActivity_NickelOresAndConcentrates2604,Exports of nickel ores and concentrates
Exports_EconomicActivity_NickelOresAndConcentrates2604_AsAFractionOf_Exports_EconomicActivity,Percentage of exports of nickel ores and concentrates
Exports_EconomicActivity_NickelPlatesSheetsStripAndFoil,Exports of nickel plates sheets strip and foil
Exports_EconomicActivity_NickelPlatesSheetsStripAndFoil_AsAFractionOf_Exports_EconomicActivity,Percentage of exports of nickel plates sheets strip and foil
Exports_EconomicActivity_NickelPowdersAndFlakes7504,Exports of nickel powders and flakes
Exports_EconomicActivity_NickelPowdersAndFlakes7504_AsAFractionOf_Exports_EconomicActivity,Percentage of exports of nickel powders and flakes
Exports_EconomicActivity_NickelTubesPipesAndTubeOrPipeFittingsEGCouplings,Exports of nickel tubes pipes and tube or pipe
Exports_EconomicActivity_NickelTubesPipesAndTubeOrPipeFittingsEGCouplings_AsAFractionOf_Exports_EconomicActivity,Percentage of exports of nickel tubes pipes and tube or pipe
Exports_EconomicActivity_NickelUnwrought,Exports of nickel unwrought
Exports_EconomicActivity_NickelUnwrought_AsAFractionOf_Exports_EconomicActivity,Percentage of exports of nickel unwrought
Exports_EconomicActivity_NickelWasteAndScrap7503,Exports of nickel waste and scrap
Exports_EconomicActivity_NickelWasteAndScrap7503_AsAFractionOf_Exports_EconomicActivity,Percentage of exports of nickel waste and scrap
Exports_EconomicActivity_NiobiumTantalumVanadiumOrZirconiumOresAnd,Exports of niobium tantalum vanadium or zirconium ores and
Exports_EconomicActivity_NiobiumTantalumVanadiumOrZirconiumOresAnd_AsAFractionOf_Exports_EconomicActivity,Percentage of exports of niobium tantalum vanadium or zirconium ores and
Exports_EconomicActivity_NitricAcidSulphonitricAcids2808,Exports of nitric acid sulphonitric acids
Exports_EconomicActivity_NitricAcidSulphonitricAcids2808_AsAFractionOf_Exports_EconomicActivity,Percentage of exports of nitric acid sulphonitric acids
Exports_EconomicActivity_NitrileFunctionCompounds,Exports of nitrile function compounds
Exports_EconomicActivity_NitrileFunctionCompounds_AsAFractionOf_Exports_EconomicActivity,Percentage of exports of nitrile function compounds
Exports_EconomicActivity_NitritesNitrates,Exports of nitrites nitrates
Exports_EconomicActivity_NitritesNitrates_AsAFractionOf_Exports_EconomicActivity,Percentage of exports of nitrites nitrates
Exports_EconomicActivity_NitrogenFunctionCompoundsNECInChapter29,Exports of nitrogen function compounds necin chapter
Exports_EconomicActivity_NitrogenFunctionCompoundsNECInChapter29_AsAFractionOf_Exports_EconomicActivity,Percentage of exports of nitrogen function compounds necin chapter
Exports_EconomicActivity_NonwovensWhetherOrNotImpregnatedCoatedCoveredO5603,Exports of nonwovens whether or not impregnated coated covered
Exports_EconomicActivity_NonwovensWhetherOrNotImpregnatedCoatedCoveredO5603_AsAFractionOf_Exports_EconomicActivity,Percentage of exports of nonwovens whether or not impregnated coated covered
Exports_EconomicActivity_NuclearReactorsFuelElementsCartridgesNonIrradiated,Exports of nuclear reactors fuel elements cartridges non irradiated
Exports_EconomicActivity_NuclearReactorsFuelElementsCartridgesNonIrradiated_AsAFractionOf_Exports_EconomicActivity,Percentage of exports of nuclear reactors fuel elements cartridges non irradiated
Exports_EconomicActivity_NucleicAcidsAndTheirSaltsWhetherOrNotChemically,Exports of nucleic acids and their salts whether or
Exports_EconomicActivity_NucleicAcidsAndTheirSaltsWhetherOrNotChemically_AsAFractionOf_Exports_EconomicActivity,Percentage of exports of nucleic acids and their salts whether or
Exports_EconomicActivity_NutmegMaceAndCardamoms,Exports of nutmeg mace and cardamoms
Exports_EconomicActivity_NutmegMaceAndCardamoms_AsAFractionOf_Exports_EconomicActivity,Percentage of exports of nutmeg mace and cardamoms
Exports_EconomicActivity_NutsEdibleCoconutsBrazilNutsAndCashewNutsFreshOr,Exports of nuts edible coconuts brazil nuts and cashew
Exports_EconomicActivity_NutsEdibleCoconutsBrazilNutsAndCashewNutsFreshOr_AsAFractionOf_Exports_EconomicActivity,Percentage of exports of nuts edible coconuts brazil nuts and cashew
Exports_EconomicActivity_NutsExcludingCoconutsBrazilsAndCashewNutsFreshOr,Exports of nuts excluding coconuts brazils and cashew nuts
Exports_EconomicActivity_NutsExcludingCoconutsBrazilsAndCashewNutsFreshOr_AsAFractionOf_Exports_EconomicActivity,Percentage of exports of nuts excluding coconuts brazils and cashew nuts
Exports_EconomicActivity_Oats,Exports of oats
Exports_EconomicActivity_Oats_AsAFractionOf_Exports_EconomicActivity,Percentage of exports of oats
Exports_EconomicActivity_OdoriferousSubstancesAndMixturesIncludingAlcoholic,Exports of odoriferous substances and mixtures including alcoholic
Exports_EconomicActivity_OdoriferousSubstancesAndMixturesIncludingAlcoholic_AsAFractionOf_Exports_EconomicActivity,Percentage of exports of odoriferous substances and mixtures including alcoholic
Exports_EconomicActivity_OfficeEquipmentFilingCabinetsCardIndexCabinets8304,Exports of office equipment filing cabinets card index cabinets
Exports_EconomicActivity_OfficeEquipmentFilingCabinetsCardIndexCabinets8304_AsAFractionOf_Exports_EconomicActivity,Percentage of exports of office equipment filing cabinets card index cabinets
Exports_EconomicActivity_OfficeMachinesNotElsewhereClassified8472,Exports of office machines not elsewhere classified
Exports_EconomicActivity_OfficeMachinesNotElsewhereClassified8472_AsAFractionOf_Exports_EconomicActivity,Percentage of exports of office machines not elsewhere classified
Exports_EconomicActivity_OilCakeAndOtherSolidResiduesWhetherOrNotGround2304,Exports of oil cake and other solid residues whether
Exports_EconomicActivity_OilCakeAndOtherSolidResiduesWhetherOrNotGround2304_AsAFractionOf_Exports_EconomicActivity,Percentage of exports of oil cake and other solid residues whether
Exports_EconomicActivity_OilCakeAndOtherSolidResiduesWhetherOrNotGround2305,Exports of oil cake and other solid residues whether
Exports_EconomicActivity_OilCakeAndOtherSolidResiduesWhetherOrNotGround2305_AsAFractionOf_Exports_EconomicActivity,Percentage of exports of oil cake and other solid residues whether
Exports_EconomicActivity_OilCakeAndOtherSolidResiduesWhetherOrNotGround2306,Exports of oil cake and other solid residues whether
Exports_EconomicActivity_OilCakeAndOtherSolidResiduesWhetherOrNotGround2306_AsAFractionOf_Exports_EconomicActivity,Percentage of exports of oil cake and other solid residues whether
Exports_EconomicActivity_OilSeedsAndOleaginousFruitsMiscellaneousGrains,Exports of oil seeds and oleaginous fruits miscellaneous grains
Exports_EconomicActivity_OilSeedsAndOleaginousFruitsMiscellaneousGrains_AsAFractionOf_Exports_EconomicActivity,Percentage of exports of oil seeds and oleaginous fruits miscellaneous grains
Exports_EconomicActivity_OilSeedsAndOleaginousFruitsNECInChapter12WhetherOr,Exports of oil seeds and oleaginous fruits necin chapter12whether
Exports_EconomicActivity_OilSeedsAndOleaginousFruitsNECInChapter12WhetherOr_AsAFractionOf_Exports_EconomicActivity,Percentage of exports of oil seeds and oleaginous fruits necin chapter12whether
Exports_EconomicActivity_OilSeedsLinseedWhetherOrNotBroken1204,Exports of oil seeds linseed whether or not broken
Exports_EconomicActivity_OilSeedsLinseedWhetherOrNotBroken1204_AsAFractionOf_Exports_EconomicActivity,Percentage of exports of oil seeds linseed whether or not broken
Exports_EconomicActivity_OilsAndOtherProductsOfTheDistillationOfHigh2707,Exports of oils and other products of the distillation
Exports_EconomicActivity_OilsAndOtherProductsOfTheDistillationOfHigh2707_AsAFractionOf_Exports_EconomicActivity,Percentage of exports of oils and other products of the distillation
Exports_EconomicActivity_OilsEssentialConcretesAbsolutesConcentratesThereof,Exports of oils essential concretes absolutes concentrates thereof
Exports_EconomicActivity_OilsEssentialConcretesAbsolutesConcentratesThereof_AsAFractionOf_Exports_EconomicActivity,Percentage of exports of oils essential concretes absolutes concentrates thereof
Exports_EconomicActivity_OliveOilAndItsFractionsWhetherOrNotRefinedButNot,Exports of olive oil and its fractions whether or
Exports_EconomicActivity_OliveOilAndItsFractionsWhetherOrNotRefinedButNot_AsAFractionOf_Exports_EconomicActivity,Percentage of exports of olive oil and its fractions whether or
Exports_EconomicActivity_OnionsShallotsGarlicLeeksAndOtherAlliaceous,Exports of onions shallots garlic leeks and other alliaceous
Exports_EconomicActivity_OnionsShallotsGarlicLeeksAndOtherAlliaceous_AsAFractionOf_Exports_EconomicActivity,Percentage of exports of onions shallots garlic leeks and other alliaceous
Exports_EconomicActivity_OpticalFibresAndOpticalFibreBundlesOpticalFibre,Exports of optical fibres and optical fibre bundles optical
Exports_EconomicActivity_OpticalFibresAndOpticalFibreBundlesOpticalFibre_AsAFractionOf_Exports_EconomicActivity,Percentage of exports of optical fibres and optical fibre bundles optical
Exports_EconomicActivity_OpticalPhotographicCinematographicMeasuring,Exports of optical photographic cinematographic measuring
Exports_EconomicActivity_OpticalPhotographicCinematographicMeasuring_AsAFractionOf_Exports_EconomicActivity,Percentage of exports of optical photographic cinematographic measuring
Exports_EconomicActivity_OralOrDentalHygienePreparationsIncludingFixative,Exports of oral or dental hygiene preparations including fixative
Exports_EconomicActivity_OralOrDentalHygienePreparationsIncludingFixative_AsAFractionOf_Exports_EconomicActivity,Percentage of exports of oral or dental hygiene preparations including fixative
Exports_EconomicActivity_OresAndConcentratesNECInHeadingNo2601,Exports of ores and concentrates necin heading no
Exports_EconomicActivity_OresAndConcentratesNECInHeadingNo2601_AsAFractionOf_Exports_EconomicActivity,Percentage of exports of ores and concentrates necin heading no
Exports_EconomicActivity_OresSlagAndAsh,Exports of ores slag and ash
Exports_EconomicActivity_OresSlagAndAsh_AsAFractionOf_Exports_EconomicActivity,Percentage of exports of ores slag and ash
Exports_EconomicActivity_OrganicChemicals,Exports of organic chemicals
Exports_EconomicActivity_OrganicChemicals_AsAFractionOf_Exports_EconomicActivity,Percentage of exports of organic chemicals
Exports_EconomicActivity_OrganicCompositeSolventsAndThinnersNotElsewhere,Exports of organic composite solvents and thinners not elsewhere
Exports_EconomicActivity_OrganicCompositeSolventsAndThinnersNotElsewhere_AsAFractionOf_Exports_EconomicActivity,Percentage of exports of organic composite solvents and thinners not elsewhere
Exports_EconomicActivity_OrganicCompoundsNECInChapter292942,Exports of organic compounds necin chapter
Exports_EconomicActivity_OrganicCompoundsNECInChapter292942_AsAFractionOf_Exports_EconomicActivity,Percentage of exports of organic compounds necin chapter
Exports_EconomicActivity_OrganicDerivativesOfHydrazineOrOfHydroxylamine2928,Exports of organic derivatives of hydrazine or of hydroxylamine
Exports_EconomicActivity_OrganicDerivativesOfHydrazineOrOfHydroxylamine2928_AsAFractionOf_Exports_EconomicActivity,Percentage of exports of organic derivatives of hydrazine or of hydroxylamine
Exports_EconomicActivity_OrganicSurfaceActiveAgentsNotSoapSurfaceActive,Exports of organic surface active agents not soap surface
Exports_EconomicActivity_OrganicSurfaceActiveAgentsNotSoapSurfaceActive_AsAFractionOf_Exports_EconomicActivity,Percentage of exports of organic surface active agents not soap surface
Exports_EconomicActivity_OrganoSulphurCompounds,Exports of organo sulphur compounds
Exports_EconomicActivity_OrganoSulphurCompounds_AsAFractionOf_Exports_EconomicActivity,Percentage of exports of organo sulphur compounds
Exports_EconomicActivity_OrthopaedicAppliancesIncludingCrutchesSurgical,Exports of orthopaedic appliances including crutches surgical
Exports_EconomicActivity_OrthopaedicAppliancesIncludingCrutchesSurgical_AsAFractionOf_Exports_EconomicActivity,Percentage of exports of orthopaedic appliances including crutches surgical
Exports_EconomicActivity_OtherOrganoInorganicCompounds,Exports of other organo inorganic compounds
Exports_EconomicActivity_OtherOrganoInorganicCompounds_AsAFractionOf_Exports_EconomicActivity,Percentage of exports of other organo inorganic compounds
Exports_EconomicActivity_OtherWovenFabricsOfCottonNECInChapter52,Exports of other woven fabrics of cotton necin chapter
Exports_EconomicActivity_OtherWovenFabricsOfCottonNECInChapter52_AsAFractionOf_Exports_EconomicActivity,Percentage of exports of other woven fabrics of cotton necin chapter
Exports_EconomicActivity_OvercoatsCarCoatsCapesCloaksAnoraksIncludingSki,Exports of overcoats car coats capes cloaks anoraks including
Exports_EconomicActivity_OvercoatsCarCoatsCapesCloaksAnoraksIncludingSki_AsAFractionOf_Exports_EconomicActivity,Percentage of exports of overcoats car coats capes cloaks anoraks including
Exports_EconomicActivity_OxidesOfBoronBoricAcids2810,Exports of oxides of boron boric acids
Exports_EconomicActivity_OxidesOfBoronBoricAcids2810_AsAFractionOf_Exports_EconomicActivity,Percentage of exports of oxides of boron boric acids
Exports_EconomicActivity_OxygenFunctionAminoCompounds,Exports of oxygen function amino compounds
Exports_EconomicActivity_OxygenFunctionAminoCompounds_AsAFractionOf_Exports_EconomicActivity,Percentage of exports of oxygen function amino compounds
Exports_EconomicActivity_PackingCasesBoxesCratesDrumsAndSimilarPackingsOf,Exports of packing cases boxes crates drums and similar
Exports_EconomicActivity_PackingCasesBoxesCratesDrumsAndSimilarPackingsOf_AsAFractionOf_Exports_EconomicActivity,Percentage of exports of packing cases boxes crates drums and similar
Exports_EconomicActivity_PadlocksAndLocksKeyCombinationElectricallyOperated,Exports of padlocks and locks key combination electrically operated
Exports_EconomicActivity_PadlocksAndLocksKeyCombinationElectricallyOperated_AsAFractionOf_Exports_EconomicActivity,Percentage of exports of padlocks and locks key combination electrically operated
Exports_EconomicActivity_PaintingsDrawingsAndPastelsExecutedEntirelyByH9701,Exports of paintings drawings and pastels executed entirely by
Exports_EconomicActivity_PaintingsDrawingsAndPastelsExecutedEntirelyByH9701_AsAFractionOf_Exports_EconomicActivity,Percentage of exports of paintings drawings and pastels executed entirely by
Exports_EconomicActivity_PaintsAndVarnishesIncludingEnamelsAndLacquersBased,Exports of paints and varnishes including enamels and lacquers
Exports_EconomicActivity_PaintsAndVarnishesIncludingEnamelsAndLacquersBased_AsAFractionOf_Exports_EconomicActivity,Percentage of exports of paints and varnishes including enamels and lacquers
Exports_EconomicActivity_PaintsAndVarnishesIncludingEnamelsLacquersAnd3210,Exports of paints and varnishes including enamels lacquers and
Exports_EconomicActivity_PaintsAndVarnishesIncludingEnamelsLacquersAnd3210_AsAFractionOf_Exports_EconomicActivity,Percentage of exports of paints and varnishes including enamels lacquers and
Exports_EconomicActivity_PaintsVarnishesEnamelsAndLacquersBasedOnSynthetic,Exports of paints varnishes enamels and lacquers based on
Exports_EconomicActivity_PaintsVarnishesEnamelsAndLacquersBasedOnSynthetic_AsAFractionOf_Exports_EconomicActivity,Percentage of exports of paints varnishes enamels and lacquers based on
Exports_EconomicActivity_PalmOilAndItsFractionsWhetherOrNotRefinedButNot,Exports of palm oil and its fractions whether or
Exports_EconomicActivity_PalmOilAndItsFractionsWhetherOrNotRefinedButNot_AsAFractionOf_Exports_EconomicActivity,Percentage of exports of palm oil and its fractions whether or
Exports_EconomicActivity_PanelsBoardsTilesBlocksAndTheLikeOfVegetableFi6808,Exports of panels boards tiles blocks and the like
Exports_EconomicActivity_PanelsBoardsTilesBlocksAndTheLikeOfVegetableFi6808_AsAFractionOf_Exports_EconomicActivity,Percentage of exports of panels boards tiles blocks and the like
Exports_EconomicActivity_PaperAndPaperboardArticlesOfPaperPulpOfPaperOr,Exports of paper and paperboard articles of paper pulp
Exports_EconomicActivity_PaperAndPaperboardArticlesOfPaperPulpOfPaperOr_AsAFractionOf_Exports_EconomicActivity,Percentage of exports of paper and paperboard articles of paper pulp
Exports_EconomicActivity_PaperAndPaperboardCoatedOneOrBothSidesWithKaolin,Exports of paper and paperboard coated one or both
Exports_EconomicActivity_PaperAndPaperboardCoatedOneOrBothSidesWithKaolin_AsAFractionOf_Exports_EconomicActivity,Percentage of exports of paper and paperboard coated one or both
Exports_EconomicActivity_PaperAndPaperboardCorrugatedWithOrWithoutGluedFlat,Exports of paper and paperboard corrugated with or without
Exports_EconomicActivity_PaperAndPaperboardCorrugatedWithOrWithoutGluedFlat_AsAFractionOf_Exports_EconomicActivity,Percentage of exports of paper and paperboard corrugated with or without
Exports_EconomicActivity_PaperOrPaperboardLabelsOfAllKindsWhetherOrNot,Exports of paper or paperboard labels of all kinds
Exports_EconomicActivity_PaperOrPaperboardLabelsOfAllKindsWhetherOrNot_AsAFractionOf_Exports_EconomicActivity,Percentage of exports of paper or paperboard labels of all kinds
Exports_EconomicActivity_PaperPaperboardCelluloseWaddingAndWebsOfCellul4811,Exports of paper paperboard cellulose wadding and webs of
Exports_EconomicActivity_PaperPaperboardCelluloseWaddingAndWebsOfCellul4811_AsAFractionOf_Exports_EconomicActivity,Percentage of exports of paper paperboard cellulose wadding and webs of
Exports_EconomicActivity_PaperPaperboardCelluloseWaddingAndWebsOfCellul4823,Exports of paper paperboard cellulose wadding and webs of
Exports_EconomicActivity_PaperPaperboardCelluloseWaddingAndWebsOfCellul4823_AsAFractionOf_Exports_EconomicActivity,Percentage of exports of paper paperboard cellulose wadding and webs of
Exports_EconomicActivity_ParachutesIncludingDirigibleParachutesAnd8804,Exports of parachutes including dirigible parachutes and
Exports_EconomicActivity_ParachutesIncludingDirigibleParachutesAnd8804_AsAFractionOf_Exports_EconomicActivity,Percentage of exports of parachutes including dirigible parachutes and
Exports_EconomicActivity_ParticleBoardOrientedStrandBoardOsbAndSimilarB4410,Exports of particle board oriented strand board osb and
Exports_EconomicActivity_ParticleBoardOrientedStrandBoardOsbAndSimilarB4410_AsAFractionOf_Exports_EconomicActivity,Percentage of exports of particle board oriented strand board osb and
Exports_EconomicActivity_PartsAccessoriesSuitedForUseOnlyMainlyWithMachines,Exports of parts accessories suited for use only mainly
Exports_EconomicActivity_PartsAccessoriesSuitedForUseOnlyMainlyWithMachines_AsAFractionOf_Exports_EconomicActivity,Percentage of exports of parts accessories suited for use only mainly
Exports_EconomicActivity_PartsSuitableForUseSolelyOrPrincipallyWithThe,Exports of parts suitable for use solely or principally
Exports_EconomicActivity_PartsSuitableForUseSolelyOrPrincipallyWithThe_AsAFractionOf_Exports_EconomicActivity,Percentage of exports of parts suitable for use solely or principally
Exports_EconomicActivity_PastaWhetherOrNotCookedOrStuffedWithMeatOrOther,Exports of pasta whether or not cooked or stuffed
Exports_EconomicActivity_PastaWhetherOrNotCookedOrStuffedWithMeatOrOther_AsAFractionOf_Exports_EconomicActivity,Percentage of exports of pasta whether or not cooked or stuffed
Exports_EconomicActivity_PearlsNaturalOrCulturedWhetherOrNotWorkedOrGraded,Exports of pearls natural or cultured whether or not
Exports_EconomicActivity_PearlsNaturalOrCulturedWhetherOrNotWorkedOrGraded_AsAFractionOf_Exports_EconomicActivity,Percentage of exports of pearls natural or cultured whether or not
Exports_EconomicActivity_PeatIncludingPeatLitterWhetherOrNotAgglomerate2703,Exports of peat including peat litter whether or not
Exports_EconomicActivity_PeatIncludingPeatLitterWhetherOrNotAgglomerate2703_AsAFractionOf_Exports_EconomicActivity,Percentage of exports of peat including peat litter whether or not
Exports_EconomicActivity_PebblesGravelCrushedStoneForConcreteAggregatesFor,Exports of pebbles gravel crushed stone for concrete aggregates
Exports_EconomicActivity_PebblesGravelCrushedStoneForConcreteAggregatesFor_AsAFractionOf_Exports_EconomicActivity,Percentage of exports of pebbles gravel crushed stone for concrete aggregates
Exports_EconomicActivity_PeelOfCitrusFruitOrMelonsIncludingWatermelonsF0814,Exports of peel of citrus fruit or melons including
Exports_EconomicActivity_PeelOfCitrusFruitOrMelonsIncludingWatermelonsF0814_AsAFractionOf_Exports_EconomicActivity,Percentage of exports of peel of citrus fruit or melons including
Exports_EconomicActivity_PencilsNotOfHeadingNo9608CrayonsPencilLeadsPastels,Exports of pencils not of heading no9608crayons pencil leads
Exports_EconomicActivity_PencilsNotOfHeadingNo9608CrayonsPencilLeadsPastels_AsAFractionOf_Exports_EconomicActivity,Percentage of exports of pencils not of heading no9608crayons pencil leads
Exports_EconomicActivity_PensBallPointFeltTippedOtherPorousTippedPens,Exports of pens ball point felt tipped other porous
Exports_EconomicActivity_PensBallPointFeltTippedOtherPorousTippedPens_AsAFractionOf_Exports_EconomicActivity,Percentage of exports of pens ball point felt tipped other porous
Exports_EconomicActivity_PepperOfTheGenusPiperDriedOrCrushedOrGroundFruits,Exports of pepper of the genus piper dried or
Exports_EconomicActivity_PepperOfTheGenusPiperDriedOrCrushedOrGroundFruits_AsAFractionOf_Exports_EconomicActivity,Percentage of exports of pepper of the genus piper dried or
Exports_EconomicActivity_PeptonesAndTheirDerivativesOtherProteinSubstan3504,Exports of peptones and their derivatives other protein substan
Exports_EconomicActivity_PeptonesAndTheirDerivativesOtherProteinSubstan3504_AsAFractionOf_Exports_EconomicActivity,Percentage of exports of peptones and their derivatives other protein substan
Exports_EconomicActivity_PerfumeryCosmeticOrToiletPreparationsPreShave3307,Exports of perfumery cosmetic or toilet preparations pre shave
Exports_EconomicActivity_PerfumeryCosmeticOrToiletPreparationsPreShave3307_AsAFractionOf_Exports_EconomicActivity,Percentage of exports of perfumery cosmetic or toilet preparations pre shave
Exports_EconomicActivity_PerfumesAndToiletWaters3303,Exports of perfumes and toilet waters
Exports_EconomicActivity_PerfumesAndToiletWaters3303_AsAFractionOf_Exports_EconomicActivity,Percentage of exports of perfumes and toilet waters
Exports_EconomicActivity_PetroleumCokePetroleumBitumenOtherResiduesOf,Exports of petroleum coke petroleum bitumen other residues of
Exports_EconomicActivity_PetroleumCokePetroleumBitumenOtherResiduesOf_AsAFractionOf_Exports_EconomicActivity,Percentage of exports of petroleum coke petroleum bitumen other residues of
Exports_EconomicActivity_PetroleumGasesAndOtherGaseousHydrocarbons,Exports of petroleum gases and other gaseous hydrocarbons
Exports_EconomicActivity_PetroleumGasesAndOtherGaseousHydrocarbons_AsAFractionOf_Exports_EconomicActivity,Percentage of exports of petroleum gases and other gaseous hydrocarbons
Exports_EconomicActivity_PetroleumJellyParaffinWaxMicroCrystallinePetroleum,Exports of petroleum jelly paraffin wax micro crystalline petroleum
Exports_EconomicActivity_PetroleumJellyParaffinWaxMicroCrystallinePetroleum_AsAFractionOf_Exports_EconomicActivity,Percentage of exports of petroleum jelly paraffin wax micro crystalline petroleum
Exports_EconomicActivity_PetroleumOilsAndOilsFromBituminousMineralsNotCrude,Exports of petroleum oils and oils from bituminous minerals
Exports_EconomicActivity_PetroleumOilsAndOilsFromBituminousMineralsNotCrude_AsAFractionOf_Exports_EconomicActivity,Percentage of exports of petroleum oils and oils from bituminous minerals
Exports_EconomicActivity_PetroleumResinsCoumaroneIndeneResinsPolyterpenes,Exports of petroleum resins coumarone indene resins polyterpenes
Exports_EconomicActivity_PetroleumResinsCoumaroneIndeneResinsPolyterpenes_AsAFractionOf_Exports_EconomicActivity,Percentage of exports of petroleum resins coumarone indene resins polyterpenes
Exports_EconomicActivity_PharmaceuticalGoods,Exports of pharmaceutical goods
Exports_EconomicActivity_PharmaceuticalGoods_AsAFractionOf_Exports_EconomicActivity,Percentage of exports of pharmaceutical goods
Exports_EconomicActivity_PharmaceuticalProducts,Exports of pharmaceutical products
Exports_EconomicActivity_PharmaceuticalProducts_AsAFractionOf_Exports_EconomicActivity,Percentage of exports of pharmaceutical products
Exports_EconomicActivity_PhenolsMonophenolsPolyphenolsAndPhenolAlcohols,Exports of phenols monophenols polyphenols and phenol alcohols
Exports_EconomicActivity_PhenolsMonophenolsPolyphenolsAndPhenolAlcohols_AsAFractionOf_Exports_EconomicActivity,Percentage of exports of phenols monophenols polyphenols and phenol alcohols
Exports_EconomicActivity_PhenolsOrPhenolAlcoholsHalogenatedSulphonated,Exports of phenols or phenol alcohols halogenated sulphonated
Exports_EconomicActivity_PhenolsOrPhenolAlcoholsHalogenatedSulphonated_AsAFractionOf_Exports_EconomicActivity,Percentage of exports of phenols or phenol alcohols halogenated sulphonated
Exports_EconomicActivity_PhosphidesChemicallyDefinedOrNotNotFerrophosph2853,Exports of phosphides chemically defined or not not ferrophosph
Exports_EconomicActivity_PhosphidesChemicallyDefinedOrNotNotFerrophosph2853_AsAFractionOf_Exports_EconomicActivity,Percentage of exports of phosphides chemically defined or not not ferrophosph
Exports_EconomicActivity_PhosphinatesHypophosphitesPhosphonatesPhosphites,Exports of phosphinates hypophosphites phosphonates phosphites
Exports_EconomicActivity_PhosphinatesHypophosphitesPhosphonatesPhosphites_AsAFractionOf_Exports_EconomicActivity,Percentage of exports of phosphinates hypophosphites phosphonates phosphites
Exports_EconomicActivity_PhotographicFilmInRollsSensitisedUnexposedOfAny,Exports of photographic film in rolls sensitised unexposed of
Exports_EconomicActivity_PhotographicFilmInRollsSensitisedUnexposedOfAny_AsAFractionOf_Exports_EconomicActivity,Percentage of exports of photographic film in rolls sensitised unexposed of
Exports_EconomicActivity_PhotographicIncludingCinematographicLaboratory,Exports of photographic including cinematographic laboratory
Exports_EconomicActivity_PhotographicIncludingCinematographicLaboratory_AsAFractionOf_Exports_EconomicActivity,Percentage of exports of photographic including cinematographic laboratory
Exports_EconomicActivity_PhotographicOrCinematographicGoods,Exports of photographic or cinematographic goods
Exports_EconomicActivity_PhotographicOrCinematographicGoods_AsAFractionOf_Exports_EconomicActivity,Percentage of exports of photographic or cinematographic goods
Exports_EconomicActivity_PhotographicPaperPaperboardAndTextilesSensitised,Exports of photographic paper paperboard and textiles sensitised
Exports_EconomicActivity_PhotographicPaperPaperboardAndTextilesSensitised_AsAFractionOf_Exports_EconomicActivity,Percentage of exports of photographic paper paperboard and textiles sensitised
Exports_EconomicActivity_PhotographicPlatesAndFilmExposedAndDevelopedOt3705,Exports of photographic plates and film exposed and developed
Exports_EconomicActivity_PhotographicPlatesAndFilmExposedAndDevelopedOt3705_AsAFractionOf_Exports_EconomicActivity,Percentage of exports of photographic plates and film exposed and developed
Exports_EconomicActivity_PhotographicPlatesAndFilmInTheFlatSensitised3701,Exports of photographic plates and film in the flat
Exports_EconomicActivity_PhotographicPlatesAndFilmInTheFlatSensitised3701_AsAFractionOf_Exports_EconomicActivity,Percentage of exports of photographic plates and film in the flat
Exports_EconomicActivity_PhotographicPlatesFilmPaperPaperboardAndTextil3704,Exports of photographic plates film paper paperboard and textil
Exports_EconomicActivity_PhotographicPlatesFilmPaperPaperboardAndTextil3704_AsAFractionOf_Exports_EconomicActivity,Percentage of exports of photographic plates film paper paperboard and textil
Exports_EconomicActivity_PianosIncludingAutomaticPianosHarpsichordsAndOther,Exports of pianos including automatic pianos harpsichords and other
Exports_EconomicActivity_PianosIncludingAutomaticPianosHarpsichordsAndOther_AsAFractionOf_Exports_EconomicActivity,Percentage of exports of pianos including automatic pianos harpsichords and other
Exports_EconomicActivity_PigFatIncludingLardAndPoultryFatOtherThanThatOf,Exports of pig fat including lard and poultry fat
Exports_EconomicActivity_PigFatIncludingLardAndPoultryFatOtherThanThatOf_AsAFractionOf_Exports_EconomicActivity,Percentage of exports of pig fat including lard and poultry fat
Exports_EconomicActivity_PigIronAndSpiegeleisenInPigsBlocksOrOtherPrimary,Exports of pig iron and spiegeleisen in pigs blocks
Exports_EconomicActivity_PigIronAndSpiegeleisenInPigsBlocksOrOtherPrimary_AsAFractionOf_Exports_EconomicActivity,Percentage of exports of pig iron and spiegeleisen in pigs blocks
Exports_EconomicActivity_PigmentsMetallicPowdersAndFlakesDispersedInNon,Exports of pigments metallic powders and flakes dispersed in
Exports_EconomicActivity_PigmentsMetallicPowdersAndFlakesDispersedInNon_AsAFractionOf_Exports_EconomicActivity,Percentage of exports of pigments metallic powders and flakes dispersed in
Exports_EconomicActivity_PigmentsPreparedOpacifiersColoursVitrifiable,Exports of pigments prepared opacifiers colours vitrifiable
Exports_EconomicActivity_PigmentsPreparedOpacifiersColoursVitrifiable_AsAFractionOf_Exports_EconomicActivity,Percentage of exports of pigments prepared opacifiers colours vitrifiable
Exports_EconomicActivity_PigsHogsOrBoarsBristlesAndHairAndWasteThereof,Exports of pigs hogs or boars bristles and hair
Exports_EconomicActivity_PigsHogsOrBoarsBristlesAndHairAndWasteThereof_AsAFractionOf_Exports_EconomicActivity,Percentage of exports of pigs hogs or boars bristles and hair
Exports_EconomicActivity_PitchAndPitchCokeObtainedFromCoalTarOrFromOther,Exports of pitch and pitch coke obtained from coal
Exports_EconomicActivity_PitchAndPitchCokeObtainedFromCoalTarOrFromOther_AsAFractionOf_Exports_EconomicActivity,Percentage of exports of pitch and pitch coke obtained from coal
Exports_EconomicActivity_PlaitsAndSimilarProductsOfPlaitingMaterials,Exports of plaits and similar products of plaiting materials
Exports_EconomicActivity_PlaitsAndSimilarProductsOfPlaitingMaterials_AsAFractionOf_Exports_EconomicActivity,Percentage of exports of plaits and similar products of plaiting materials
Exports_EconomicActivity_PlansAndDrawingsForArchitecturalEngineering4906,Exports of plans and drawings for architectural engineering
Exports_EconomicActivity_PlansAndDrawingsForArchitecturalEngineering4906_AsAFractionOf_Exports_EconomicActivity,Percentage of exports of plans and drawings for architectural engineering
Exports_EconomicActivity_PlantsAndPartsOfPlantsIncludingSeedsAndFruitsOfA,Exports of plants and parts of plants including seeds
Exports_EconomicActivity_PlantsAndPartsOfPlantsIncludingSeedsAndFruitsOfA_AsAFractionOf_Exports_EconomicActivity,Percentage of exports of plants and parts of plants including seeds
Exports_EconomicActivity_PlantsLiveNECInHeadingNo0601IncludingTheirRoots,Exports of plants live necin heading no0601including their roots
Exports_EconomicActivity_PlantsLiveNECInHeadingNo0601IncludingTheirRoots_AsAFractionOf_Exports_EconomicActivity,Percentage of exports of plants live necin heading no0601including their roots
Exports_EconomicActivity_PlasterOrCompositionsBasedOnPlasterArticlesThereof,Exports of plaster or compositions based on plaster articles
Exports_EconomicActivity_PlasterOrCompositionsBasedOnPlasterArticlesThereof_AsAFractionOf_Exports_EconomicActivity,Percentage of exports of plaster or compositions based on plaster articles
Exports_EconomicActivity_PlasticArticlesForTheConveyanceOrPackingOfGoods,Exports of plastic articles for the conveyance or packing
Exports_EconomicActivity_PlasticArticlesForTheConveyanceOrPackingOfGoods_AsAFractionOf_Exports_EconomicActivity,Percentage of exports of plastic articles for the conveyance or packing
Exports_EconomicActivity_PlasticPlatesSheetsFilmFoilAndStripNECInChapter39,Exports of plastic plates sheets film foil and strip
Exports_EconomicActivity_PlasticPlatesSheetsFilmFoilAndStripNECInChapter39_AsAFractionOf_Exports_EconomicActivity,Percentage of exports of plastic plates sheets film foil and strip
Exports_EconomicActivity_PlasticsAndArticlesThereof,Exports of plastics and articles thereof
Exports_EconomicActivity_PlasticsAndArticlesThereof_AsAFractionOf_Exports_EconomicActivity,Percentage of exports of plastics and articles thereof
Exports_EconomicActivity_PlasticsBuildersWaresNECOrIncluded,Exports of plastics builders wares necor included
Exports_EconomicActivity_PlasticsBuildersWaresNECOrIncluded_AsAFractionOf_Exports_EconomicActivity,Percentage of exports of plastics builders wares necor included
Exports_EconomicActivity_PlasticsPlatesSheetsFilmFoilAndStripNotSelf3920,Exports of plastics plates sheets film foil and strip
Exports_EconomicActivity_PlasticsPlatesSheetsFilmFoilAndStripNotSelf3920_AsAFractionOf_Exports_EconomicActivity,Percentage of exports of plastics plates sheets film foil and strip
Exports_EconomicActivity_PlatesSheetsStripRodsAndProfileShapesOfVulcanised,Exports of plates sheets strip rods and profile shapes
Exports_EconomicActivity_PlatesSheetsStripRodsAndProfileShapesOfVulcanised_AsAFractionOf_Exports_EconomicActivity,Percentage of exports of plates sheets strip rods and profile shapes
Exports_EconomicActivity_PlatinumUnwroughtOrInSemiManufacturedFormsOrIn,Exports of platinum unwrought or in semi manufactured forms
Exports_EconomicActivity_PlatinumUnwroughtOrInSemiManufacturedFormsOrIn_AsAFractionOf_Exports_EconomicActivity,Percentage of exports of platinum unwrought or in semi manufactured forms
Exports_EconomicActivity_PlywoodVeneeredPanelsAndSimilarLaminatedWood4412,Exports of plywood veneered panels and similar laminated wood
Exports_EconomicActivity_PlywoodVeneeredPanelsAndSimilarLaminatedWood4412_AsAFractionOf_Exports_EconomicActivity,Percentage of exports of plywood veneered panels and similar laminated wood
Exports_EconomicActivity_PolishesCreamsScouringPastesPowdersAndSimilarInAny,Exports of polishes creams scouring pastes powders and similar
Exports_EconomicActivity_PolishesCreamsScouringPastesPowdersAndSimilarInAny_AsAFractionOf_Exports_EconomicActivity,Percentage of exports of polishes creams scouring pastes powders and similar
Exports_EconomicActivity_PolyacetalsOtherPolyethersAndEpoxideResinsIn,Exports of polyacetals other polyethers and epoxide resins in
Exports_EconomicActivity_PolyacetalsOtherPolyethersAndEpoxideResinsIn_AsAFractionOf_Exports_EconomicActivity,Percentage of exports of polyacetals other polyethers and epoxide resins in
Exports_EconomicActivity_PolyamidesInPrimaryForms,Exports of polyamides in primary forms
Exports_EconomicActivity_PolyamidesInPrimaryForms_AsAFractionOf_Exports_EconomicActivity,Percentage of exports of polyamides in primary forms
Exports_EconomicActivity_PolymersOfEthyleneInPrimaryForms,Exports of polymers of ethylene in primary forms
Exports_EconomicActivity_PolymersOfEthyleneInPrimaryForms_AsAFractionOf_Exports_EconomicActivity,Percentage of exports of polymers of ethylene in primary forms
Exports_EconomicActivity_PolymersOfPropyleneOrOfOtherOlefinsInPrimaryForms,Exports of polymers of propylene or of other olefins
Exports_EconomicActivity_PolymersOfPropyleneOrOfOtherOlefinsInPrimaryForms_AsAFractionOf_Exports_EconomicActivity,Percentage of exports of polymers of propylene or of other olefins
Exports_EconomicActivity_PolymersOfStyreneInPrimaryForms,Exports of polymers of styrene in primary forms
Exports_EconomicActivity_PolymersOfStyreneInPrimaryForms_AsAFractionOf_Exports_EconomicActivity,Percentage of exports of polymers of styrene in primary forms
Exports_EconomicActivity_PolymersOfVinylAcetateOrOfOtherVinylEstersIn,Exports of polymers of vinyl acetate or of other
Exports_EconomicActivity_PolymersOfVinylAcetateOrOfOtherVinylEstersIn_AsAFractionOf_Exports_EconomicActivity,Percentage of exports of polymers of vinyl acetate or of other
Exports_EconomicActivity_PolymersOfVinylChlorideOrOfOtherHalogenatedOlefins,Exports of polymers of vinyl chloride or of other
Exports_EconomicActivity_PolymersOfVinylChlorideOrOfOtherHalogenatedOlefins_AsAFractionOf_Exports_EconomicActivity,Percentage of exports of polymers of vinyl chloride or of other
Exports_EconomicActivity_PortlandCementAluminousCementCimentFonduSlagCement,Exports of portland cement aluminous cement ciment fondu slag
Exports_EconomicActivity_PortlandCementAluminousCementCimentFonduSlagCement_AsAFractionOf_Exports_EconomicActivity,Percentage of exports of portland cement aluminous cement ciment fondu slag
Exports_EconomicActivity_PotatoesFreshOrChilled,Exports of potatoes fresh or chilled
Exports_EconomicActivity_PotatoesFreshOrChilled_AsAFractionOf_Exports_EconomicActivity,Percentage of exports of potatoes fresh or chilled
Exports_EconomicActivity_PoultryLiveFowlsOfTheSpeciesGallusDomesticusDucks,Exports of poultry live fowls of the species gallus
Exports_EconomicActivity_PoultryLiveFowlsOfTheSpeciesGallusDomesticusDucks_AsAFractionOf_Exports_EconomicActivity,Percentage of exports of poultry live fowls of the species gallus
Exports_EconomicActivity_PreciousExcludingDiamondAndSemiPreciousStoneWorked,Exports of precious excluding diamond and semi precious stone
Exports_EconomicActivity_PreciousExcludingDiamondAndSemiPreciousStoneWorked_AsAFractionOf_Exports_EconomicActivity,Percentage of exports of precious excluding diamond and semi precious stone
Exports_EconomicActivity_PreciousMetalOresAndConcentrates,Exports of precious metal ores and concentrates
Exports_EconomicActivity_PreciousMetalOresAndConcentrates_AsAFractionOf_Exports_EconomicActivity,Percentage of exports of precious metal ores and concentrates
Exports_EconomicActivity_PreparationsAndChargesForFireExtinguishersCharged,Exports of preparations and charges for fire extinguishers charged
Exports_EconomicActivity_PreparationsAndChargesForFireExtinguishersCharged_AsAFractionOf_Exports_EconomicActivity,Percentage of exports of preparations and charges for fire extinguishers charged
Exports_EconomicActivity_PreparationsOfAKindUsedInAnimalFeeding,Exports of preparations of akind used in animal feeding
Exports_EconomicActivity_PreparationsOfAKindUsedInAnimalFeeding_AsAFractionOf_Exports_EconomicActivity,Percentage of exports of preparations of akind used in animal feeding
Exports_EconomicActivity_PreparationsOfCerealsFlourStarchOrMilkPastrycooks,Exports of preparations of cereals flour starch or milk
Exports_EconomicActivity_PreparationsOfCerealsFlourStarchOrMilkPastrycooks_AsAFractionOf_Exports_EconomicActivity,Percentage of exports of preparations of cereals flour starch or milk
Exports_EconomicActivity_PreparationsOfVegetablesFruitNutsOrOtherPartsOf,Exports of preparations of vegetables fruit nuts or other
Exports_EconomicActivity_PreparationsOfVegetablesFruitNutsOrOtherPartsOf_AsAFractionOf_Exports_EconomicActivity,Percentage of exports of preparations of vegetables fruit nuts or other
Exports_EconomicActivity_PreparedBindersForFoundryMouldsOrCoresChemical,Exports of prepared binders for foundry moulds or cores
Exports_EconomicActivity_PreparedBindersForFoundryMouldsOrCoresChemical_AsAFractionOf_Exports_EconomicActivity,Percentage of exports of prepared binders for foundry moulds or cores
Exports_EconomicActivity_PreparedCultureMediaForTheDevelopmentOrMainten3821,Exports of prepared culture media for the development or
Exports_EconomicActivity_PreparedCultureMediaForTheDevelopmentOrMainten3821_AsAFractionOf_Exports_EconomicActivity,Percentage of exports of prepared culture media for the development or
Exports_EconomicActivity_PreparedExplosivesOtherThanPropellentPowders,Exports of prepared explosives other than propellent powders
Exports_EconomicActivity_PreparedExplosivesOtherThanPropellentPowders_AsAFractionOf_Exports_EconomicActivity,Percentage of exports of prepared explosives other than propellent powders
Exports_EconomicActivity_PreparedFoodsObtainedBySwellingOrRoastingCerealsOr,Exports of prepared foods obtained by swelling or roasting
Exports_EconomicActivity_PreparedFoodsObtainedBySwellingOrRoastingCerealsOr_AsAFractionOf_Exports_EconomicActivity,Percentage of exports of prepared foods obtained by swelling or roasting
Exports_EconomicActivity_PreparedGluesAndOtherPreparedAdhesivesNECOr,Exports of prepared glues and other prepared adhesives necor
Exports_EconomicActivity_PreparedGluesAndOtherPreparedAdhesivesNECOr_AsAFractionOf_Exports_EconomicActivity,Percentage of exports of prepared glues and other prepared adhesives necor
Exports_EconomicActivity_PreparedOrPreservedFishCaviarAndCaviarSubstitutes,Exports of prepared or preserved fish caviar and caviar
Exports_EconomicActivity_PreparedOrPreservedFishCaviarAndCaviarSubstitutes_AsAFractionOf_Exports_EconomicActivity,Percentage of exports of prepared or preserved fish caviar and caviar
Exports_EconomicActivity_PreparedOrPreservedMeatMeatOffalBloodOrInsects,Exports of prepared or preserved meat meat offal blood
Exports_EconomicActivity_PreparedOrPreservedMeatMeatOffalBloodOrInsects_AsAFractionOf_Exports_EconomicActivity,Percentage of exports of prepared or preserved meat meat offal blood
Exports_EconomicActivity_PreparedRubberAcceleratorsCompoundPlasticisersFor,Exports of prepared rubber accelerators compound plasticisers for
Exports_EconomicActivity_PreparedRubberAcceleratorsCompoundPlasticisersFor_AsAFractionOf_Exports_EconomicActivity,Percentage of exports of prepared rubber accelerators compound plasticisers for
Exports_EconomicActivity_PressesCrushersAndSimilarMachineryUsedInThe8435,Exports of presses crushers and similar machinery used in
Exports_EconomicActivity_PressesCrushersAndSimilarMachineryUsedInThe8435_AsAFractionOf_Exports_EconomicActivity,Percentage of exports of presses crushers and similar machinery used in
Exports_EconomicActivity_PrintedBooksBrochuresLeafletsAndSimilarPrinted,Exports of printed books brochures leaflets and similar printed
Exports_EconomicActivity_PrintedBooksBrochuresLeafletsAndSimilarPrinted_AsAFractionOf_Exports_EconomicActivity,Percentage of exports of printed books brochures leaflets and similar printed
Exports_EconomicActivity_PrintedBooksNewspapersPicturesAndOtherProductsOf,Exports of printed books newspapers pictures and other products
Exports_EconomicActivity_PrintedBooksNewspapersPicturesAndOtherProductsOf_AsAFractionOf_Exports_EconomicActivity,Percentage of exports of printed books newspapers pictures and other products
Exports_EconomicActivity_PrintedMatterNECIncludingPrintedPicturesAnd,Exports of printed matter necincluding printed pictures and
Exports_EconomicActivity_PrintedMatterNECIncludingPrintedPicturesAnd_AsAFractionOf_Exports_EconomicActivity,Percentage of exports of printed matter necincluding printed pictures and
Exports_EconomicActivity_PrintedOrIllustratedPostcardsPrintedCardsBeari4909,Exports of printed or illustrated postcards printed cards beari
Exports_EconomicActivity_PrintedOrIllustratedPostcardsPrintedCardsBeari4909_AsAFractionOf_Exports_EconomicActivity,Percentage of exports of printed or illustrated postcards printed cards beari
Exports_EconomicActivity_PrintingMachineryUsedForPrintingByMeansOfPlate8443,Exports of printing machinery used for printing by means
Exports_EconomicActivity_PrintingMachineryUsedForPrintingByMeansOfPlate8443_AsAFractionOf_Exports_EconomicActivity,Percentage of exports of printing machinery used for printing by means
Exports_EconomicActivity_ProductsContainingTobaccoReconstitutedTobacco,Exports of products containing tobacco reconstituted tobacco
Exports_EconomicActivity_ProductsContainingTobaccoReconstitutedTobacco_AsAFractionOf_Exports_EconomicActivity,Percentage of exports of products containing tobacco reconstituted tobacco
Exports_EconomicActivity_ProductsOfTheMillingIndustryMaltStarchesInulin,Exports of products of the milling industry malt starches
Exports_EconomicActivity_ProductsOfTheMillingIndustryMaltStarchesInulin_AsAFractionOf_Exports_EconomicActivity,Percentage of exports of products of the milling industry malt starches
Exports_EconomicActivity_ProjectGoods,Exports of project goods
Exports_EconomicActivity_ProjectGoodsSpecialCases,Exports of project goods special cases
Exports_EconomicActivity_ProjectGoodsSpecialCases_AsAFractionOf_Exports_EconomicActivity,Percentage of exports of project goods special cases
Exports_EconomicActivity_ProjectGoods_AsAFractionOf_Exports_EconomicActivity,Percentage of exports of project goods
Exports_EconomicActivity_ProvitaminsVitaminsNaturalOrReproducedBySynthesis,Exports of provitamins vitamins natural or reproduced by synthesis
Exports_EconomicActivity_ProvitaminsVitaminsNaturalOrReproducedBySynthesis_AsAFractionOf_Exports_EconomicActivity,Percentage of exports of provitamins vitamins natural or reproduced by synthesis
Exports_EconomicActivity_PrtsOfGoodsOfHdgNo8801Or8802,Exports of prts of goods of hdg no8801or
Exports_EconomicActivity_PrtsOfGoodsOfHdgNo8801Or8802_AsAFractionOf_Exports_EconomicActivity,Percentage of exports of prts of goods of hdg no8801or
Exports_EconomicActivity_PulleyTackleAndHoistsOtherThanSkipHoistsWinchesAnd,Exports of pulley tackle and hoists other than skip
Exports_EconomicActivity_PulleyTackleAndHoistsOtherThanSkipHoistsWinchesAnd_AsAFractionOf_Exports_EconomicActivity,Percentage of exports of pulley tackle and hoists other than skip
Exports_EconomicActivity_PulpOfWoodOrOtherFibrousCellulosicMaterial,Exports of pulp of wood or other fibrous cellulosic
Exports_EconomicActivity_PulpOfWoodOrOtherFibrousCellulosicMaterial_AsAFractionOf_Exports_EconomicActivity,Percentage of exports of pulp of wood or other fibrous cellulosic
Exports_EconomicActivity_PulpsOfFibresDerivedFromRecoveredWasteAndScrap4706,Exports of pulps of fibres derived from recovered waste
Exports_EconomicActivity_PulpsOfFibresDerivedFromRecoveredWasteAndScrap4706_AsAFractionOf_Exports_EconomicActivity,Percentage of exports of pulps of fibres derived from recovered waste
Exports_EconomicActivity_PumiceStoneEmeryNaturalCorundumNaturalGarnetAnd,Exports of pumice stone emery natural corundum natural garnet
Exports_EconomicActivity_PumiceStoneEmeryNaturalCorundumNaturalGarnetAnd_AsAFractionOf_Exports_EconomicActivity,Percentage of exports of pumice stone emery natural corundum natural garnet
Exports_EconomicActivity_PumpsForLiquidsWhetherOrNotFittedWithMeasuring,Exports of pumps for liquids whether or not fitted
Exports_EconomicActivity_PumpsForLiquidsWhetherOrNotFittedWithMeasuring_AsAFractionOf_Exports_EconomicActivity,Percentage of exports of pumps for liquids whether or not fitted
Exports_EconomicActivity_QuartzOtherThanNaturalSandsQuartziteWhetherOrNot,Exports of quartz other than natural sands quartzite whether
Exports_EconomicActivity_QuartzOtherThanNaturalSandsQuartziteWhetherOrNot_AsAFractionOf_Exports_EconomicActivity,Percentage of exports of quartz other than natural sands quartzite whether
Exports_EconomicActivity_QuaternaryAmmoniumSaltsAndHydroxidesLecithinsAnd,Exports of quaternary ammonium salts and hydroxides lecithins and
Exports_EconomicActivity_QuaternaryAmmoniumSaltsAndHydroxidesLecithinsAnd_AsAFractionOf_Exports_EconomicActivity,Percentage of exports of quaternary ammonium salts and hydroxides lecithins and
Exports_EconomicActivity_QuicklimeSlakedLimeAndHydraulicLimeOtherThan,Exports of quicklime slaked lime and hydraulic lime other
Exports_EconomicActivity_QuicklimeSlakedLimeAndHydraulicLimeOtherThan_AsAFractionOf_Exports_EconomicActivity,Percentage of exports of quicklime slaked lime and hydraulic lime other
Exports_EconomicActivity_QuiltedTextileProductsInThePieceComposedOfOneO5811,Exports of quilted textile products in the piece composed
Exports_EconomicActivity_QuiltedTextileProductsInThePieceComposedOfOneO5811_AsAFractionOf_Exports_EconomicActivity,Percentage of exports of quilted textile products in the piece composed
Exports_EconomicActivity_RadarApparatusRadioNavigationalAidApparatusAnd,Exports of radar apparatus radio navigational aid apparatus and
Exports_EconomicActivity_RadarApparatusRadioNavigationalAidApparatusAnd_AsAFractionOf_Exports_EconomicActivity,Percentage of exports of radar apparatus radio navigational aid apparatus and
Exports_EconomicActivity_RadiatorsForCentralHeatingNotElectricallyHeatedAnd,Exports of radiators for central heating not electrically heated
Exports_EconomicActivity_RadiatorsForCentralHeatingNotElectricallyHeatedAnd_AsAFractionOf_Exports_EconomicActivity,Percentage of exports of radiators for central heating not electrically heated
Exports_EconomicActivity_RadioactiveChemicalElementsAndRadioactiveIsotopes,Exports of radioactive chemical elements and radioactive isotopes
Exports_EconomicActivity_RadioactiveChemicalElementsAndRadioactiveIsotopes_AsAFractionOf_Exports_EconomicActivity,Percentage of exports of radioactive chemical elements and radioactive isotopes
Exports_EconomicActivity_RagsUsedOrNewScrapTwineCordageRopeAndCablesAnd6310,Exports of rags used or new scrap twine cordage
Exports_EconomicActivity_RagsUsedOrNewScrapTwineCordageRopeAndCablesAnd6310_AsAFractionOf_Exports_EconomicActivity,Percentage of exports of rags used or new scrap twine cordage
Exports_EconomicActivity_RailLocomotivesOtherThanThoseOfHeadingNo8601,Exports of rail locomotives other than those of heading
Exports_EconomicActivity_RailLocomotivesOtherThanThoseOfHeadingNo8601_AsAFractionOf_Exports_EconomicActivity,Percentage of exports of rail locomotives other than those of heading
Exports_EconomicActivity_RailLocomotivesPoweredFromAnExternalSourceOf8601,Exports of rail locomotives powered from an external source
Exports_EconomicActivity_RailLocomotivesPoweredFromAnExternalSourceOf8601_AsAFractionOf_Exports_EconomicActivity,Percentage of exports of rail locomotives powered from an external source
Exports_EconomicActivity_RailwayOrTramwayCoachesPassengerCoachesLuggage8605,Exports of railway or tramway coaches passenger coaches luggage
Exports_EconomicActivity_RailwayOrTramwayCoachesPassengerCoachesLuggage8605_AsAFractionOf_Exports_EconomicActivity,Percentage of exports of railway or tramway coaches passenger coaches luggage
Exports_EconomicActivity_RailwayOrTramwayCoachesVansAndTrucksSelfPropel8603,Exports of railway or tramway coaches vans and trucks
Exports_EconomicActivity_RailwayOrTramwayCoachesVansAndTrucksSelfPropel8603_AsAFractionOf_Exports_EconomicActivity,Percentage of exports of railway or tramway coaches vans and trucks
Exports_EconomicActivity_RailwayOrTramwayGoodsVansAndWagonsNotSelfPropelled,Exports of railway or tramway goods vans and wagons
Exports_EconomicActivity_RailwayOrTramwayGoodsVansAndWagonsNotSelfPropelled_AsAFractionOf_Exports_EconomicActivity,Percentage of exports of railway or tramway goods vans and wagons
Exports_EconomicActivity_RailwayOrTramwayLocomotivesOrRollingStockParts8607,Exports of railway or tramway locomotives or rolling stock
Exports_EconomicActivity_RailwayOrTramwayLocomotivesOrRollingStockParts8607_AsAFractionOf_Exports_EconomicActivity,Percentage of exports of railway or tramway locomotives or rolling stock
Exports_EconomicActivity_RailwayOrTramwayMaintenanceOrServiceVehicles8604,Exports of railway or tramway maintenance or service vehicles
Exports_EconomicActivity_RailwayOrTramwayMaintenanceOrServiceVehicles8604_AsAFractionOf_Exports_EconomicActivity,Percentage of exports of railway or tramway maintenance or service vehicles
Exports_EconomicActivity_RailwayOrTramwaySleepersCrossTiesOfWood,Exports of railway or tramway sleepers cross ties of
Exports_EconomicActivity_RailwayOrTramwaySleepersCrossTiesOfWood_AsAFractionOf_Exports_EconomicActivity,Percentage of exports of railway or tramway sleepers cross ties of
Exports_EconomicActivity_RailwayOrTramwayTrackConstructionsOfIronOrSteel,Exports of railway or tramway track constructions of iron
Exports_EconomicActivity_RailwayOrTramwayTrackConstructionsOfIronOrSteel_AsAFractionOf_Exports_EconomicActivity,Percentage of exports of railway or tramway track constructions of iron
Exports_EconomicActivity_RailwayOrTramwayTrackFixturesAndFittingsMechan8608,Exports of railway or tramway track fixtures and fittings
Exports_EconomicActivity_RailwayOrTramwayTrackFixturesAndFittingsMechan8608_AsAFractionOf_Exports_EconomicActivity,Percentage of exports of railway or tramway track fixtures and fittings
Exports_EconomicActivity_RailwayTramwayLocomotivesRollingStockAndParts,Exports of railway tramway locomotives rolling stock and parts
Exports_EconomicActivity_RailwayTramwayLocomotivesRollingStockAndParts_AsAFractionOf_Exports_EconomicActivity,Percentage of exports of railway tramway locomotives rolling stock and parts
Exports_EconomicActivity_RapeColzaOrMustardOilAndTheirFractionsWhetherOrNot,Exports of rape colza or mustard oil and their
Exports_EconomicActivity_RapeColzaOrMustardOilAndTheirFractionsWhetherOrNot_AsAFractionOf_Exports_EconomicActivity,Percentage of exports of rape colza or mustard oil and their
Exports_EconomicActivity_RapeOrColzaSeedsWhetherOrNotBroken,Exports of rape or colza seeds whether or not
Exports_EconomicActivity_RapeOrColzaSeedsWhetherOrNotBroken_AsAFractionOf_Exports_EconomicActivity,Percentage of exports of rape or colza seeds whether or not
Exports_EconomicActivity_RawFurskinsIncludingHeadsTailsPawsOtherPiecesOr,Exports of raw furskins including heads tails paws other
Exports_EconomicActivity_RawFurskinsIncludingHeadsTailsPawsOtherPiecesOr_AsAFractionOf_Exports_EconomicActivity,Percentage of exports of raw furskins including heads tails paws other
Exports_EconomicActivity_RawHidesAndSkinsNECInHeadingsNo41014102FreshSalted,Exports of raw hides and skins necin headings no41014102fresh
Exports_EconomicActivity_RawHidesAndSkinsNECInHeadingsNo41014102FreshSalted_AsAFractionOf_Exports_EconomicActivity,Percentage of exports of raw hides and skins necin headings no41014102fresh
Exports_EconomicActivity_RawHidesAndSkinsOfBovineIncludingBuffaloOrEquine,Exports of raw hides and skins of bovine including
Exports_EconomicActivity_RawHidesAndSkinsOfBovineIncludingBuffaloOrEquine_AsAFractionOf_Exports_EconomicActivity,Percentage of exports of raw hides and skins of bovine including
Exports_EconomicActivity_RawHidesAndSkinsOtherThanFurskinsAndLeather,Exports of raw hides and skins other than furskins
Exports_EconomicActivity_RawHidesAndSkinsOtherThanFurskinsAndLeather_AsAFractionOf_Exports_EconomicActivity,Percentage of exports of raw hides and skins other than furskins
Exports_EconomicActivity_RawSilkNotThrown,Exports of raw silk not thrown
Exports_EconomicActivity_RawSilkNotThrown_AsAFractionOf_Exports_EconomicActivity,Percentage of exports of raw silk not thrown
Exports_EconomicActivity_RawSkinsOfSheepOrLambsFreshSaltedDriedLimedPickled,Exports of raw skins of sheep or lambs fresh
Exports_EconomicActivity_RawSkinsOfSheepOrLambsFreshSaltedDriedLimedPickled_AsAFractionOf_Exports_EconomicActivity,Percentage of exports of raw skins of sheep or lambs fresh
Exports_EconomicActivity_RazorsAndRazorBladesIncludingRazorBladeBlanksIn,Exports of razors and razor blades including razor blade
Exports_EconomicActivity_RazorsAndRazorBladesIncludingRazorBladeBlanksIn_AsAFractionOf_Exports_EconomicActivity,Percentage of exports of razors and razor blades including razor blade
Exports_EconomicActivity_ReactionInitiatorsReactionAcceleratorsAndCatal3815,Exports of reaction initiators reaction accelerators and catal
Exports_EconomicActivity_ReactionInitiatorsReactionAcceleratorsAndCatal3815_AsAFractionOf_Exports_EconomicActivity,Percentage of exports of reaction initiators reaction accelerators and catal
Exports_EconomicActivity_ReagentsDiagnosticOrLaboratoryReagentsOnABacki3822,Exports of reagents diagnostic or laboratory reagents on abacki
Exports_EconomicActivity_ReagentsDiagnosticOrLaboratoryReagentsOnABacki3822_AsAFractionOf_Exports_EconomicActivity,Percentage of exports of reagents diagnostic or laboratory reagents on abacki
Exports_EconomicActivity_ReceptionApparatusForRadioBroadcastingWhetherOrNot,Exports of reception apparatus for radio broadcasting whether or
Exports_EconomicActivity_ReceptionApparatusForRadioBroadcastingWhetherOrNot_AsAFractionOf_Exports_EconomicActivity,Percentage of exports of reception apparatus for radio broadcasting whether or
Exports_EconomicActivity_ReciprocatingOrRotaryInternalCombustionPiston,Exports of reciprocating or rotary internal combustion piston
Exports_EconomicActivity_ReciprocatingOrRotaryInternalCombustionPiston_AsAFractionOf_Exports_EconomicActivity,Percentage of exports of reciprocating or rotary internal combustion piston
Exports_EconomicActivity_ReclaimedRubberInPrimaryFormsOrInPlatesSheetsOr,Exports of reclaimed rubber in primary forms or in
Exports_EconomicActivity_ReclaimedRubberInPrimaryFormsOrInPlatesSheetsOr_AsAFractionOf_Exports_EconomicActivity,Percentage of exports of reclaimed rubber in primary forms or in
Exports_EconomicActivity_RefractoryBricksBlocksTilesAndSimilarRefractor6902,Exports of refractory bricks blocks tiles and similar refractor
Exports_EconomicActivity_RefractoryBricksBlocksTilesAndSimilarRefractor6902_AsAFractionOf_Exports_EconomicActivity,Percentage of exports of refractory bricks blocks tiles and similar refractor
Exports_EconomicActivity_RefractoryCementsMortarsConcretesAndSimilar3816,Exports of refractory cements mortars concretes and similar
Exports_EconomicActivity_RefractoryCementsMortarsConcretesAndSimilar3816_AsAFractionOf_Exports_EconomicActivity,Percentage of exports of refractory cements mortars concretes and similar
Exports_EconomicActivity_RefrigeratorsFreezersAndOtherRefrigeratingOr,Exports of refrigerators freezers and other refrigerating or
Exports_EconomicActivity_RefrigeratorsFreezersAndOtherRefrigeratingOr_AsAFractionOf_Exports_EconomicActivity,Percentage of exports of refrigerators freezers and other refrigerating or
Exports_EconomicActivity_RegistersAccountBooksDiariesAndSimilarAlbumsFor,Exports of registers account books diaries and similar albums
Exports_EconomicActivity_RegistersAccountBooksDiariesAndSimilarAlbumsFor_AsAFractionOf_Exports_EconomicActivity,Percentage of exports of registers account books diaries and similar albums
Exports_EconomicActivity_RegulatingOrControllingInstrumentsAndApparatus9032,Exports of regulating or controlling instruments and apparatus
Exports_EconomicActivity_RegulatingOrControllingInstrumentsAndApparatus9032_AsAFractionOf_Exports_EconomicActivity,Percentage of exports of regulating or controlling instruments and apparatus
Exports_EconomicActivity_ReservoirsTanksVatsAndSimilarContainersForAny7309,Exports of reservoirs tanks vats and similar containers for
Exports_EconomicActivity_ReservoirsTanksVatsAndSimilarContainersForAny7309_AsAFractionOf_Exports_EconomicActivity,Percentage of exports of reservoirs tanks vats and similar containers for
Exports_EconomicActivity_ResidualLyesFromTheManufactureOfWoodPulpWhetherOr,Exports of residual lyes from the manufacture of wood
Exports_EconomicActivity_ResidualLyesFromTheManufactureOfWoodPulpWhetherOr_AsAFractionOf_Exports_EconomicActivity,Percentage of exports of residual lyes from the manufacture of wood
Exports_EconomicActivity_ResidualProductsOfTheChemicalOrAlliedIndustrie3825,Exports of residual products of the chemical or allied
Exports_EconomicActivity_ResidualProductsOfTheChemicalOrAlliedIndustrie3825_AsAFractionOf_Exports_EconomicActivity,Percentage of exports of residual products of the chemical or allied
Exports_EconomicActivity_ResiduesOfStarchManufactureSimilarResiduesBeetPulp,Exports of residues of starch manufacture similar residues beet
Exports_EconomicActivity_ResiduesOfStarchManufactureSimilarResiduesBeetPulp_AsAFractionOf_Exports_EconomicActivity,Percentage of exports of residues of starch manufacture similar residues beet
Exports_EconomicActivity_RetreadedOrUsedPneumaticTyresOfRubberSolidOr,Exports of retreaded or used pneumatic tyres of rubber
Exports_EconomicActivity_RetreadedOrUsedPneumaticTyresOfRubberSolidOr_AsAFractionOf_Exports_EconomicActivity,Percentage of exports of retreaded or used pneumatic tyres of rubber
Exports_EconomicActivity_RevolutionCounterProductionCountersTaximeters,Exports of revolution counter production counters taximeters
Exports_EconomicActivity_RevolutionCounterProductionCountersTaximeters_AsAFractionOf_Exports_EconomicActivity,Percentage of exports of revolution counter production counters taximeters
Exports_EconomicActivity_RevolversAndPistolsOtherThanThoseOfHeadingNo939302,Exports of revolvers and pistols other than those of
Exports_EconomicActivity_RevolversAndPistolsOtherThanThoseOfHeadingNo939302_AsAFractionOf_Exports_EconomicActivity,Percentage of exports of revolvers and pistols other than those of
Exports_EconomicActivity_Rice,Exports of rice
Exports_EconomicActivity_Rice_AsAFractionOf_Exports_EconomicActivity,Percentage of exports of rice
Exports_EconomicActivity_RoofingTilesChimneyPotsCowlsChimneyLiners,Exports of roofing tiles chimney pots cowls chimney liners
Exports_EconomicActivity_RoofingTilesChimneyPotsCowlsChimneyLiners_AsAFractionOf_Exports_EconomicActivity,Percentage of exports of roofing tiles chimney pots cowls chimney liners
Exports_EconomicActivity_RosinAndResinAcidsAndDerivativesThereofRosinSpirit,Exports of rosin and resin acids and derivatives thereof
Exports_EconomicActivity_RosinAndResinAcidsAndDerivativesThereofRosinSpirit_AsAFractionOf_Exports_EconomicActivity,Percentage of exports of rosin and resin acids and derivatives thereof
Exports_EconomicActivity_RubberAndArticlesThereof,Exports of rubber and articles thereof
Exports_EconomicActivity_RubberAndArticlesThereof_AsAFractionOf_Exports_EconomicActivity,Percentage of exports of rubber and articles thereof
Exports_EconomicActivity_RubberThreadAndCordTextileCoveredTextileYarnAnd,Exports of rubber thread and cord textile covered textile
Exports_EconomicActivity_RubberThreadAndCordTextileCoveredTextileYarnAnd_AsAFractionOf_Exports_EconomicActivity,Percentage of exports of rubber thread and cord textile covered textile
Exports_EconomicActivity_Rye,Exports of rye
Exports_EconomicActivity_Rye_AsAFractionOf_Exports_EconomicActivity,Percentage of exports of rye
Exports_EconomicActivity_SacksAndBagsOfAKindUsedForThePackingOfGoods,Exports of sacks and bags of akind used for
Exports_EconomicActivity_SacksAndBagsOfAKindUsedForThePackingOfGoods_AsAFractionOf_Exports_EconomicActivity,Percentage of exports of sacks and bags of akind used for
Exports_EconomicActivity_SaddleryAndHarnessForAnyAnimalIncludingTracesL4201,Exports of saddlery and harness for any animal including
Exports_EconomicActivity_SaddleryAndHarnessForAnyAnimalIncludingTracesL4201_AsAFractionOf_Exports_EconomicActivity,Percentage of exports of saddlery and harness for any animal including
Exports_EconomicActivity_SafesArmouredOrReinforcedStrongBoxesDoorsAndSa8303,Exports of safes armoured or reinforced strong boxes doors
Exports_EconomicActivity_SafesArmouredOrReinforcedStrongBoxesDoorsAndSa8303_AsAFractionOf_Exports_EconomicActivity,Percentage of exports of safes armoured or reinforced strong boxes doors
Exports_EconomicActivity_SafetyFusesDetonatingCordsPercussionOrDetonating,Exports of safety fuses detonating cords percussion or detonating
Exports_EconomicActivity_SafetyFusesDetonatingCordsPercussionOrDetonating_AsAFractionOf_Exports_EconomicActivity,Percentage of exports of safety fuses detonating cords percussion or detonating
Exports_EconomicActivity_SafetyGlassConsistingOfToughenedTemperedOr,Exports of safety glass consisting of toughened tempered or
Exports_EconomicActivity_SafetyGlassConsistingOfToughenedTemperedOr_AsAFractionOf_Exports_EconomicActivity,Percentage of exports of safety glass consisting of toughened tempered or
Exports_EconomicActivity_SaltIncludingTableSaltAndDenaturedSaltPureSodi2501,Exports of salt including table salt and denatured salt
Exports_EconomicActivity_SaltIncludingTableSaltAndDenaturedSaltPureSodi2501_AsAFractionOf_Exports_EconomicActivity,Percentage of exports of salt including table salt and denatured salt
Exports_EconomicActivity_SaltSulphurEarthsStonePlasteringMaterialsLimeAnd,Exports of salt sulphur earths stone plastering materials lime
Exports_EconomicActivity_SaltSulphurEarthsStonePlasteringMaterialsLimeAnd_AsAFractionOf_Exports_EconomicActivity,Percentage of exports of salt sulphur earths stone plastering materials lime
Exports_EconomicActivity_SaltsOfInorganicAcidsOrPeroxoacidsNECIncluding,Exports of salts of inorganic acids or peroxoacids necincluding
Exports_EconomicActivity_SaltsOfInorganicAcidsOrPeroxoacidsNECIncluding_AsAFractionOf_Exports_EconomicActivity,Percentage of exports of salts of inorganic acids or peroxoacids necincluding
Exports_EconomicActivity_SaltsOfOxometallicOrPeroxometallicAcids,Exports of salts of oxometallic or peroxometallic acids
Exports_EconomicActivity_SaltsOfOxometallicOrPeroxometallicAcids_AsAFractionOf_Exports_EconomicActivity,Percentage of exports of salts of oxometallic or peroxometallic acids
Exports_EconomicActivity_SandsOfAllKindsNaturalWhetherOrNotColouredOther,Exports of sands of all kinds natural whether or
Exports_EconomicActivity_SandsOfAllKindsNaturalWhetherOrNotColouredOther_AsAFractionOf_Exports_EconomicActivity,Percentage of exports of sands of all kinds natural whether or
Exports_EconomicActivity_SanitaryTowelsPadsAndTamponsNapkinsDiapersNapk9619,Exports of sanitary towels pads and tampons napkins diapers
Exports_EconomicActivity_SanitaryTowelsPadsAndTamponsNapkinsDiapersNapk9619_AsAFractionOf_Exports_EconomicActivity,Percentage of exports of sanitary towels pads and tampons napkins diapers
Exports_EconomicActivity_SanitaryWareAndPartsThereofOfIronOrSteel,Exports of sanitary ware and parts thereof of iron
Exports_EconomicActivity_SanitaryWareAndPartsThereofOfIronOrSteel_AsAFractionOf_Exports_EconomicActivity,Percentage of exports of sanitary ware and parts thereof of iron
Exports_EconomicActivity_SanitaryWareBathsShowerBathsSinksWashBasinsBidets,Exports of sanitary ware baths shower baths sinks wash
Exports_EconomicActivity_SanitaryWareBathsShowerBathsSinksWashBasinsBidets_AsAFractionOf_Exports_EconomicActivity,Percentage of exports of sanitary ware baths shower baths sinks wash
Exports_EconomicActivity_SaucesAndPreparationsThereforMixedCondimentsAn2103,Exports of sauces and preparations therefor mixed condiments an
Exports_EconomicActivity_SaucesAndPreparationsThereforMixedCondimentsAn2103_AsAFractionOf_Exports_EconomicActivity,Percentage of exports of sauces and preparations therefor mixed condiments an
Exports_EconomicActivity_SausagesAndSimilarProductsOfMeatMeatOffalBlood1601,Exports of sausages and similar products of meat meat
Exports_EconomicActivity_SausagesAndSimilarProductsOfMeatMeatOffalBlood1601_AsAFractionOf_Exports_EconomicActivity,Percentage of exports of sausages and similar products of meat meat
Exports_EconomicActivity_ScentSpraysAndSimilarToiletSpraysAndMountsAndH9616,Exports of scent sprays and similar toilet sprays and
Exports_EconomicActivity_ScentSpraysAndSimilarToiletSpraysAndMountsAndH9616_AsAFractionOf_Exports_EconomicActivity,Percentage of exports of scent sprays and similar toilet sprays and
Exports_EconomicActivity_ScissorsTailorsShearsAndSimilarShearsAndBlades,Exports of scissors tailors shears and similar shears and
Exports_EconomicActivity_ScissorsTailorsShearsAndSimilarShearsAndBlades_AsAFractionOf_Exports_EconomicActivity,Percentage of exports of scissors tailors shears and similar shears and
Exports_EconomicActivity_ScrewsBoltsNutsCoachScrewsScrewHooksRivetsCotters,Exports of screws bolts nuts coach screws screw hooks
Exports_EconomicActivity_ScrewsBoltsNutsCoachScrewsScrewHooksRivetsCotters_AsAFractionOf_Exports_EconomicActivity,Percentage of exports of screws bolts nuts coach screws screw hooks
Exports_EconomicActivity_SculpturesAndStatuaryOriginalInAnyMaterial,Exports of sculptures and statuary original in any material
Exports_EconomicActivity_SculpturesAndStatuaryOriginalInAnyMaterial_AsAFractionOf_Exports_EconomicActivity,Percentage of exports of sculptures and statuary original in any material
Exports_EconomicActivity_SeatsNotThoseOfHeadingNo9402WhetherOrNot,Exports of seats not those of heading no9402whether or
Exports_EconomicActivity_SeatsNotThoseOfHeadingNo9402WhetherOrNot_AsAFractionOf_Exports_EconomicActivity,Percentage of exports of seats not those of heading no9402whether or
Exports_EconomicActivity_SeedsFruitAndSporesOfAKindUsedForSowing,Exports of seeds fruit and spores of akind used
Exports_EconomicActivity_SeedsFruitAndSporesOfAKindUsedForSowing_AsAFractionOf_Exports_EconomicActivity,Percentage of exports of seeds fruit and spores of akind used
Exports_EconomicActivity_SeedsOfAniseBadianFennelCorianderCuminCarawayOr,Exports of seeds of anise badian fennel coriander cumin
Exports_EconomicActivity_SeedsOfAniseBadianFennelCorianderCuminCarawayOr_AsAFractionOf_Exports_EconomicActivity,Percentage of exports of seeds of anise badian fennel coriander cumin
Exports_EconomicActivity_SelfAdhesivePlatesSheetsFilmFoilTapeStripAndOther,Exports of self adhesive plates sheets film foil tape
Exports_EconomicActivity_SelfAdhesivePlatesSheetsFilmFoilTapeStripAndOther_AsAFractionOf_Exports_EconomicActivity,Percentage of exports of self adhesive plates sheets film foil tape
Exports_EconomicActivity_SemiconductorDevicesEGDiodesTransistors,Exports of semiconductor devices egdiodes transistors
Exports_EconomicActivity_SemiconductorDevicesEGDiodesTransistors_AsAFractionOf_Exports_EconomicActivity,Percentage of exports of semiconductor devices egdiodes transistors
Exports_EconomicActivity_SewingAndKnittingNeedlesBodkinsCrochetHooks7319,Exports of sewing and knitting needles bodkins crochet hooks
Exports_EconomicActivity_SewingAndKnittingNeedlesBodkinsCrochetHooks7319_AsAFractionOf_Exports_EconomicActivity,Percentage of exports of sewing and knitting needles bodkins crochet hooks
Exports_EconomicActivity_SewingMachinesOtherThanBookSewingMachinesOfHeading,Exports of sewing machines other than book sewing machines
Exports_EconomicActivity_SewingMachinesOtherThanBookSewingMachinesOfHeading_AsAFractionOf_Exports_EconomicActivity,Percentage of exports of sewing machines other than book sewing machines
Exports_EconomicActivity_SewingThreadOfManMadeFilamentsWhetherOrNotPutUpFor,Exports of sewing thread of man made filaments whether
Exports_EconomicActivity_SewingThreadOfManMadeFilamentsWhetherOrNotPutUpFor_AsAFractionOf_Exports_EconomicActivity,Percentage of exports of sewing thread of man made filaments whether
Exports_EconomicActivity_SewingThreadOfManMadeStapleFibresWhetherOrNotPutUp,Exports of sewing thread of man made staple fibres
Exports_EconomicActivity_SewingThreadOfManMadeStapleFibresWhetherOrNotPutUp_AsAFractionOf_Exports_EconomicActivity,Percentage of exports of sewing thread of man made staple fibres
Exports_EconomicActivity_ShaversHairClippersAndHairRemovingAppliancesWith,Exports of shavers hair clippers and hair removing appliances
Exports_EconomicActivity_ShaversHairClippersAndHairRemovingAppliancesWith_AsAFractionOf_Exports_EconomicActivity,Percentage of exports of shavers hair clippers and hair removing appliances
Exports_EconomicActivity_ShawlsScarvesMufflersMantillasVeilsAndTheLikeNot,Exports of shawls scarves mufflers mantillas veils and the
Exports_EconomicActivity_ShawlsScarvesMufflersMantillasVeilsAndTheLikeNot_AsAFractionOf_Exports_EconomicActivity,Percentage of exports of shawls scarves mufflers mantillas veils and the
Exports_EconomicActivity_SheepAndGoatsLive,Exports of sheep and goats live
Exports_EconomicActivity_SheepAndGoatsLive_AsAFractionOf_Exports_EconomicActivity,Percentage of exports of sheep and goats live
Exports_EconomicActivity_SheetsForVeneeringIncludingThoseObtainedBySlicing,Exports of sheets for veneering including those obtained by
Exports_EconomicActivity_SheetsForVeneeringIncludingThoseObtainedBySlicing_AsAFractionOf_Exports_EconomicActivity,Percentage of exports of sheets for veneering including those obtained by
Exports_EconomicActivity_ShipsBoatsAndFloatingStructures,Exports of ships boats and floating structures
Exports_EconomicActivity_ShipsBoatsAndFloatingStructures_AsAFractionOf_Exports_EconomicActivity,Percentage of exports of ships boats and floating structures
Exports_EconomicActivity_ShirtsMensOrBoysKnittedOrCrocheted,Exports of shirts mens or boys knitted or crocheted
Exports_EconomicActivity_ShirtsMensOrBoysKnittedOrCrocheted_AsAFractionOf_Exports_EconomicActivity,Percentage of exports of shirts mens or boys knitted or crocheted
Exports_EconomicActivity_ShirtsMensOrBoysNotKnittedOrCrocheted,Exports of shirts mens or boys not knitted or
Exports_EconomicActivity_ShirtsMensOrBoysNotKnittedOrCrocheted_AsAFractionOf_Exports_EconomicActivity,Percentage of exports of shirts mens or boys not knitted or
Exports_EconomicActivity_SignPlatesNamePlatesAddressPlatesAndSimilarPla8310,Exports of sign plates name plates address plates and
Exports_EconomicActivity_SignPlatesNamePlatesAddressPlatesAndSimilarPla8310_AsAFractionOf_Exports_EconomicActivity,Percentage of exports of sign plates name plates address plates and
Exports_EconomicActivity_SignallingApparatusElectricSoundOrVisualEGBells,Exports of signalling apparatus electric sound or visual egbells
Exports_EconomicActivity_SignallingApparatusElectricSoundOrVisualEGBells_AsAFractionOf_Exports_EconomicActivity,Percentage of exports of signalling apparatus electric sound or visual egbells
Exports_EconomicActivity_SignallingGlasswareAndOpticalElementsOfGlassOther,Exports of signalling glassware and optical elements of glass
Exports_EconomicActivity_SignallingGlasswareAndOpticalElementsOfGlassOther_AsAFractionOf_Exports_EconomicActivity,Percentage of exports of signalling glassware and optical elements of glass
Exports_EconomicActivity_SignallingSafetyOrTrafficControlEquipmentFor8530,Exports of signalling safety or traffic control equipment for
Exports_EconomicActivity_SignallingSafetyOrTrafficControlEquipmentFor8530_AsAFractionOf_Exports_EconomicActivity,Percentage of exports of signalling safety or traffic control equipment for
Exports_EconomicActivity_SilicatesCommercialAlkaliMetalSilicates,Exports of silicates commercial alkali metal silicates
Exports_EconomicActivity_SilicatesCommercialAlkaliMetalSilicates_AsAFractionOf_Exports_EconomicActivity,Percentage of exports of silicates commercial alkali metal silicates
Exports_EconomicActivity_SiliceousFossilMealsEGKieselguhrTripoliteAnd2512,Exports of siliceous fossil meals egkieselguhr tripolite and
Exports_EconomicActivity_SiliceousFossilMealsEGKieselguhrTripoliteAnd2512_AsAFractionOf_Exports_EconomicActivity,Percentage of exports of siliceous fossil meals egkieselguhr tripolite and
Exports_EconomicActivity_SiliconesInPrimaryForms3910,Exports of silicones in primary forms
Exports_EconomicActivity_SiliconesInPrimaryForms3910_AsAFractionOf_Exports_EconomicActivity,Percentage of exports of silicones in primary forms
Exports_EconomicActivity_Silk,Exports of silk
Exports_EconomicActivity_SilkWasteIncludingCocoonsUnsuitableForReelingY5003,Exports of silk waste including cocoons unsuitable for reeling
Exports_EconomicActivity_SilkWasteIncludingCocoonsUnsuitableForReelingY5003_AsAFractionOf_Exports_EconomicActivity,Percentage of exports of silk waste including cocoons unsuitable for reeling
Exports_EconomicActivity_SilkWormCocoonsSuitableForReeling5001,Exports of silk worm cocoons suitable for reeling
Exports_EconomicActivity_SilkWormCocoonsSuitableForReeling5001_AsAFractionOf_Exports_EconomicActivity,Percentage of exports of silk worm cocoons suitable for reeling
Exports_EconomicActivity_SilkYarnAndYarnSpunFromSilkWastePutUpForRetail5006,Exports of silk yarn and yarn spun from silk
Exports_EconomicActivity_SilkYarnAndYarnSpunFromSilkWastePutUpForRetail5006_AsAFractionOf_Exports_EconomicActivity,Percentage of exports of silk yarn and yarn spun from silk
Exports_EconomicActivity_SilkYarnOtherThanYarnSpunFromSilkWasteNotPutUp5004,Exports of silk yarn other than yarn spun from
Exports_EconomicActivity_SilkYarnOtherThanYarnSpunFromSilkWasteNotPutUp5004_AsAFractionOf_Exports_EconomicActivity,Percentage of exports of silk yarn other than yarn spun from
Exports_EconomicActivity_Silk_AsAFractionOf_Exports_EconomicActivity,Percentage of exports of silk
Exports_EconomicActivity_SilverIncludingSilverPlatedWithGoldOrPlatinum,Exports of silver including silver plated with gold or
Exports_EconomicActivity_SilverIncludingSilverPlatedWithGoldOrPlatinum_AsAFractionOf_Exports_EconomicActivity,Percentage of exports of silver including silver plated with gold or
Exports_EconomicActivity_SingletsAndOtherVestsSlipsPetticoatsBriefsPanties,Exports of singlets and other vests slips petticoats briefs
Exports_EconomicActivity_SingletsAndOtherVestsSlipsPetticoatsBriefsPanties_AsAFractionOf_Exports_EconomicActivity,Percentage of exports of singlets and other vests slips petticoats briefs
Exports_EconomicActivity_SingletsAndOtherVestsUnderpantsBriefsNightShirts,Exports of singlets and other vests underpants briefs night
Exports_EconomicActivity_SingletsAndOtherVestsUnderpantsBriefsNightShirts_AsAFractionOf_Exports_EconomicActivity,Percentage of exports of singlets and other vests underpants briefs night
Exports_EconomicActivity_SkinAndOtherPartsOfBirdsWithTheirFeatherOrDown,Exports of skin and other parts of birds with
Exports_EconomicActivity_SkinAndOtherPartsOfBirdsWithTheirFeatherOrDown_AsAFractionOf_Exports_EconomicActivity,Percentage of exports of skin and other parts of birds with
Exports_EconomicActivity_SkinsAndOtherPartsOfBirdsWithFeathersDownFeathers,Exports of skins and other parts of birds with
Exports_EconomicActivity_SkinsAndOtherPartsOfBirdsWithFeathersDownFeathers_AsAFractionOf_Exports_EconomicActivity,Percentage of exports of skins and other parts of birds with
Exports_EconomicActivity_SlagAndAshNECInChapter26IncludingSeaweedAshKelpAnd,Exports of slag and ash necin chapter26including seaweed ash
Exports_EconomicActivity_SlagAndAshNECInChapter26IncludingSeaweedAshKelpAnd_AsAFractionOf_Exports_EconomicActivity,Percentage of exports of slag and ash necin chapter26including seaweed ash
Exports_EconomicActivity_SlagAshAndResiduesNotFromTheManufactureOfIronO2620,Exports of slag ash and residues not from the
Exports_EconomicActivity_SlagAshAndResiduesNotFromTheManufactureOfIronO2620_AsAFractionOf_Exports_EconomicActivity,Percentage of exports of slag ash and residues not from the
Exports_EconomicActivity_SlagDrossOtherThanGranulatedSlagScalingsAndOth2619,Exports of slag dross other than granulated slag scalings
Exports_EconomicActivity_SlagDrossOtherThanGranulatedSlagScalingsAndOth2619_AsAFractionOf_Exports_EconomicActivity,Percentage of exports of slag dross other than granulated slag scalings
Exports_EconomicActivity_SlagRockWoolAndSimilarMineralWoolsExfoliated,Exports of slag rock wool and similar mineral wools
Exports_EconomicActivity_SlagRockWoolAndSimilarMineralWoolsExfoliated_AsAFractionOf_Exports_EconomicActivity,Percentage of exports of slag rock wool and similar mineral wools
Exports_EconomicActivity_SlateWhetherOrNotRoughlyTrimmedOrMerelyCutBySa2514,Exports of slate whether or not roughly trimmed or
Exports_EconomicActivity_SlateWhetherOrNotRoughlyTrimmedOrMerelyCutBySa2514_AsAFractionOf_Exports_EconomicActivity,Percentage of exports of slate whether or not roughly trimmed or
Exports_EconomicActivity_SlateWorkedAndArticlesOfSlateOrOfAgglomeratedS6803,Exports of slate worked and articles of slate or
Exports_EconomicActivity_SlateWorkedAndArticlesOfSlateOrOfAgglomeratedS6803_AsAFractionOf_Exports_EconomicActivity,Percentage of exports of slate worked and articles of slate or
Exports_EconomicActivity_SlatesAndBoardsWithWritingOrDrawingSurfacesWhe9610,Exports of slates and boards with writing or drawing
Exports_EconomicActivity_SlatesAndBoardsWithWritingOrDrawingSurfacesWhe9610_AsAFractionOf_Exports_EconomicActivity,Percentage of exports of slates and boards with writing or drawing
Exports_EconomicActivity_SlideFastenersAndPartsThereof,Exports of slide fasteners and parts thereof
Exports_EconomicActivity_SlideFastenersAndPartsThereof_AsAFractionOf_Exports_EconomicActivity,Percentage of exports of slide fasteners and parts thereof
Exports_EconomicActivity_SlipsPetticoatsBriefsPantiesNightdressesPyjamas,Exports of slips petticoats briefs panties nightdresses pyjamas
Exports_EconomicActivity_SlipsPetticoatsBriefsPantiesNightdressesPyjamas_AsAFractionOf_Exports_EconomicActivity,Percentage of exports of slips petticoats briefs panties nightdresses pyjamas
Exports_EconomicActivity_SmokingPipesIncludingPipeBowlsAndCigarOrCigare9614,Exports of smoking pipes including pipe bowls and cigar
Exports_EconomicActivity_SmokingPipesIncludingPipeBowlsAndCigarOrCigare9614_AsAFractionOf_Exports_EconomicActivity,Percentage of exports of smoking pipes including pipe bowls and cigar
Exports_EconomicActivity_SoapOrganicSurfaceActiveAgentsWashingLubricating,Exports of soap organic surface active agents washing lubricating
Exports_EconomicActivity_SoapOrganicSurfaceActiveAgentsWashingLubricating_AsAFractionOf_Exports_EconomicActivity,Percentage of exports of soap organic surface active agents washing lubricating
Exports_EconomicActivity_SoapOrganicSurfaceActivePreparationsUsedAsSoapSkin,Exports of soap organic surface active preparations used as
Exports_EconomicActivity_SoapOrganicSurfaceActivePreparationsUsedAsSoapSkin_AsAFractionOf_Exports_EconomicActivity,Percentage of exports of soap organic surface active preparations used as
Exports_EconomicActivity_SodiumHydroxideCausticSodaPotassiumHydroxide,Exports of sodium hydroxide caustic soda potassium hydroxide
Exports_EconomicActivity_SodiumHydroxideCausticSodaPotassiumHydroxide_AsAFractionOf_Exports_EconomicActivity,Percentage of exports of sodium hydroxide caustic soda potassium hydroxide
Exports_EconomicActivity_SoundOrVideoRecordingApparatusPartsAndAccessories,Exports of sound or video recording apparatus parts and
Exports_EconomicActivity_SoundOrVideoRecordingApparatusPartsAndAccessories_AsAFractionOf_Exports_EconomicActivity,Percentage of exports of sound or video recording apparatus parts and
Exports_EconomicActivity_SoundRecordingOrReproducingApparatus,Exports of sound recording or reproducing apparatus
Exports_EconomicActivity_SoundRecordingOrReproducingApparatus_AsAFractionOf_Exports_EconomicActivity,Percentage of exports of sound recording or reproducing apparatus
Exports_EconomicActivity_SoupsAndBrothsAndPreparationsThereforHomogenised,Exports of soups and broths and preparations therefor homogenised
Exports_EconomicActivity_SoupsAndBrothsAndPreparationsThereforHomogenised_AsAFractionOf_Exports_EconomicActivity,Percentage of exports of soups and broths and preparations therefor homogenised
Exports_EconomicActivity_SoyaBeanOilAndItsFractionsWhetherOrNotRefinedBut,Exports of soya bean oil and its fractions whether
Exports_EconomicActivity_SoyaBeanOilAndItsFractionsWhetherOrNotRefinedBut_AsAFractionOf_Exports_EconomicActivity,Percentage of exports of soya bean oil and its fractions whether
Exports_EconomicActivity_SoyaBeansWhetherOrNotBroken,Exports of soya beans whether or not broken
Exports_EconomicActivity_SoyaBeansWhetherOrNotBroken_AsAFractionOf_Exports_EconomicActivity,Percentage of exports of soya beans whether or not broken
Exports_EconomicActivity_SpecialPurposeMotorVehiclesNotThoseForTheTransport,Exports of special purpose motor vehicles not those for
Exports_EconomicActivity_SpecialPurposeMotorVehiclesNotThoseForTheTransport_AsAFractionOf_Exports_EconomicActivity,Percentage of exports of special purpose motor vehicles not those for
Exports_EconomicActivity_SpecialTransactionsAndCommoditiesNotClassified,Exports of special transactions and commodities not classified
Exports_EconomicActivity_SpecialTransactionsAndCommoditiesNotClassified_AsAFractionOf_Exports_EconomicActivity,Percentage of exports of special transactions and commodities not classified
Exports_EconomicActivity_SpectaclesGogglesAndTheLikeCorrectiveProtectiveOr,Exports of spectacles goggles and the like corrective protective
Exports_EconomicActivity_SpectaclesGogglesAndTheLikeCorrectiveProtectiveOr_AsAFractionOf_Exports_EconomicActivity,Percentage of exports of spectacles goggles and the like corrective protective
Exports_EconomicActivity_SpringsAndLeavesForSpringsOfIronOrSteel,Exports of springs and leaves for springs of iron
Exports_EconomicActivity_SpringsAndLeavesForSpringsOfIronOrSteel_AsAFractionOf_Exports_EconomicActivity,Percentage of exports of springs and leaves for springs of iron
Exports_EconomicActivity_StainlessSteelBarsAndRodsAnglesShapesAndSections,Exports of stainless steel bars and rods angles shapes
Exports_EconomicActivity_StainlessSteelBarsAndRodsAnglesShapesAndSections_AsAFractionOf_Exports_EconomicActivity,Percentage of exports of stainless steel bars and rods angles shapes
Exports_EconomicActivity_StainlessSteelBarsAndRodsHotRolledInIrregularly,Exports of stainless steel bars and rods hot rolled
Exports_EconomicActivity_StainlessSteelBarsAndRodsHotRolledInIrregularly_AsAFractionOf_Exports_EconomicActivity,Percentage of exports of stainless steel bars and rods hot rolled
Exports_EconomicActivity_StainlessSteelFlatRolledProductsOfWidthLessThan,Exports of stainless steel flat rolled products of width
Exports_EconomicActivity_StainlessSteelFlatRolledProductsOfWidthLessThan_AsAFractionOf_Exports_EconomicActivity,Percentage of exports of stainless steel flat rolled products of width
Exports_EconomicActivity_StainlessSteelFlatRolledProductsOfWidthOf600mmOr,Exports of stainless steel flat rolled products of width
Exports_EconomicActivity_StainlessSteelFlatRolledProductsOfWidthOf600mmOr_AsAFractionOf_Exports_EconomicActivity,Percentage of exports of stainless steel flat rolled products of width
Exports_EconomicActivity_StainlessSteelInIngotsOrOtherPrimaryFormsSemi,Exports of stainless steel in ingots or other primary
Exports_EconomicActivity_StainlessSteelInIngotsOrOtherPrimaryFormsSemi_AsAFractionOf_Exports_EconomicActivity,Percentage of exports of stainless steel in ingots or other primary
Exports_EconomicActivity_StainlessSteelWire,Exports of stainless steel wire
Exports_EconomicActivity_StainlessSteelWire_AsAFractionOf_Exports_EconomicActivity,Percentage of exports of stainless steel wire
Exports_EconomicActivity_StampsDateNumberingSealingStampsAndTheLike9611,Exports of stamps date numbering sealing stamps and the
Exports_EconomicActivity_StampsDateNumberingSealingStampsAndTheLike9611_AsAFractionOf_Exports_EconomicActivity,Percentage of exports of stamps date numbering sealing stamps and the
Exports_EconomicActivity_StampsPostageOrRevenueStampPostmarksFirstDayCo9704,Exports of stamps postage or revenue stamp postmarks first
Exports_EconomicActivity_StampsPostageOrRevenueStampPostmarksFirstDayCo9704_AsAFractionOf_Exports_EconomicActivity,Percentage of exports of stamps postage or revenue stamp postmarks first
Exports_EconomicActivity_StarchesInulin,Exports of starches inulin
Exports_EconomicActivity_StarchesInulin_AsAFractionOf_Exports_EconomicActivity,Percentage of exports of starches inulin
Exports_EconomicActivity_StationeryFittingsForLooseLeafBindersOrFilesLetter,Exports of stationery fittings for loose leaf binders or
Exports_EconomicActivity_StationeryFittingsForLooseLeafBindersOrFilesLetter_AsAFractionOf_Exports_EconomicActivity,Percentage of exports of stationery fittings for loose leaf binders or
Exports_EconomicActivity_StatuettesAndOtherOrnamentalCeramicArticles,Exports of statuettes and other ornamental ceramic articles
Exports_EconomicActivity_StatuettesAndOtherOrnamentalCeramicArticles_AsAFractionOf_Exports_EconomicActivity,Percentage of exports of statuettes and other ornamental ceramic articles
Exports_EconomicActivity_SteelAlloyBarsAndRodsHotRolledInIrregularlyWou7227,Exports of steel alloy bars and rods hot rolled
Exports_EconomicActivity_SteelAlloyBarsAndRodsHotRolledInIrregularlyWou7227_AsAFractionOf_Exports_EconomicActivity,Percentage of exports of steel alloy bars and rods hot rolled
Exports_EconomicActivity_StoneOrOtherMineralSubstancesArticlesThereof,Exports of stone or other mineral substances articles thereof
Exports_EconomicActivity_StoneOrOtherMineralSubstancesArticlesThereof_AsAFractionOf_Exports_EconomicActivity,Percentage of exports of stone or other mineral substances articles thereof
Exports_EconomicActivity_StonePlasterCementAsbestosMicaOrSimilarMaterials,Exports of stone plaster cement asbestos mica or similar
Exports_EconomicActivity_StonePlasterCementAsbestosMicaOrSimilarMaterials_AsAFractionOf_Exports_EconomicActivity,Percentage of exports of stone plaster cement asbestos mica or similar
Exports_EconomicActivity_StoneSettsCurbstonesAndFlagstonesOfNaturalSton6801,Exports of stone setts curbstones and flagstones of natural
Exports_EconomicActivity_StoneSettsCurbstonesAndFlagstonesOfNaturalSton6801_AsAFractionOf_Exports_EconomicActivity,Percentage of exports of stone setts curbstones and flagstones of natural
Exports_EconomicActivity_StonesSyntheticOrReconstructedPreciousOrSemi7104,Exports of stones synthetic or reconstructed precious or semi
Exports_EconomicActivity_StonesSyntheticOrReconstructedPreciousOrSemi7104_AsAFractionOf_Exports_EconomicActivity,Percentage of exports of stones synthetic or reconstructed precious or semi
Exports_EconomicActivity_StoppersCapsLidsIncludingCrownCorksScrewCaps,Exports of stoppers caps lids including crown corks screw
Exports_EconomicActivity_StoppersCapsLidsIncludingCrownCorksScrewCaps_AsAFractionOf_Exports_EconomicActivity,Percentage of exports of stoppers caps lids including crown corks screw
Exports_EconomicActivity_StovesRangesGratesCookersThoseWithSubsidiary,Exports of stoves ranges grates cookers those with subsidiary
Exports_EconomicActivity_StovesRangesGratesCookersThoseWithSubsidiary_AsAFractionOf_Exports_EconomicActivity,Percentage of exports of stoves ranges grates cookers those with subsidiary
Exports_EconomicActivity_StrandedWireRopesCablesPlaitedBandsSlingsAndThe,Exports of stranded wire ropes cables plaited bands slings
Exports_EconomicActivity_StrandedWireRopesCablesPlaitedBandsSlingsAndThe_AsAFractionOf_Exports_EconomicActivity,Percentage of exports of stranded wire ropes cables plaited bands slings
Exports_EconomicActivity_StructuresOfIronOrSteelAndPartsThereofPlatesRods,Exports of structures of iron or steel and parts
Exports_EconomicActivity_StructuresOfIronOrSteelAndPartsThereofPlatesRods_AsAFractionOf_Exports_EconomicActivity,Percentage of exports of structures of iron or steel and parts
Exports_EconomicActivity_SugarConfectioneryIncludingWhiteChocolateNot,Exports of sugar confectionery including white chocolate not
Exports_EconomicActivity_SugarConfectioneryIncludingWhiteChocolateNot_AsAFractionOf_Exports_EconomicActivity,Percentage of exports of sugar confectionery including white chocolate not
Exports_EconomicActivity_SugarsAndSugarConfectionery,Exports of sugars and sugar confectionery
Exports_EconomicActivity_SugarsAndSugarConfectionery_AsAFractionOf_Exports_EconomicActivity,Percentage of exports of sugars and sugar confectionery
Exports_EconomicActivity_SugarsChemicallyPureOtherThanSucroseLactoseMal2940,Exports of sugars chemically pure other than sucrose lactose
Exports_EconomicActivity_SugarsChemicallyPureOtherThanSucroseLactoseMal2940_AsAFractionOf_Exports_EconomicActivity,Percentage of exports of sugars chemically pure other than sucrose lactose
Exports_EconomicActivity_SugarsIncludingLactoseMaltoseGlucoseOrFructoseIn,Exports of sugars including lactose maltose glucose or fructose
Exports_EconomicActivity_SugarsIncludingLactoseMaltoseGlucoseOrFructoseIn_AsAFractionOf_Exports_EconomicActivity,Percentage of exports of sugars including lactose maltose glucose or fructose
Exports_EconomicActivity_SuitsEnsemblesJacketsBlazersTrousersBibAndBrac6103,Exports of suits ensembles jackets blazers trousers bib and
Exports_EconomicActivity_SuitsEnsemblesJacketsBlazersTrousersBibAndBrac6103_AsAFractionOf_Exports_EconomicActivity,Percentage of exports of suits ensembles jackets blazers trousers bib and
Exports_EconomicActivity_SuitsEnsemblesJacketsBlazersTrousersBibAndBrac6203,Exports of suits ensembles jackets blazers trousers bib and
Exports_EconomicActivity_SuitsEnsemblesJacketsBlazersTrousersBibAndBrac6203_AsAFractionOf_Exports_EconomicActivity,Percentage of exports of suits ensembles jackets blazers trousers bib and
Exports_EconomicActivity_SuitsEnsemblesJacketsDressesSkirtsDividedSkirt6104,Exports of suits ensembles jackets dresses skirts divided skirt
Exports_EconomicActivity_SuitsEnsemblesJacketsDressesSkirtsDividedSkirt6104_AsAFractionOf_Exports_EconomicActivity,Percentage of exports of suits ensembles jackets dresses skirts divided skirt
Exports_EconomicActivity_SuitsEnsemblesJacketsDressesSkirtsDividedSkirt6204,Exports of suits ensembles jackets dresses skirts divided skirt
Exports_EconomicActivity_SuitsEnsemblesJacketsDressesSkirtsDividedSkirt6204_AsAFractionOf_Exports_EconomicActivity,Percentage of exports of suits ensembles jackets dresses skirts divided skirt
Exports_EconomicActivity_SulphatesAlumsPeroxosulphatesPersulphates,Exports of sulphates alums peroxosulphates persulphates
Exports_EconomicActivity_SulphatesAlumsPeroxosulphatesPersulphates_AsAFractionOf_Exports_EconomicActivity,Percentage of exports of sulphates alums peroxosulphates persulphates
Exports_EconomicActivity_SulphidesOfNonMetalsCommercialPhosphorus,Exports of sulphides of non metals commercial phosphorus
Exports_EconomicActivity_SulphidesOfNonMetalsCommercialPhosphorus_AsAFractionOf_Exports_EconomicActivity,Percentage of exports of sulphides of non metals commercial phosphorus
Exports_EconomicActivity_SulphidesPolysulphidesWhetherOrNotChemically,Exports of sulphides polysulphides whether or not chemically
Exports_EconomicActivity_SulphidesPolysulphidesWhetherOrNotChemically_AsAFractionOf_Exports_EconomicActivity,Percentage of exports of sulphides polysulphides whether or not chemically
Exports_EconomicActivity_SulphitesThiosulphates,Exports of sulphites thiosulphates
Exports_EconomicActivity_SulphitesThiosulphates_AsAFractionOf_Exports_EconomicActivity,Percentage of exports of sulphites thiosulphates
Exports_EconomicActivity_Sulphonamides,Exports of sulphonamides
Exports_EconomicActivity_Sulphonamides_AsAFractionOf_Exports_EconomicActivity,Percentage of exports of sulphonamides
Exports_EconomicActivity_SulphonatedNitratedOrNitrosatedDerivativesOf,Exports of sulphonated nitrated or nitrosated derivatives of
Exports_EconomicActivity_SulphonatedNitratedOrNitrosatedDerivativesOf_AsAFractionOf_Exports_EconomicActivity,Percentage of exports of sulphonated nitrated or nitrosated derivatives of
Exports_EconomicActivity_SulphurOfAllKindsOtherThanSublimedPrecipitated2503,Exports of sulphur of all kinds other than sublimed
Exports_EconomicActivity_SulphurOfAllKindsOtherThanSublimedPrecipitated2503_AsAFractionOf_Exports_EconomicActivity,Percentage of exports of sulphur of all kinds other than sublimed
Exports_EconomicActivity_SulphurSublimedOrPrecipitatedColloidalSulphur2802,Exports of sulphur sublimed or precipitated colloidal sulphur
Exports_EconomicActivity_SulphurSublimedOrPrecipitatedColloidalSulphur2802_AsAFractionOf_Exports_EconomicActivity,Percentage of exports of sulphur sublimed or precipitated colloidal sulphur
Exports_EconomicActivity_SulphuricAcidOleum2807,Exports of sulphuric acid oleum
Exports_EconomicActivity_SulphuricAcidOleum2807_AsAFractionOf_Exports_EconomicActivity,Percentage of exports of sulphuric acid oleum
Exports_EconomicActivity_SunFlowerSeedSafflowerOrCottonSeedOilAndTheir,Exports of sun flower seed safflower or cotton seed
Exports_EconomicActivity_SunFlowerSeedSafflowerOrCottonSeedOilAndTheir_AsAFractionOf_Exports_EconomicActivity,Percentage of exports of sun flower seed safflower or cotton seed
Exports_EconomicActivity_SunflowerSeedsWhetherOrNotBroken,Exports of sunflower seeds whether or not broken
Exports_EconomicActivity_SunflowerSeedsWhetherOrNotBroken_AsAFractionOf_Exports_EconomicActivity,Percentage of exports of sunflower seeds whether or not broken
Exports_EconomicActivity_SurveyingIncludingPhotogrammetricalSurveying,Exports of surveying including photogrammetrical surveying
Exports_EconomicActivity_SurveyingIncludingPhotogrammetricalSurveying_AsAFractionOf_Exports_EconomicActivity,Percentage of exports of surveying including photogrammetrical surveying
Exports_EconomicActivity_SwedesMangoldsFodderRootsHayLucerneAlfalfaClover,Exports of swedes mangolds fodder roots hay lucerne alfalfa
Exports_EconomicActivity_SwedesMangoldsFodderRootsHayLucerneAlfalfaClover_AsAFractionOf_Exports_EconomicActivity,Percentage of exports of swedes mangolds fodder roots hay lucerne alfalfa
Exports_EconomicActivity_SwineLive,Exports of swine live
Exports_EconomicActivity_SwineLive_AsAFractionOf_Exports_EconomicActivity,Percentage of exports of swine live
Exports_EconomicActivity_SyntheticFilamentTow,Exports of synthetic filament tow
Exports_EconomicActivity_SyntheticFilamentTow_AsAFractionOf_Exports_EconomicActivity,Percentage of exports of synthetic filament tow
Exports_EconomicActivity_SyntheticFilamentYarnOtherThanSewingThreadNotPutUp,Exports of synthetic filament yarn other than sewing thread
Exports_EconomicActivity_SyntheticFilamentYarnOtherThanSewingThreadNotPutUp_AsAFractionOf_Exports_EconomicActivity,Percentage of exports of synthetic filament yarn other than sewing thread
Exports_EconomicActivity_SyntheticMonofilamentOf67DecitexOrMoreOfWhichNo,Exports of synthetic monofilament of67decitex or more of which
Exports_EconomicActivity_SyntheticMonofilamentOf67DecitexOrMoreOfWhichNo_AsAFractionOf_Exports_EconomicActivity,Percentage of exports of synthetic monofilament of67decitex or more of which
Exports_EconomicActivity_SyntheticOrganicColouringMatterAndPreparations,Exports of synthetic organic colouring matter and preparations
Exports_EconomicActivity_SyntheticOrganicColouringMatterAndPreparations_AsAFractionOf_Exports_EconomicActivity,Percentage of exports of synthetic organic colouring matter and preparations
Exports_EconomicActivity_SyntheticRubberAndFacticeDerivedFromOilsInPrimary,Exports of synthetic rubber and factice derived from oils
Exports_EconomicActivity_SyntheticRubberAndFacticeDerivedFromOilsInPrimary_AsAFractionOf_Exports_EconomicActivity,Percentage of exports of synthetic rubber and factice derived from oils
Exports_EconomicActivity_SyntheticStapleFibresCardedCombedOrOtherwise,Exports of synthetic staple fibres carded combed or otherwise
Exports_EconomicActivity_SyntheticStapleFibresCardedCombedOrOtherwise_AsAFractionOf_Exports_EconomicActivity,Percentage of exports of synthetic staple fibres carded combed or otherwise
Exports_EconomicActivity_SyntheticStapleFibresNotCardedCombedOrOtherwise,Exports of synthetic staple fibres not carded combed or
Exports_EconomicActivity_SyntheticStapleFibresNotCardedCombedOrOtherwise_AsAFractionOf_Exports_EconomicActivity,Percentage of exports of synthetic staple fibres not carded combed or
Exports_EconomicActivity_TShirtsSingletsAndOtherVestsKnittedOrCrocheted,Exports of tshirts singlets and other vests knitted or
Exports_EconomicActivity_TShirtsSingletsAndOtherVestsKnittedOrCrocheted_AsAFractionOf_Exports_EconomicActivity,Percentage of exports of tshirts singlets and other vests knitted or
Exports_EconomicActivity_TableKitchenOtherHouseholdArticlesAndPartsOfIronOr,Exports of table kitchen other household articles and parts
Exports_EconomicActivity_TableKitchenOtherHouseholdArticlesAndPartsOfIronOr_AsAFractionOf_Exports_EconomicActivity,Percentage of exports of table kitchen other household articles and parts
Exports_EconomicActivity_TablewareAndKitchenwareOfWood,Exports of tableware and kitchenware of wood
Exports_EconomicActivity_TablewareAndKitchenwareOfWood_AsAFractionOf_Exports_EconomicActivity,Percentage of exports of tableware and kitchenware of wood
Exports_EconomicActivity_TablewareKitchenwareOtherHouseholdArticlesAnd3924,Exports of tableware kitchenware other household articles and
Exports_EconomicActivity_TablewareKitchenwareOtherHouseholdArticlesAnd3924_AsAFractionOf_Exports_EconomicActivity,Percentage of exports of tableware kitchenware other household articles and
Exports_EconomicActivity_TablewareKitchenwareOtherHouseholdArticlesAnd6911,Exports of tableware kitchenware other household articles and
Exports_EconomicActivity_TablewareKitchenwareOtherHouseholdArticlesAnd6911_AsAFractionOf_Exports_EconomicActivity,Percentage of exports of tableware kitchenware other household articles and
Exports_EconomicActivity_TailorsDummiesAndOtherLayFiguresAutomataAndOth9618,Exports of tailors dummies and other lay figures automata
Exports_EconomicActivity_TailorsDummiesAndOtherLayFiguresAutomataAndOth9618_AsAFractionOf_Exports_EconomicActivity,Percentage of exports of tailors dummies and other lay figures automata
Exports_EconomicActivity_TallOilWhetherOrNotRefined3803,Exports of tall oil whether or not refined
Exports_EconomicActivity_TallOilWhetherOrNotRefined3803_AsAFractionOf_Exports_EconomicActivity,Percentage of exports of tall oil whether or not refined
Exports_EconomicActivity_TanksCasksDrumsCansBoxesAndSimilarContainersFo7310,Exports of tanks casks drums cans boxes and similar
Exports_EconomicActivity_TanksCasksDrumsCansBoxesAndSimilarContainersFo7310_AsAFractionOf_Exports_EconomicActivity,Percentage of exports of tanks casks drums cans boxes and similar
Exports_EconomicActivity_TannedOrCrustHidesAndSkinsOfBovineIncludingBuffalo,Exports of tanned or crust hides and skins of
Exports_EconomicActivity_TannedOrCrustHidesAndSkinsOfBovineIncludingBuffalo_AsAFractionOf_Exports_EconomicActivity,Percentage of exports of tanned or crust hides and skins of
Exports_EconomicActivity_TannedOrCrustHidesAndSkinsOfOtherAnimalsWithout,Exports of tanned or crust hides and skins of
Exports_EconomicActivity_TannedOrCrustHidesAndSkinsOfOtherAnimalsWithout_AsAFractionOf_Exports_EconomicActivity,Percentage of exports of tanned or crust hides and skins of
Exports_EconomicActivity_TannedOrCrustSkinsOfSheepAndLambsWithoutWoolOn,Exports of tanned or crust skins of sheep and
Exports_EconomicActivity_TannedOrCrustSkinsOfSheepAndLambsWithoutWoolOn_AsAFractionOf_Exports_EconomicActivity,Percentage of exports of tanned or crust skins of sheep and
Exports_EconomicActivity_TannedOrDressedFurskinsIncludingHeadsTailsPaws,Exports of tanned or dressed furskins including heads tails
Exports_EconomicActivity_TannedOrDressedFurskinsIncludingHeadsTailsPaws_AsAFractionOf_Exports_EconomicActivity,Percentage of exports of tanned or dressed furskins including heads tails
Exports_EconomicActivity_TanningExtractsOfVegetableOriginTanninsAndThei3201,Exports of tanning extracts of vegetable origin tannins and
Exports_EconomicActivity_TanningExtractsOfVegetableOriginTanninsAndThei3201_AsAFractionOf_Exports_EconomicActivity,Percentage of exports of tanning extracts of vegetable origin tannins and
Exports_EconomicActivity_TanningOrDyeingExtractsTanninsAndTheirDerivatives,Exports of tanning or dyeing extracts tannins and their
Exports_EconomicActivity_TanningOrDyeingExtractsTanninsAndTheirDerivatives_AsAFractionOf_Exports_EconomicActivity,Percentage of exports of tanning or dyeing extracts tannins and their
Exports_EconomicActivity_TanningSubstancesSyntheticOrganicOrInorganic,Exports of tanning substances synthetic organic or inorganic
Exports_EconomicActivity_TanningSubstancesSyntheticOrganicOrInorganic_AsAFractionOf_Exports_EconomicActivity,Percentage of exports of tanning substances synthetic organic or inorganic
Exports_EconomicActivity_TantalumArticlesThereofIncludingWasteAndScrap,Exports of tantalum articles thereof including waste and scrap
Exports_EconomicActivity_TantalumArticlesThereofIncludingWasteAndScrap_AsAFractionOf_Exports_EconomicActivity,Percentage of exports of tantalum articles thereof including waste and scrap
Exports_EconomicActivity_TapestriesHandWovenGobelinsFlandersAubusson5805,Exports of tapestries hand woven gobelins flanders aubusson
Exports_EconomicActivity_TapestriesHandWovenGobelinsFlandersAubusson5805_AsAFractionOf_Exports_EconomicActivity,Percentage of exports of tapestries hand woven gobelins flanders aubusson
Exports_EconomicActivity_TapiocaAndSubstitutesThereforPreparedFromStarchIn,Exports of tapioca and substitutes therefor prepared from starch
Exports_EconomicActivity_TapiocaAndSubstitutesThereforPreparedFromStarchIn_AsAFractionOf_Exports_EconomicActivity,Percentage of exports of tapioca and substitutes therefor prepared from starch
Exports_EconomicActivity_TapsCocksValvesAndSimilarAppliancesForPipesBoi8481,Exports of taps cocks valves and similar appliances for
Exports_EconomicActivity_TapsCocksValvesAndSimilarAppliancesForPipesBoi8481_AsAFractionOf_Exports_EconomicActivity,Percentage of exports of taps cocks valves and similar appliances for
Exports_EconomicActivity_TarDistilledFromCoalFromLignitePeatAndOtherMineral,Exports of tar distilled from coal from lignite peat
Exports_EconomicActivity_TarDistilledFromCoalFromLignitePeatAndOtherMineral_AsAFractionOf_Exports_EconomicActivity,Percentage of exports of tar distilled from coal from lignite peat
Exports_EconomicActivity_TarpaulinsAwningsAndSunblindsTentsIncluding,Exports of tarpaulins awnings and sunblinds tents including
Exports_EconomicActivity_TarpaulinsAwningsAndSunblindsTentsIncluding_AsAFractionOf_Exports_EconomicActivity,Percentage of exports of tarpaulins awnings and sunblinds tents including
Exports_EconomicActivity_Tea,Exports of tea
Exports_EconomicActivity_Tea_AsAFractionOf_Exports_EconomicActivity,Percentage of exports of tea
Exports_EconomicActivity_TelephoneSetsIncludingSmartphonesAndOther,Exports of telephone sets including smartphones and other
Exports_EconomicActivity_TelephoneSetsIncludingSmartphonesAndOther_AsAFractionOf_Exports_EconomicActivity,Percentage of exports of telephone sets including smartphones and other
Exports_EconomicActivity_TextileFabricsGumOrAmylaceousSubstanceCoatedUsed,Exports of textile fabrics gum or amylaceous substance coated
Exports_EconomicActivity_TextileFabricsGumOrAmylaceousSubstanceCoatedUsed_AsAFractionOf_Exports_EconomicActivity,Percentage of exports of textile fabrics gum or amylaceous substance coated
Exports_EconomicActivity_TextileFabricsImpregnatedCoatedCoveredOrLamina5903,Exports of textile fabrics impregnated coated covered or lamina
Exports_EconomicActivity_TextileFabricsImpregnatedCoatedCoveredOrLamina5903_AsAFractionOf_Exports_EconomicActivity,Percentage of exports of textile fabrics impregnated coated covered or lamina
Exports_EconomicActivity_TextileFabricsImpregnatedCoatedCoveredOrLaminate59,Exports of textile fabrics impregnated coated covered or laminate
Exports_EconomicActivity_TextileFabricsImpregnatedCoatedCoveredOrLaminate59_AsAFractionOf_Exports_EconomicActivity,Percentage of exports of textile fabrics impregnated coated covered or laminate
Exports_EconomicActivity_TextileFabricsOtherwiseImpregnatedCoatedOrCove5907,Exports of textile fabrics otherwise impregnated coated or cove
Exports_EconomicActivity_TextileFabricsOtherwiseImpregnatedCoatedOrCove5907_AsAFractionOf_Exports_EconomicActivity,Percentage of exports of textile fabrics otherwise impregnated coated or cove
Exports_EconomicActivity_TextileFabricsRubberisedOtherThanThoseOfHeadingNo,Exports of textile fabrics rubberised other than those of
Exports_EconomicActivity_TextileFabricsRubberisedOtherThanThoseOfHeadingNo_AsAFractionOf_Exports_EconomicActivity,Percentage of exports of textile fabrics rubberised other than those of
Exports_EconomicActivity_TextileFabricsTyrecordOfHighTenacityYarnOfNylo5902,Exports of textile fabrics tyrecord of high tenacity yarn
Exports_EconomicActivity_TextileFabricsTyrecordOfHighTenacityYarnOfNylo5902_AsAFractionOf_Exports_EconomicActivity,Percentage of exports of textile fabrics tyrecord of high tenacity yarn
Exports_EconomicActivity_TextileHosePipingAndSimilarTextileTubingWithOr,Exports of textile hose piping and similar textile tubing
Exports_EconomicActivity_TextileHosePipingAndSimilarTextileTubingWithOr_AsAFractionOf_Exports_EconomicActivity,Percentage of exports of textile hose piping and similar textile tubing
Exports_EconomicActivity_TextileMachineryForExtrudingDrawingTexturingOr8444,Exports of textile machinery for extruding drawing texturing or
Exports_EconomicActivity_TextileMachineryForExtrudingDrawingTexturingOr8444_AsAFractionOf_Exports_EconomicActivity,Percentage of exports of textile machinery for extruding drawing texturing or
Exports_EconomicActivity_TextileMachinerySpinningDoublingTwistingMachines,Exports of textile machinery spinning doubling twisting machines
Exports_EconomicActivity_TextileMachinerySpinningDoublingTwistingMachines_AsAFractionOf_Exports_EconomicActivity,Percentage of exports of textile machinery spinning doubling twisting machines
Exports_EconomicActivity_TextileProductsAndArticlesForTechnicalUses5911,Exports of textile products and articles for technical uses
Exports_EconomicActivity_TextileProductsAndArticlesForTechnicalUses5911_AsAFractionOf_Exports_EconomicActivity,Percentage of exports of textile products and articles for technical uses
Exports_EconomicActivity_TextileWallCoverings,Exports of textile wall coverings
Exports_EconomicActivity_TextileWallCoverings_AsAFractionOf_Exports_EconomicActivity,Percentage of exports of textile wall coverings
Exports_EconomicActivity_TextileWicksWovenPlaitedOrKnittedForLampsStove5908,Exports of textile wicks woven plaited or knitted for
Exports_EconomicActivity_TextileWicksWovenPlaitedOrKnittedForLampsStove5908_AsAFractionOf_Exports_EconomicActivity,Percentage of exports of textile wicks woven plaited or knitted for
Exports_EconomicActivity_TextilesMadeUpArticlesNECInChapter63IncludingDress,Exports of textiles made up articles necin chapter63including dress
Exports_EconomicActivity_TextilesMadeUpArticlesNECInChapter63IncludingDress_AsAFractionOf_Exports_EconomicActivity,Percentage of exports of textiles made up articles necin chapter63including dress
Exports_EconomicActivity_TextilesMadeUpArticlesSetsWornClothingAndWorn,Exports of textiles made up articles sets worn clothing
Exports_EconomicActivity_TextilesMadeUpArticlesSetsWornClothingAndWorn_AsAFractionOf_Exports_EconomicActivity,Percentage of exports of textiles made up articles sets worn clothing
Exports_EconomicActivity_TextilesSetsOfWovenFabricAndYarnWithOrWithout,Exports of textiles sets of woven fabric and yarn
Exports_EconomicActivity_TextilesSetsOfWovenFabricAndYarnWithOrWithout_AsAFractionOf_Exports_EconomicActivity,Percentage of exports of textiles sets of woven fabric and yarn
Exports_EconomicActivity_TextilesTransmissionOrConveyorBeltsOrBeltingOf5910,Exports of textiles transmission or conveyor belts or belting
Exports_EconomicActivity_TextilesTransmissionOrConveyorBeltsOrBeltingOf5910_AsAFractionOf_Exports_EconomicActivity,Percentage of exports of textiles transmission or conveyor belts or belting
Exports_EconomicActivity_TextilesWornClothingAndOtherWornArticles,Exports of textiles worn clothing and other worn articles
Exports_EconomicActivity_TextilesWornClothingAndOtherWornArticles_AsAFractionOf_Exports_EconomicActivity,Percentage of exports of textiles worn clothing and other worn articles
Exports_EconomicActivity_ThermionicColdCathodeOrPhotoCathodeValvesAndTubesE,Exports of thermionic cold cathode or photo cathode valves
Exports_EconomicActivity_ThermionicColdCathodeOrPhotoCathodeValvesAndTubesE_AsAFractionOf_Exports_EconomicActivity,Percentage of exports of thermionic cold cathode or photo cathode valves
Exports_EconomicActivity_TiesBowTiesAndCravatsNotKnittedOrCrocheted,Exports of ties bow ties and cravats not knitted
Exports_EconomicActivity_TiesBowTiesAndCravatsNotKnittedOrCrocheted_AsAFractionOf_Exports_EconomicActivity,Percentage of exports of ties bow ties and cravats not knitted
Exports_EconomicActivity_TimeOfDayRecordingApparatusAndApparatusFor,Exports of time of day recording apparatus and apparatus
Exports_EconomicActivity_TimeOfDayRecordingApparatusAndApparatusFor_AsAFractionOf_Exports_EconomicActivity,Percentage of exports of time of day recording apparatus and apparatus
Exports_EconomicActivity_TimeSwitchesWithClockWatchMovementOrSynchronou9107,Exports of time switches with clock watch movement or
Exports_EconomicActivity_TimeSwitchesWithClockWatchMovementOrSynchronou9107_AsAFractionOf_Exports_EconomicActivity,Percentage of exports of time switches with clock watch movement or
Exports_EconomicActivity_TinArticlesNECInChapter808007,Exports of tin articles necin chapter
Exports_EconomicActivity_TinArticlesNECInChapter808007_AsAFractionOf_Exports_EconomicActivity,Percentage of exports of tin articles necin chapter
Exports_EconomicActivity_TinArticlesThereof,Exports of tin articles thereof
Exports_EconomicActivity_TinArticlesThereof_AsAFractionOf_Exports_EconomicActivity,Percentage of exports of tin articles thereof
Exports_EconomicActivity_TinBarsRodsProfilesAndWire8003,Exports of tin bars rods profiles and wire
Exports_EconomicActivity_TinBarsRodsProfilesAndWire8003_AsAFractionOf_Exports_EconomicActivity,Percentage of exports of tin bars rods profiles and wire
Exports_EconomicActivity_TinOresAndConcentrates2609,Exports of tin ores and concentrates
Exports_EconomicActivity_TinOresAndConcentrates2609_AsAFractionOf_Exports_EconomicActivity,Percentage of exports of tin ores and concentrates
Exports_EconomicActivity_TinUnwrought,Exports of tin unwrought
Exports_EconomicActivity_TinUnwrought_AsAFractionOf_Exports_EconomicActivity,Percentage of exports of tin unwrought
Exports_EconomicActivity_TinWasteAndScrap8002,Exports of tin waste and scrap
Exports_EconomicActivity_TinWasteAndScrap8002_AsAFractionOf_Exports_EconomicActivity,Percentage of exports of tin waste and scrap
Exports_EconomicActivity_TissueTowelNapkinStockOrSimilarForHouseholdOr4803,Exports of tissue towel napkin stock or similar for
Exports_EconomicActivity_TissueTowelNapkinStockOrSimilarForHouseholdOr4803_AsAFractionOf_Exports_EconomicActivity,Percentage of exports of tissue towel napkin stock or similar for
Exports_EconomicActivity_TitaniumArticlesThereofIncludingWasteAndScrap,Exports of titanium articles thereof including waste and scrap
Exports_EconomicActivity_TitaniumArticlesThereofIncludingWasteAndScrap_AsAFractionOf_Exports_EconomicActivity,Percentage of exports of titanium articles thereof including waste and scrap
Exports_EconomicActivity_TitaniumOresAndConcentrates2614,Exports of titanium ores and concentrates
Exports_EconomicActivity_TitaniumOresAndConcentrates2614_AsAFractionOf_Exports_EconomicActivity,Percentage of exports of titanium ores and concentrates
Exports_EconomicActivity_TitaniumOxides2823,Exports of titanium oxides
Exports_EconomicActivity_TitaniumOxides2823_AsAFractionOf_Exports_EconomicActivity,Percentage of exports of titanium oxides
Exports_EconomicActivity_TobaccoAndManufacturedTobaccoSubstitutesProducts,Exports of tobacco and manufactured tobacco substitutes products
Exports_EconomicActivity_TobaccoAndManufacturedTobaccoSubstitutesProducts_AsAFractionOf_Exports_EconomicActivity,Percentage of exports of tobacco and manufactured tobacco substitutes products
Exports_EconomicActivity_TobaccoUnmanufacturedTobaccoRefuse,Exports of tobacco unmanufactured tobacco refuse
Exports_EconomicActivity_TobaccoUnmanufacturedTobaccoRefuse_AsAFractionOf_Exports_EconomicActivity,Percentage of exports of tobacco unmanufactured tobacco refuse
Exports_EconomicActivity_ToiletPaperWidth36cmOrLessOrCutToSizeShape,Exports of toilet paper width36cm or less or cut
Exports_EconomicActivity_ToiletPaperWidth36cmOrLessOrCutToSizeShape_AsAFractionOf_Exports_EconomicActivity,Percentage of exports of toilet paper width36cm or less or cut
Exports_EconomicActivity_TomatoesFreshOrChilled0702,Exports of tomatoes fresh or chilled
Exports_EconomicActivity_TomatoesFreshOrChilled0702_AsAFractionOf_Exports_EconomicActivity,Percentage of exports of tomatoes fresh or chilled
Exports_EconomicActivity_TomatoesPreparedOrPreservedOtherwiseThanByVinegar,Exports of tomatoes prepared or preserved otherwise than by
Exports_EconomicActivity_TomatoesPreparedOrPreservedOtherwiseThanByVinegar_AsAFractionOf_Exports_EconomicActivity,Percentage of exports of tomatoes prepared or preserved otherwise than by
Exports_EconomicActivity_ToolsForWorkingInTheHandPneumaticHydraulicOrWith,Exports of tools for working in the hand pneumatic
Exports_EconomicActivity_ToolsForWorkingInTheHandPneumaticHydraulicOrWith_AsAFractionOf_Exports_EconomicActivity,Percentage of exports of tools for working in the hand pneumatic
Exports_EconomicActivity_ToolsHandFilesRaspsPliersIncludingCuttingPliers,Exports of tools hand files rasps pliers including cutting
Exports_EconomicActivity_ToolsHandFilesRaspsPliersIncludingCuttingPliers_AsAFractionOf_Exports_EconomicActivity,Percentage of exports of tools hand files rasps pliers including cutting
Exports_EconomicActivity_ToolsHandHandOperatedSpannersAndWrenchesInclud8204,Exports of tools hand hand operated spanners and wrenches
Exports_EconomicActivity_ToolsHandHandOperatedSpannersAndWrenchesInclud8204_AsAFractionOf_Exports_EconomicActivity,Percentage of exports of tools hand hand operated spanners and wrenches
Exports_EconomicActivity_ToolsHandIncludingGlaziersDiamondsNECBlowLamps,Exports of tools hand including glaziers diamonds necblow lamps
Exports_EconomicActivity_ToolsHandIncludingGlaziersDiamondsNECBlowLamps_AsAFractionOf_Exports_EconomicActivity,Percentage of exports of tools hand including glaziers diamonds necblow lamps
Exports_EconomicActivity_ToolsHandOperatedMechanicalAppliancesWeighing18210,Exports of tools hand operated mechanical appliances weighing
Exports_EconomicActivity_ToolsHandOperatedMechanicalAppliancesWeighing18210_AsAFractionOf_Exports_EconomicActivity,Percentage of exports of tools hand operated mechanical appliances weighing
Exports_EconomicActivity_ToolsHandSawsAndBladesForSawsOfAllKindsIncluding,Exports of tools hand saws and blades for saws
Exports_EconomicActivity_ToolsHandSawsAndBladesForSawsOfAllKindsIncluding_AsAFractionOf_Exports_EconomicActivity,Percentage of exports of tools hand saws and blades for saws
Exports_EconomicActivity_ToolsHandSpadesShovelsMattocksPicksHoesForksRakes,Exports of tools hand spades shovels mattocks picks hoes
Exports_EconomicActivity_ToolsHandSpadesShovelsMattocksPicksHoesForksRakes_AsAFractionOf_Exports_EconomicActivity,Percentage of exports of tools hand spades shovels mattocks picks hoes
Exports_EconomicActivity_ToolsHandTwoOrMoreOfHeadingNo8202To8205PutUpIn8206,Exports of tools hand two or more of heading
Exports_EconomicActivity_ToolsHandTwoOrMoreOfHeadingNo8202To8205PutUpIn8206_AsAFractionOf_Exports_EconomicActivity,Percentage of exports of tools hand two or more of heading
Exports_EconomicActivity_ToolsImplementsCutlerySpoonsAndForksOfBaseMetal,Exports of tools implements cutlery spoons and forks of
Exports_EconomicActivity_ToolsImplementsCutlerySpoonsAndForksOfBaseMetal_AsAFractionOf_Exports_EconomicActivity,Percentage of exports of tools implements cutlery spoons and forks of
Exports_EconomicActivity_ToolsInterchangeableForHandToolsWhetherOrNotPower,Exports of tools interchangeable for hand tools whether or
Exports_EconomicActivity_ToolsInterchangeableForHandToolsWhetherOrNotPower_AsAFractionOf_Exports_EconomicActivity,Percentage of exports of tools interchangeable for hand tools whether or
Exports_EconomicActivity_ToolsPlatesSticksTipsAndTheLikeForToolsUnmount8209,Exports of tools plates sticks tips and the like
Exports_EconomicActivity_ToolsPlatesSticksTipsAndTheLikeForToolsUnmount8209_AsAFractionOf_Exports_EconomicActivity,Percentage of exports of tools plates sticks tips and the like
Exports_EconomicActivity_ToolsToolBodiesToolHandlesBroomOrBrushBodiesAn4417,Exports of tools tool bodies tool handles broom or
Exports_EconomicActivity_ToolsToolBodiesToolHandlesBroomOrBrushBodiesAn4417_AsAFractionOf_Exports_EconomicActivity,Percentage of exports of tools tool bodies tool handles broom or
Exports_EconomicActivity_ToysGamesAndSportsRequisitesPartsAndAccessories,Exports of toys games and sports requisites parts and
Exports_EconomicActivity_ToysGamesAndSportsRequisitesPartsAndAccessories_AsAFractionOf_Exports_EconomicActivity,Percentage of exports of toys games and sports requisites parts and
Exports_EconomicActivity_TrackSuitsSkiSuitsAndSwimwearKnittedOrCrocheted,Exports of track suits ski suits and swimwear knitted
Exports_EconomicActivity_TrackSuitsSkiSuitsAndSwimwearKnittedOrCrocheted_AsAFractionOf_Exports_EconomicActivity,Percentage of exports of track suits ski suits and swimwear knitted
Exports_EconomicActivity_TrackSuitsSwimwearAndOtherGarmentsNotKnittedOr,Exports of track suits swimwear and other garments not
Exports_EconomicActivity_TrackSuitsSwimwearAndOtherGarmentsNotKnittedOr_AsAFractionOf_Exports_EconomicActivity,Percentage of exports of track suits swimwear and other garments not
Exports_EconomicActivity_TractorsOtherThanTractorsOfHeadingNo8709,Exports of tractors other than tractors of heading no
Exports_EconomicActivity_TractorsOtherThanTractorsOfHeadingNo8709_AsAFractionOf_Exports_EconomicActivity,Percentage of exports of tractors other than tractors of heading no
Exports_EconomicActivity_TrailersAndSemiTrailersOtherVehiclesNot,Exports of trailers and semi trailers other vehicles not
Exports_EconomicActivity_TrailersAndSemiTrailersOtherVehiclesNot_AsAFractionOf_Exports_EconomicActivity,Percentage of exports of trailers and semi trailers other vehicles not
Exports_EconomicActivity_TransfersDecalcomanias,Exports of transfers decalcomanias
Exports_EconomicActivity_TransfersDecalcomanias_AsAFractionOf_Exports_EconomicActivity,Percentage of exports of transfers decalcomanias
Exports_EconomicActivity_TransmissionApparatusForRadioBroadcastingOr8525,Exports of transmission apparatus for radio broadcasting or
Exports_EconomicActivity_TransmissionApparatusForRadioBroadcastingOr8525_AsAFractionOf_Exports_EconomicActivity,Percentage of exports of transmission apparatus for radio broadcasting or
Exports_EconomicActivity_TransmissionApparatusPartsSuitableForUseSolelyOr,Exports of transmission apparatus parts suitable for use solely
Exports_EconomicActivity_TransmissionApparatusPartsSuitableForUseSolelyOr_AsAFractionOf_Exports_EconomicActivity,Percentage of exports of transmission apparatus parts suitable for use solely
Exports_EconomicActivity_TransmissionShaftsIncludingCamAndCrankAndCranks,Exports of transmission shafts including cam and crank and
Exports_EconomicActivity_TransmissionShaftsIncludingCamAndCrankAndCranks_AsAFractionOf_Exports_EconomicActivity,Percentage of exports of transmission shafts including cam and crank and
Exports_EconomicActivity_TravelSetsForPersonalToiletSewingShoeOrClothes9605,Exports of travel sets for personal toilet sewing shoe
Exports_EconomicActivity_TravelSetsForPersonalToiletSewingShoeOrClothes9605_AsAFractionOf_Exports_EconomicActivity,Percentage of exports of travel sets for personal toilet sewing shoe
Exports_EconomicActivity_TravellingCircusesAndTravellingMenageriesAmusement,Exports of travelling circuses and travelling menageries amusement
Exports_EconomicActivity_TravellingCircusesAndTravellingMenageriesAmusement_AsAFractionOf_Exports_EconomicActivity,Percentage of exports of travelling circuses and travelling menageries amusement
Exports_EconomicActivity_TreesAndOtherPlantsLiveBulbsRootsAndTheLikeCut,Exports of trees and other plants live bulbs roots
Exports_EconomicActivity_TreesAndOtherPlantsLiveBulbsRootsAndTheLikeCut_AsAFractionOf_Exports_EconomicActivity,Percentage of exports of trees and other plants live bulbs roots
Exports_EconomicActivity_TricyclesScootersPedalCarsAndSimilarWheeledToy9503,Exports of tricycles scooters pedal cars and similar wheeled
Exports_EconomicActivity_TricyclesScootersPedalCarsAndSimilarWheeledToy9503_AsAFractionOf_Exports_EconomicActivity,Percentage of exports of tricycles scooters pedal cars and similar wheeled
Exports_EconomicActivity_TrimmingsPartsAndAccessoriesOfArticlesOfHeadingNo,Exports of trimmings parts and accessories of articles of
Exports_EconomicActivity_TrimmingsPartsAndAccessoriesOfArticlesOfHeadingNo_AsAFractionOf_Exports_EconomicActivity,Percentage of exports of trimmings parts and accessories of articles of
Exports_EconomicActivity_TrueHempCannabisSativaLRawOrProcessedButNotSpunTow,Exports of true hemp cannabis sativa lraw or processed
Exports_EconomicActivity_TrueHempCannabisSativaLRawOrProcessedButNotSpunTow_AsAFractionOf_Exports_EconomicActivity,Percentage of exports of true hemp cannabis sativa lraw or processed
Exports_EconomicActivity_TrunksSuitCameraJewelleryCutleryCasesTravelTool,Exports of trunks suit camera jewellery cutlery cases travel
Exports_EconomicActivity_TrunksSuitCameraJewelleryCutleryCasesTravelTool_AsAFractionOf_Exports_EconomicActivity,Percentage of exports of trunks suit camera jewellery cutlery cases travel
Exports_EconomicActivity_TubeOrPipeFittingsEGCouplingsElbowsSleevesOfIronOr,Exports of tube or pipe fittings egcouplings elbows sleeves
Exports_EconomicActivity_TubeOrPipeFittingsEGCouplingsElbowsSleevesOfIronOr_AsAFractionOf_Exports_EconomicActivity,Percentage of exports of tube or pipe fittings egcouplings elbows sleeves
Exports_EconomicActivity_TubesPipesAndHollowProfilesOfCastIron,Exports of tubes pipes and hollow profiles of cast
Exports_EconomicActivity_TubesPipesAndHollowProfilesOfCastIron_AsAFractionOf_Exports_EconomicActivity,Percentage of exports of tubes pipes and hollow profiles of cast
Exports_EconomicActivity_TubesPipesAndHollowProfilesSeamlessOfIronOtherThan,Exports of tubes pipes and hollow profiles seamless of
Exports_EconomicActivity_TubesPipesAndHollowProfilesSeamlessOfIronOtherThan_AsAFractionOf_Exports_EconomicActivity,Percentage of exports of tubes pipes and hollow profiles seamless of
Exports_EconomicActivity_TubesPipesAndHosesAndFittingsThereofForExample,Exports of tubes pipes and hoses and fittings thereof
Exports_EconomicActivity_TubesPipesAndHosesAndFittingsThereofForExample_AsAFractionOf_Exports_EconomicActivity,Percentage of exports of tubes pipes and hoses and fittings thereof
Exports_EconomicActivity_TubesPipesAndHosesOfVulcanisedRubberOtherThanHard,Exports of tubes pipes and hoses of vulcanised rubber
Exports_EconomicActivity_TubesPipesAndHosesOfVulcanisedRubberOtherThanHard_AsAFractionOf_Exports_EconomicActivity,Percentage of exports of tubes pipes and hoses of vulcanised rubber
Exports_EconomicActivity_TubingFlexibleWithOrWithoutFittingsOfBaseMetal8307,Exports of tubing flexible with or without fittings of
Exports_EconomicActivity_TubingFlexibleWithOrWithoutFittingsOfBaseMetal8307_AsAFractionOf_Exports_EconomicActivity,Percentage of exports of tubing flexible with or without fittings of
Exports_EconomicActivity_TugsAndPusherCraft8904,Exports of tugs and pusher craft
Exports_EconomicActivity_TugsAndPusherCraft8904_AsAFractionOf_Exports_EconomicActivity,Percentage of exports of tugs and pusher craft
Exports_EconomicActivity_TullesAndOtherNetFabricsNotIncludingWovenKnittedOr,Exports of tulles and other net fabrics not including
Exports_EconomicActivity_TullesAndOtherNetFabricsNotIncludingWovenKnittedOr_AsAFractionOf_Exports_EconomicActivity,Percentage of exports of tulles and other net fabrics not including
Exports_EconomicActivity_TungstenOresAndConcentrates2611,Exports of tungsten ores and concentrates
Exports_EconomicActivity_TungstenOresAndConcentrates2611_AsAFractionOf_Exports_EconomicActivity,Percentage of exports of tungsten ores and concentrates
Exports_EconomicActivity_TungstenWolframArticlesThereofIncludingWasteAn8101,Exports of tungsten wolfram articles thereof including waste an
Exports_EconomicActivity_TungstenWolframArticlesThereofIncludingWasteAn8101_AsAFractionOf_Exports_EconomicActivity,Percentage of exports of tungsten wolfram articles thereof including waste an
Exports_EconomicActivity_TurbinesHydraulicWaterWheelsAndRegulatorsTherefor,Exports of turbines hydraulic water wheels and regulators therefor
Exports_EconomicActivity_TurbinesHydraulicWaterWheelsAndRegulatorsTherefor_AsAFractionOf_Exports_EconomicActivity,Percentage of exports of turbines hydraulic water wheels and regulators therefor
Exports_EconomicActivity_TurbinesSteamAndOtherVapourTurbines,Exports of turbines steam and other vapour turbines
Exports_EconomicActivity_TurbinesSteamAndOtherVapourTurbines_AsAFractionOf_Exports_EconomicActivity,Percentage of exports of turbines steam and other vapour turbines
Exports_EconomicActivity_TurboJetsTurboPropellersAndOtherGasTurbines,Exports of turbo jets turbo propellers and other gas
Exports_EconomicActivity_TurboJetsTurboPropellersAndOtherGasTurbines_AsAFractionOf_Exports_EconomicActivity,Percentage of exports of turbo jets turbo propellers and other gas
Exports_EconomicActivity_TwineCordageOrRopeKnottedNettingMadeUpFishingNets,Exports of twine cordage or rope knotted netting made
Exports_EconomicActivity_TwineCordageOrRopeKnottedNettingMadeUpFishingNets_AsAFractionOf_Exports_EconomicActivity,Percentage of exports of twine cordage or rope knotted netting made
Exports_EconomicActivity_TwineCordageRopesAndCablesWhetherOrNotPlaitedOr,Exports of twine cordage ropes and cables whether or
Exports_EconomicActivity_TwineCordageRopesAndCablesWhetherOrNotPlaitedOr_AsAFractionOf_Exports_EconomicActivity,Percentage of exports of twine cordage ropes and cables whether or
Exports_EconomicActivity_TypewriterSimilarRibbonsInkedOtherwisePreparedFor,Exports of typewriter similar ribbons inked otherwise prepared for
Exports_EconomicActivity_TypewriterSimilarRibbonsInkedOtherwisePreparedFor_AsAFractionOf_Exports_EconomicActivity,Percentage of exports of typewriter similar ribbons inked otherwise prepared for
Exports_EconomicActivity_UmbrellasSunUmbrellasIncludingWalkingStick,Exports of umbrellas sun umbrellas including walking stick
Exports_EconomicActivity_UmbrellasSunUmbrellasIncludingWalkingStick_AsAFractionOf_Exports_EconomicActivity,Percentage of exports of umbrellas sun umbrellas including walking stick
Exports_EconomicActivity_UmbrellasSunUmbrellasWalkingSticksSeatSticksWhips,Exports of umbrellas sun umbrellas walking sticks seat sticks
Exports_EconomicActivity_UmbrellasSunUmbrellasWalkingSticksSeatSticksWhips_AsAFractionOf_Exports_EconomicActivity,Percentage of exports of umbrellas sun umbrellas walking sticks seat sticks
Exports_EconomicActivity_UncoatedKraftPaperAndPaperboardInRollsOrSheets,Exports of uncoated kraft paper and paperboard in rolls
Exports_EconomicActivity_UncoatedKraftPaperAndPaperboardInRollsOrSheets_AsAFractionOf_Exports_EconomicActivity,Percentage of exports of uncoated kraft paper and paperboard in rolls
Exports_EconomicActivity_UncoatedPaperAndPaperboardNECInRollsOrSheets,Exports of uncoated paper and paperboard necin rolls or
Exports_EconomicActivity_UncoatedPaperAndPaperboardNECInRollsOrSheets_AsAFractionOf_Exports_EconomicActivity,Percentage of exports of uncoated paper and paperboard necin rolls or
Exports_EconomicActivity_UncoatedPaperAndPaperboardUsedForWritingPrintingOr,Exports of uncoated paper and paperboard used for writing
Exports_EconomicActivity_UncoatedPaperAndPaperboardUsedForWritingPrintingOr_AsAFractionOf_Exports_EconomicActivity,Percentage of exports of uncoated paper and paperboard used for writing
Exports_EconomicActivity_UnderpantsBriefsNightshirtsPyjamasBathrobes,Exports of underpants briefs nightshirts pyjamas bathrobes
Exports_EconomicActivity_UnderpantsBriefsNightshirtsPyjamasBathrobes_AsAFractionOf_Exports_EconomicActivity,Percentage of exports of underpants briefs nightshirts pyjamas bathrobes
Exports_EconomicActivity_UnmannedAircraft,Exports of unmanned aircraft
Exports_EconomicActivity_UnmannedAircraft_AsAFractionOf_Exports_EconomicActivity,Percentage of exports of unmanned aircraft
Exports_EconomicActivity_UnusedPostageRevenueOrSimilarStampsOfCurrentOr4907,Exports of unused postage revenue or similar stamps of
Exports_EconomicActivity_UnusedPostageRevenueOrSimilarStampsOfCurrentOr4907_AsAFractionOf_Exports_EconomicActivity,Percentage of exports of unused postage revenue or similar stamps of
Exports_EconomicActivity_UnvulcanisedRubberInOtherFormsEGRodsTubesAnd,Exports of unvulcanised rubber in other forms egrods tubes
Exports_EconomicActivity_UnvulcanisedRubberInOtherFormsEGRodsTubesAnd_AsAFractionOf_Exports_EconomicActivity,Percentage of exports of unvulcanised rubber in other forms egrods tubes
Exports_EconomicActivity_UraniumOrThoriumOresAndConcentrates,Exports of uranium or thorium ores and concentrates
Exports_EconomicActivity_UraniumOrThoriumOresAndConcentrates_AsAFractionOf_Exports_EconomicActivity,Percentage of exports of uranium or thorium ores and concentrates
Exports_EconomicActivity_VacuumCleaners,Exports of vacuum cleaners
Exports_EconomicActivity_VacuumCleaners_AsAFractionOf_Exports_EconomicActivity,Percentage of exports of vacuum cleaners
Exports_EconomicActivity_VacuumFlasksAndOtherVacuumVesselsCompleteWithC9617,Exports of vacuum flasks and other vacuum vessels complete
Exports_EconomicActivity_VacuumFlasksAndOtherVacuumVesselsCompleteWithC9617_AsAFractionOf_Exports_EconomicActivity,Percentage of exports of vacuum flasks and other vacuum vessels complete
Exports_EconomicActivity_Vanilla,Exports of vanilla
Exports_EconomicActivity_Vanilla_AsAFractionOf_Exports_EconomicActivity,Percentage of exports of vanilla
Exports_EconomicActivity_VegetableMaterialsAndVegetableWasteVegetable2308,Exports of vegetable materials and vegetable waste vegetable
Exports_EconomicActivity_VegetableMaterialsAndVegetableWasteVegetable2308_AsAFractionOf_Exports_EconomicActivity,Percentage of exports of vegetable materials and vegetable waste vegetable
Exports_EconomicActivity_VegetableMaterialsOfAKindUsedPrimarilyForPlaitingE,Exports of vegetable materials of akind used primarily for
Exports_EconomicActivity_VegetableMaterialsOfAKindUsedPrimarilyForPlaitingE_AsAFractionOf_Exports_EconomicActivity,Percentage of exports of vegetable materials of akind used primarily for
Exports_EconomicActivity_VegetableMineralCarvingMaterialAndArticlesOfTh9602,Exports of vegetable mineral carving material and articles of
Exports_EconomicActivity_VegetableMineralCarvingMaterialAndArticlesOfTh9602_AsAFractionOf_Exports_EconomicActivity,Percentage of exports of vegetable mineral carving material and articles of
Exports_EconomicActivity_VegetableOilsOilsAndTheirFractionsNECInChapter15,Exports of vegetable oils oils and their fractions necin
Exports_EconomicActivity_VegetableOilsOilsAndTheirFractionsNECInChapter15_AsAFractionOf_Exports_EconomicActivity,Percentage of exports of vegetable oils oils and their fractions necin
Exports_EconomicActivity_VegetableParchmentGreaseproofPapersTracingPapers,Exports of vegetable parchment greaseproof papers tracing papers
Exports_EconomicActivity_VegetableParchmentGreaseproofPapersTracingPapers_AsAFractionOf_Exports_EconomicActivity,Percentage of exports of vegetable parchment greaseproof papers tracing papers
Exports_EconomicActivity_VegetablePlaitingMaterialsVegetableProductsNot,Exports of vegetable plaiting materials vegetable products not
Exports_EconomicActivity_VegetablePlaitingMaterialsVegetableProductsNot_AsAFractionOf_Exports_EconomicActivity,Percentage of exports of vegetable plaiting materials vegetable products not
Exports_EconomicActivity_VegetableProductsNotElsewhereSpecifiedOrIncluded,Exports of vegetable products not elsewhere specified or included
Exports_EconomicActivity_VegetableProductsNotElsewhereSpecifiedOrIncluded_AsAFractionOf_Exports_EconomicActivity,Percentage of exports of vegetable products not elsewhere specified or included
Exports_EconomicActivity_VegetableSapsAndExtractsPecticSubstancesPectinates,Exports of vegetable saps and extracts pectic substances pectinates
Exports_EconomicActivity_VegetableSapsAndExtractsPecticSubstancesPectinates_AsAFractionOf_Exports_EconomicActivity,Percentage of exports of vegetable saps and extracts pectic substances pectinates
Exports_EconomicActivity_VegetableTextileFibresPaperYarnAndWovenFabricsOf,Exports of vegetable textile fibres paper yarn and woven
Exports_EconomicActivity_VegetableTextileFibresPaperYarnAndWovenFabricsOf_AsAFractionOf_Exports_EconomicActivity,Percentage of exports of vegetable textile fibres paper yarn and woven
Exports_EconomicActivity_VegetableWaxesOtherThanTriglyceridesBeeswaxOther,Exports of vegetable waxes other than triglycerides beeswax other
Exports_EconomicActivity_VegetableWaxesOtherThanTriglyceridesBeeswaxOther_AsAFractionOf_Exports_EconomicActivity,Percentage of exports of vegetable waxes other than triglycerides beeswax other
Exports_EconomicActivity_VegetablesAndCertainRootsAndTubersEdible,Exports of vegetables and certain roots and tubers edible
Exports_EconomicActivity_VegetablesAndCertainRootsAndTubersEdible_AsAFractionOf_Exports_EconomicActivity,Percentage of exports of vegetables and certain roots and tubers edible
Exports_EconomicActivity_VegetablesDriedWholeCutSlicedBrokenOrInPowderBut,Exports of vegetables dried whole cut sliced broken or
Exports_EconomicActivity_VegetablesDriedWholeCutSlicedBrokenOrInPowderBut_AsAFractionOf_Exports_EconomicActivity,Percentage of exports of vegetables dried whole cut sliced broken or
Exports_EconomicActivity_VegetablesFruitNutsAndOtherEdiblePartsOfPlants,Exports of vegetables fruit nuts and other edible parts
Exports_EconomicActivity_VegetablesFruitNutsAndOtherEdiblePartsOfPlants_AsAFractionOf_Exports_EconomicActivity,Percentage of exports of vegetables fruit nuts and other edible parts
Exports_EconomicActivity_VegetablesFruitNutsFruitPeelAndOtherPartsOfPla2006,Exports of vegetables fruit nuts fruit peel and other
Exports_EconomicActivity_VegetablesFruitNutsFruitPeelAndOtherPartsOfPla2006_AsAFractionOf_Exports_EconomicActivity,Percentage of exports of vegetables fruit nuts fruit peel and other
Exports_EconomicActivity_VegetablesLeguminousShelledWhetherOrNotSkinnedOr,Exports of vegetables leguminous shelled whether or not skinned
Exports_EconomicActivity_VegetablesLeguminousShelledWhetherOrNotSkinnedOr_AsAFractionOf_Exports_EconomicActivity,Percentage of exports of vegetables leguminous shelled whether or not skinned
Exports_EconomicActivity_VegetablesNECInChapter07FreshOrChilled,Exports of vegetables necin chapter07fresh or chilled
Exports_EconomicActivity_VegetablesNECInChapter07FreshOrChilled_AsAFractionOf_Exports_EconomicActivity,Percentage of exports of vegetables necin chapter07fresh or chilled
Exports_EconomicActivity_VegetablesPreparationsNECPreparedOrPreserved2004,Exports of vegetables preparations necprepared or preserved
Exports_EconomicActivity_VegetablesPreparationsNECPreparedOrPreserved2004_AsAFractionOf_Exports_EconomicActivity,Percentage of exports of vegetables preparations necprepared or preserved
Exports_EconomicActivity_VegetablesPreparationsNECPreparedOrPreserved2005,Exports of vegetables preparations necprepared or preserved
Exports_EconomicActivity_VegetablesPreparationsNECPreparedOrPreserved2005_AsAFractionOf_Exports_EconomicActivity,Percentage of exports of vegetables preparations necprepared or preserved
Exports_EconomicActivity_VegetablesProvisionallyPreservedButUnsuitableIn,Exports of vegetables provisionally preserved but unsuitable in
Exports_EconomicActivity_VegetablesProvisionallyPreservedButUnsuitableIn_AsAFractionOf_Exports_EconomicActivity,Percentage of exports of vegetables provisionally preserved but unsuitable in
Exports_EconomicActivity_VegetablesUncookedOrCookedBySteamingOrBoilingI0710,Exports of vegetables uncooked or cooked by steaming or
Exports_EconomicActivity_VegetablesUncookedOrCookedBySteamingOrBoilingI0710_AsAFractionOf_Exports_EconomicActivity,Percentage of exports of vegetables uncooked or cooked by steaming or
Exports_EconomicActivity_VehiclesForTheTransportOfGoods,Exports of vehicles for the transport of goods
Exports_EconomicActivity_VehiclesForTheTransportOfGoods_AsAFractionOf_Exports_EconomicActivity,Percentage of exports of vehicles for the transport of goods
Exports_EconomicActivity_VehiclesOtherThanRailwayOrTramwayRollingStockAnd,Exports of vehicles other than railway or tramway rolling
Exports_EconomicActivity_VehiclesOtherThanRailwayOrTramwayRollingStockAnd_AsAFractionOf_Exports_EconomicActivity,Percentage of exports of vehicles other than railway or tramway rolling
Exports_EconomicActivity_VehiclesPartsAndAccessoriesOfHeadingNo8711To8713,Exports of vehicles parts and accessories of heading no8711to
Exports_EconomicActivity_VehiclesPartsAndAccessoriesOfHeadingNo8711To8713_AsAFractionOf_Exports_EconomicActivity,Percentage of exports of vehicles parts and accessories of heading no8711to
Exports_EconomicActivity_VehiclesPublicTransportPassengerType,Exports of vehicles public transport passenger type
Exports_EconomicActivity_VehiclesPublicTransportPassengerType_AsAFractionOf_Exports_EconomicActivity,Percentage of exports of vehicles public transport passenger type
Exports_EconomicActivity_VermouthAndOtherWineOfFreshGrapesFlavouredWith2205,Exports of vermouth and other wine of fresh grapes
Exports_EconomicActivity_VermouthAndOtherWineOfFreshGrapesFlavouredWith2205_AsAFractionOf_Exports_EconomicActivity,Percentage of exports of vermouth and other wine of fresh grapes
Exports_EconomicActivity_VesselsAndOtherFloatingStructuresForBreakingUp8908,Exports of vessels and other floating structures for breaking
Exports_EconomicActivity_VesselsAndOtherFloatingStructuresForBreakingUp8908_AsAFractionOf_Exports_EconomicActivity,Percentage of exports of vessels and other floating structures for breaking
Exports_EconomicActivity_VesselsOtherIncludingWarshipsAndLifeboatsOtherThan,Exports of vessels other including warships and lifeboats other
Exports_EconomicActivity_VesselsOtherIncludingWarshipsAndLifeboatsOtherThan_AsAFractionOf_Exports_EconomicActivity,Percentage of exports of vessels other including warships and lifeboats other
Exports_EconomicActivity_VideoGameConsolesAndMachinesArticlesForFunfair,Exports of video game consoles and machines articles for
Exports_EconomicActivity_VideoGameConsolesAndMachinesArticlesForFunfair_AsAFractionOf_Exports_EconomicActivity,Percentage of exports of video game consoles and machines articles for
Exports_EconomicActivity_VideoRecordingOrReproducingApparatus,Exports of video recording or reproducing apparatus
Exports_EconomicActivity_VideoRecordingOrReproducingApparatus_AsAFractionOf_Exports_EconomicActivity,Percentage of exports of video recording or reproducing apparatus
Exports_EconomicActivity_VinegarAndSubstitutesForVinegarObtainedFromAce2209,Exports of vinegar and substitutes for vinegar obtained from
Exports_EconomicActivity_VinegarAndSubstitutesForVinegarObtainedFromAce2209_AsAFractionOf_Exports_EconomicActivity,Percentage of exports of vinegar and substitutes for vinegar obtained from
Exports_EconomicActivity_VulcanisedRubberThreadAndCord,Exports of vulcanised rubber thread and cord
Exports_EconomicActivity_VulcanisedRubberThreadAndCord_AsAFractionOf_Exports_EconomicActivity,Percentage of exports of vulcanised rubber thread and cord
Exports_EconomicActivity_WaddingFeltAndNonwovensSpecialYarnsTwineCordage,Exports of wadding felt and nonwovens special yarns twine
Exports_EconomicActivity_WaddingFeltAndNonwovensSpecialYarnsTwineCordage_AsAFractionOf_Exports_EconomicActivity,Percentage of exports of wadding felt and nonwovens special yarns twine
Exports_EconomicActivity_WaddingGauzeBandagesDressingsAdhesivePlasters,Exports of wadding gauze bandages dressings adhesive plasters
Exports_EconomicActivity_WaddingGauzeBandagesDressingsAdhesivePlasters_AsAFractionOf_Exports_EconomicActivity,Percentage of exports of wadding gauze bandages dressings adhesive plasters
Exports_EconomicActivity_WaddingOfTextileMaterialsAndArticlesThereofTextile,Exports of wadding of textile materials and articles thereof
Exports_EconomicActivity_WaddingOfTextileMaterialsAndArticlesThereofTextile_AsAFractionOf_Exports_EconomicActivity,Percentage of exports of wadding of textile materials and articles thereof
Exports_EconomicActivity_WalkingSticksSeatSticksWhipsRidingCropsAndTheL6602,Exports of walking sticks seat sticks whips riding crops
Exports_EconomicActivity_WalkingSticksSeatSticksWhipsRidingCropsAndTheL6602_AsAFractionOf_Exports_EconomicActivity,Percentage of exports of walking sticks seat sticks whips riding crops
Exports_EconomicActivity_WallpaperAndSimilarWallCoveringsWindow,Exports of wallpaper and similar wall coverings window
Exports_EconomicActivity_WallpaperAndSimilarWallCoveringsWindow_AsAFractionOf_Exports_EconomicActivity,Percentage of exports of wallpaper and similar wall coverings window
Exports_EconomicActivity_WasteAndScrapOfPaperAndPaperboard,Exports of waste and scrap of paper and paperboard
Exports_EconomicActivity_WasteAndScrapOfPaperAndPaperboard_AsAFractionOf_Exports_EconomicActivity,Percentage of exports of waste and scrap of paper and paperboard
Exports_EconomicActivity_WasteAndScrapOfPreciousMetalOrOfMetalCladWith7112,Exports of waste and scrap of precious metal or
Exports_EconomicActivity_WasteAndScrapOfPreciousMetalOrOfMetalCladWith7112_AsAFractionOf_Exports_EconomicActivity,Percentage of exports of waste and scrap of precious metal or
Exports_EconomicActivity_WasteIncludingNoilsYarnWasteAndGarnettedStockOfMan,Exports of waste including noils yarn waste and garnetted
Exports_EconomicActivity_WasteIncludingNoilsYarnWasteAndGarnettedStockOfMan_AsAFractionOf_Exports_EconomicActivity,Percentage of exports of waste including noils yarn waste and garnetted
Exports_EconomicActivity_WasteOfWoolOrOfFineOrCoarseAnimalHairIncludingYarn,Exports of waste of wool or of fine or
Exports_EconomicActivity_WasteOfWoolOrOfFineOrCoarseAnimalHairIncludingYarn_AsAFractionOf_Exports_EconomicActivity,Percentage of exports of waste of wool or of fine or
Exports_EconomicActivity_WasteParingsAndScrapOfPlastics,Exports of waste parings and scrap of plastics
Exports_EconomicActivity_WasteParingsAndScrapOfPlastics_AsAFractionOf_Exports_EconomicActivity,Percentage of exports of waste parings and scrap of plastics
Exports_EconomicActivity_WasteParingsAndScrapOfRubberOtherThanHardRubberAnd,Exports of waste parings and scrap of rubber other
Exports_EconomicActivity_WasteParingsAndScrapOfRubberOtherThanHardRubberAnd_AsAFractionOf_Exports_EconomicActivity,Percentage of exports of waste parings and scrap of rubber other
Exports_EconomicActivity_WatchCasesAndPartsThereof9111,Exports of watch cases and parts thereof
Exports_EconomicActivity_WatchCasesAndPartsThereof9111_AsAFractionOf_Exports_EconomicActivity,Percentage of exports of watch cases and parts thereof
Exports_EconomicActivity_WatchMovementsCompleteAndAssembled,Exports of watch movements complete and assembled
Exports_EconomicActivity_WatchMovementsCompleteAndAssembled_AsAFractionOf_Exports_EconomicActivity,Percentage of exports of watch movements complete and assembled
Exports_EconomicActivity_WatchOrClockMovementsCompleteUnassembledOrPartly,Exports of watch or clock movements complete unassembled or
Exports_EconomicActivity_WatchOrClockMovementsCompleteUnassembledOrPartly_AsAFractionOf_Exports_EconomicActivity,Percentage of exports of watch or clock movements complete unassembled or
Exports_EconomicActivity_WatchStrapsWatchBandsWatchBraceletsAndPartsThe9113,Exports of watch straps watch bands watch bracelets and
Exports_EconomicActivity_WatchStrapsWatchBandsWatchBraceletsAndPartsThe9113_AsAFractionOf_Exports_EconomicActivity,Percentage of exports of watch straps watch bands watch bracelets and
Exports_EconomicActivity_WatersIncludingMineralAndAeratedWatersContaining,Exports of waters including mineral and aerated waters containing
Exports_EconomicActivity_WatersIncludingMineralAndAeratedWatersContaining_AsAFractionOf_Exports_EconomicActivity,Percentage of exports of waters including mineral and aerated waters containing
Exports_EconomicActivity_WatersIncludingNaturalOrArtificialMineralWatersAnd,Exports of waters including natural or artificial mineral waters
Exports_EconomicActivity_WatersIncludingNaturalOrArtificialMineralWatersAnd_AsAFractionOf_Exports_EconomicActivity,Percentage of exports of waters including natural or artificial mineral waters
Exports_EconomicActivity_WaxesArtificialPrepared,Exports of waxes artificial prepared
Exports_EconomicActivity_WaxesArtificialPrepared_AsAFractionOf_Exports_EconomicActivity,Percentage of exports of waxes artificial prepared
Exports_EconomicActivity_WeavingMachinesLooms,Exports of weaving machines looms
Exports_EconomicActivity_WeavingMachinesLooms_AsAFractionOf_Exports_EconomicActivity,Percentage of exports of weaving machines looms
Exports_EconomicActivity_WeighingMachinesExcludingBalancesOfASensitivityOf,Exports of weighing machines excluding balances of asensitivity of
Exports_EconomicActivity_WeighingMachinesExcludingBalancesOfASensitivityOf_AsAFractionOf_Exports_EconomicActivity,Percentage of exports of weighing machines excluding balances of asensitivity of
Exports_EconomicActivity_WheatAndMeslin,Exports of wheat and meslin
Exports_EconomicActivity_WheatAndMeslin_AsAFractionOf_Exports_EconomicActivity,Percentage of exports of wheat and meslin
Exports_EconomicActivity_WheatGlutenWhetherOrNotDried1109,Exports of wheat gluten whether or not dried
Exports_EconomicActivity_WheatGlutenWhetherOrNotDried1109_AsAFractionOf_Exports_EconomicActivity,Percentage of exports of wheat gluten whether or not dried
Exports_EconomicActivity_WheatOrMeslinFlour1101,Exports of wheat or meslin flour
Exports_EconomicActivity_WheatOrMeslinFlour1101_AsAFractionOf_Exports_EconomicActivity,Percentage of exports of wheat or meslin flour
Exports_EconomicActivity_WheyAndProductsConsistingOfNaturalMilkConstituents,Exports of whey and products consisting of natural milk
Exports_EconomicActivity_WheyAndProductsConsistingOfNaturalMilkConstituents_AsAFractionOf_Exports_EconomicActivity,Percentage of exports of whey and products consisting of natural milk
Exports_EconomicActivity_WigsFalseBeardsEyebrowsAndEyelashesSwitchesAnd6704,Exports of wigs false beards eyebrows and eyelashes switches
Exports_EconomicActivity_WigsFalseBeardsEyebrowsAndEyelashesSwitchesAnd6704_AsAFractionOf_Exports_EconomicActivity,Percentage of exports of wigs false beards eyebrows and eyelashes switches
Exports_EconomicActivity_WineLeesArgol2307,Exports of wine lees argol
Exports_EconomicActivity_WineLeesArgol2307_AsAFractionOf_Exports_EconomicActivity,Percentage of exports of wine lees argol
Exports_EconomicActivity_WineOfFreshGrapesIncludingFortifiedWinesGrapeMust,Exports of wine of fresh grapes including fortified wines
Exports_EconomicActivity_WineOfFreshGrapesIncludingFortifiedWinesGrapeMust_AsAFractionOf_Exports_EconomicActivity,Percentage of exports of wine of fresh grapes including fortified wines
Exports_EconomicActivity_WireOfIronOrNonAlloySteel,Exports of wire of iron or non alloy steel
Exports_EconomicActivity_WireOfIronOrNonAlloySteel_AsAFractionOf_Exports_EconomicActivity,Percentage of exports of wire of iron or non alloy steel
Exports_EconomicActivity_WireOfOtherAlloySteel,Exports of wire of other alloy steel
Exports_EconomicActivity_WireOfOtherAlloySteel_AsAFractionOf_Exports_EconomicActivity,Percentage of exports of wire of other alloy steel
Exports_EconomicActivity_WiresRodsTubesPlatesElectrodesOfBaseMetalOrMet8311,Exports of wires rods tubes plates electrodes of base
Exports_EconomicActivity_WiresRodsTubesPlatesElectrodesOfBaseMetalOrMet8311_AsAFractionOf_Exports_EconomicActivity,Percentage of exports of wires rods tubes plates electrodes of base
Exports_EconomicActivity_WoodAndArticlesOfWoodWoodCharcoal,Exports of wood and articles of wood wood charcoal
Exports_EconomicActivity_WoodAndArticlesOfWoodWoodCharcoal_AsAFractionOf_Exports_EconomicActivity,Percentage of exports of wood and articles of wood wood charcoal
Exports_EconomicActivity_WoodCharcoalIncludingShellOrNutCharcoalWhetherOr,Exports of wood charcoal including shell or nut charcoal
Exports_EconomicActivity_WoodCharcoalIncludingShellOrNutCharcoalWhetherOr_AsAFractionOf_Exports_EconomicActivity,Percentage of exports of wood charcoal including shell or nut charcoal
Exports_EconomicActivity_WoodInTheRoughWhetherOrNotStrippedOfBarkOrSapw4403,Exports of wood in the rough whether or not
Exports_EconomicActivity_WoodInTheRoughWhetherOrNotStrippedOfBarkOrSapw4403_AsAFractionOf_Exports_EconomicActivity,Percentage of exports of wood in the rough whether or not
Exports_EconomicActivity_WoodIncludingStripsFriezesForParquetFlooringNot,Exports of wood including strips friezes for parquet flooring
Exports_EconomicActivity_WoodIncludingStripsFriezesForParquetFlooringNot_AsAFractionOf_Exports_EconomicActivity,Percentage of exports of wood including strips friezes for parquet flooring
Exports_EconomicActivity_WoodMarquetryAndInlaidWoodCasketsAndCasesFor4420,Exports of wood marquetry and inlaid wood caskets and
Exports_EconomicActivity_WoodMarquetryAndInlaidWoodCasketsAndCasesFor4420_AsAFractionOf_Exports_EconomicActivity,Percentage of exports of wood marquetry and inlaid wood caskets and
Exports_EconomicActivity_WoodPulpMechanicalWoodPulp4701,Exports of wood pulp mechanical wood pulp
Exports_EconomicActivity_WoodPulpMechanicalWoodPulp4701_AsAFractionOf_Exports_EconomicActivity,Percentage of exports of wood pulp mechanical wood pulp
Exports_EconomicActivity_WoodPulpObtainedByACombinationOfMechanicalAnd4705,Exports of wood pulp obtained by acombination of mechanical
Exports_EconomicActivity_WoodPulpObtainedByACombinationOfMechanicalAnd4705_AsAFractionOf_Exports_EconomicActivity,Percentage of exports of wood pulp obtained by acombination of mechanical
Exports_EconomicActivity_WoodSawnOrChippedLengthwiseSlicedOrPeeledWhetherOr,Exports of wood sawn or chipped lengthwise sliced or
Exports_EconomicActivity_WoodSawnOrChippedLengthwiseSlicedOrPeeledWhetherOr_AsAFractionOf_Exports_EconomicActivity,Percentage of exports of wood sawn or chipped lengthwise sliced or
Exports_EconomicActivity_WoodTarWoodTarOilsWoodCreosoteWoodNaphthaVeget3807,Exports of wood tar wood tar oils wood creosote
Exports_EconomicActivity_WoodTarWoodTarOilsWoodCreosoteWoodNaphthaVeget3807_AsAFractionOf_Exports_EconomicActivity,Percentage of exports of wood tar wood tar oils wood creosote
Exports_EconomicActivity_WoodWoolWoodFlour4405,Exports of wood wool wood flour
Exports_EconomicActivity_WoodWoolWoodFlour4405_AsAFractionOf_Exports_EconomicActivity,Percentage of exports of wood wool wood flour
Exports_EconomicActivity_WoodenArticlesNECInHeadingNo4414To4420,Exports of wooden articles necin heading no4414to
Exports_EconomicActivity_WoodenArticlesNECInHeadingNo4414To4420_AsAFractionOf_Exports_EconomicActivity,Percentage of exports of wooden articles necin heading no4414to
Exports_EconomicActivity_WoodenFramesForPaintingsPhotographsMirrorsOr4414,Exports of wooden frames for paintings photographs mirrors or
Exports_EconomicActivity_WoodenFramesForPaintingsPhotographsMirrorsOr4414_AsAFractionOf_Exports_EconomicActivity,Percentage of exports of wooden frames for paintings photographs mirrors or
Exports_EconomicActivity_WoolAndFineOrCoarseAnimalHairCardedOrCombed,Exports of wool and fine or coarse animal hair
Exports_EconomicActivity_WoolAndFineOrCoarseAnimalHairCardedOrCombed_AsAFractionOf_Exports_EconomicActivity,Percentage of exports of wool and fine or coarse animal hair
Exports_EconomicActivity_WoolFineOrCoarseAnimalHairHorsehairYarnAndWoven,Exports of wool fine or coarse animal hair horsehair
Exports_EconomicActivity_WoolFineOrCoarseAnimalHairHorsehairYarnAndWoven_AsAFractionOf_Exports_EconomicActivity,Percentage of exports of wool fine or coarse animal hair horsehair
Exports_EconomicActivity_WoolGreaseAndFattySubstancesDerivedTherefrom1505,Exports of wool grease and fatty substances derived therefrom
Exports_EconomicActivity_WoolGreaseAndFattySubstancesDerivedTherefrom1505_AsAFractionOf_Exports_EconomicActivity,Percentage of exports of wool grease and fatty substances derived therefrom
Exports_EconomicActivity_WoolNotCardedOrCombed,Exports of wool not carded or combed
Exports_EconomicActivity_WoolNotCardedOrCombed_AsAFractionOf_Exports_EconomicActivity,Percentage of exports of wool not carded or combed
Exports_EconomicActivity_WoolOrFineOrCoarseAnimalHairGarnettedStock,Exports of wool or fine or coarse animal hair
Exports_EconomicActivity_WoolOrFineOrCoarseAnimalHairGarnettedStock_AsAFractionOf_Exports_EconomicActivity,Percentage of exports of wool or fine or coarse animal hair
Exports_EconomicActivity_WorksOfArtCollectorsPiecesAndAntiques,Exports of works of art collectors pieces and antiques
Exports_EconomicActivity_WorksOfArtCollectorsPiecesAndAntiques_AsAFractionOf_Exports_EconomicActivity,Percentage of exports of works of art collectors pieces and antiques
Exports_EconomicActivity_WorksTrucksSelfPropelledNotFittedWithLiftingOr,Exports of works trucks self propelled not fitted with
Exports_EconomicActivity_WorksTrucksSelfPropelledNotFittedWithLiftingOr_AsAFractionOf_Exports_EconomicActivity,Percentage of exports of works trucks self propelled not fitted with
Exports_EconomicActivity_WovenFabricsOfArtificialFilamentYarnIncludingWoven,Exports of woven fabrics of artificial filament yarn including
Exports_EconomicActivity_WovenFabricsOfArtificialFilamentYarnIncludingWoven_AsAFractionOf_Exports_EconomicActivity,Percentage of exports of woven fabrics of artificial filament yarn including
Exports_EconomicActivity_WovenFabricsOfArtificialStapleFibres,Exports of woven fabrics of artificial staple fibres
Exports_EconomicActivity_WovenFabricsOfArtificialStapleFibres_AsAFractionOf_Exports_EconomicActivity,Percentage of exports of woven fabrics of artificial staple fibres
Exports_EconomicActivity_WovenFabricsOfCardedWoolOrOfCardedFineAnimalHair,Exports of woven fabrics of carded wool or of
Exports_EconomicActivity_WovenFabricsOfCardedWoolOrOfCardedFineAnimalHair_AsAFractionOf_Exports_EconomicActivity,Percentage of exports of woven fabrics of carded wool or of
Exports_EconomicActivity_WovenFabricsOfCoarseAnimalHairOrOfHorsehair,Exports of woven fabrics of coarse animal hair or
Exports_EconomicActivity_WovenFabricsOfCoarseAnimalHairOrOfHorsehair_AsAFractionOf_Exports_EconomicActivity,Percentage of exports of woven fabrics of coarse animal hair or
Exports_EconomicActivity_WovenFabricsOfCombedWoolOrOfCombedFineAnimalHair,Exports of woven fabrics of combed wool or of
Exports_EconomicActivity_WovenFabricsOfCombedWoolOrOfCombedFineAnimalHair_AsAFractionOf_Exports_EconomicActivity,Percentage of exports of woven fabrics of combed wool or of
Exports_EconomicActivity_WovenFabricsOfCottonContaining85OrMoreByWeight5208,Exports of woven fabrics of cotton containing85or more by
Exports_EconomicActivity_WovenFabricsOfCottonContaining85OrMoreByWeight5208_AsAFractionOf_Exports_EconomicActivity,Percentage of exports of woven fabrics of cotton containing85or more by
Exports_EconomicActivity_WovenFabricsOfCottonContaining85OrMoreByWeight5209,Exports of woven fabrics of cotton containing85or more by
Exports_EconomicActivity_WovenFabricsOfCottonContaining85OrMoreByWeight5209_AsAFractionOf_Exports_EconomicActivity,Percentage of exports of woven fabrics of cotton containing85or more by
Exports_EconomicActivity_WovenFabricsOfCottonContainingLessThan85ByWeig5210,Exports of woven fabrics of cotton containing less than85by
Exports_EconomicActivity_WovenFabricsOfCottonContainingLessThan85ByWeig5210_AsAFractionOf_Exports_EconomicActivity,Percentage of exports of woven fabrics of cotton containing less than85by
Exports_EconomicActivity_WovenFabricsOfCottonContainingLessThan85ByWeig5211,Exports of woven fabrics of cotton containing less than85by
Exports_EconomicActivity_WovenFabricsOfCottonContainingLessThan85ByWeig5211_AsAFractionOf_Exports_EconomicActivity,Percentage of exports of woven fabrics of cotton containing less than85by
Exports_EconomicActivity_WovenFabricsOfFlax,Exports of woven fabrics of flax
Exports_EconomicActivity_WovenFabricsOfFlax_AsAFractionOf_Exports_EconomicActivity,Percentage of exports of woven fabrics of flax
Exports_EconomicActivity_WovenFabricsOfJuteOtherTextileBastFibresOfHeading,Exports of woven fabrics of jute other textile bast
Exports_EconomicActivity_WovenFabricsOfJuteOtherTextileBastFibresOfHeading_AsAFractionOf_Exports_EconomicActivity,Percentage of exports of woven fabrics of jute other textile bast
Exports_EconomicActivity_WovenFabricsOfOtherVegetableTextileFibresWoven,Exports of woven fabrics of other vegetable textile fibres
Exports_EconomicActivity_WovenFabricsOfOtherVegetableTextileFibresWoven_AsAFractionOf_Exports_EconomicActivity,Percentage of exports of woven fabrics of other vegetable textile fibres
Exports_EconomicActivity_WovenFabricsOfSilkOrOfSilkWaste,Exports of woven fabrics of silk or of silk
Exports_EconomicActivity_WovenFabricsOfSilkOrOfSilkWaste_AsAFractionOf_Exports_EconomicActivity,Percentage of exports of woven fabrics of silk or of silk
Exports_EconomicActivity_WovenFabricsOfSyntheticFilamentYarnIncludingWoven,Exports of woven fabrics of synthetic filament yarn including
Exports_EconomicActivity_WovenFabricsOfSyntheticFilamentYarnIncludingWoven_AsAFractionOf_Exports_EconomicActivity,Percentage of exports of woven fabrics of synthetic filament yarn including
Exports_EconomicActivity_WovenFabricsOfSyntheticStapleFibresContaining85Or,Exports of woven fabrics of synthetic staple fibres containing85or
Exports_EconomicActivity_WovenFabricsOfSyntheticStapleFibresContaining85Or_AsAFractionOf_Exports_EconomicActivity,Percentage of exports of woven fabrics of synthetic staple fibres containing85or
Exports_EconomicActivity_WovenFabricsOfSyntheticStapleFibresContainingL5513,Exports of woven fabrics of synthetic staple fibres containing
Exports_EconomicActivity_WovenFabricsOfSyntheticStapleFibresContainingL5513_AsAFractionOf_Exports_EconomicActivity,Percentage of exports of woven fabrics of synthetic staple fibres containing
Exports_EconomicActivity_WovenFabricsOfSyntheticStapleFibresContainingL5514,Exports of woven fabrics of synthetic staple fibres containing
Exports_EconomicActivity_WovenFabricsOfSyntheticStapleFibresContainingL5514_AsAFractionOf_Exports_EconomicActivity,Percentage of exports of woven fabrics of synthetic staple fibres containing
Exports_EconomicActivity_WovenFabricsOfSyntheticStapleFibresNECInChapter55,Exports of woven fabrics of synthetic staple fibres necin
Exports_EconomicActivity_WovenFabricsOfSyntheticStapleFibresNECInChapter55_AsAFractionOf_Exports_EconomicActivity,Percentage of exports of woven fabrics of synthetic staple fibres necin
Exports_EconomicActivity_WristWatchesPocketWatchesStopWatchesAndOther9101,Exports of wrist watches pocket watches stop watches and
Exports_EconomicActivity_WristWatchesPocketWatchesStopWatchesAndOther9101_AsAFractionOf_Exports_EconomicActivity,Percentage of exports of wrist watches pocket watches stop watches and
Exports_EconomicActivity_WristWatchesPocketWatchesStopWatchesAndOther9102,Exports of wrist watches pocket watches stop watches and
Exports_EconomicActivity_WristWatchesPocketWatchesStopWatchesAndOther9102_AsAFractionOf_Exports_EconomicActivity,Percentage of exports of wrist watches pocket watches stop watches and
Exports_EconomicActivity_YachtsAndOtherVesselsForPleasureOrSportsRowing,Exports of yachts and other vessels for pleasure or
Exports_EconomicActivity_YachtsAndOtherVesselsForPleasureOrSportsRowing_AsAFractionOf_Exports_EconomicActivity,Percentage of exports of yachts and other vessels for pleasure or
Exports_EconomicActivity_YarnAndStripAndTheLikeOfHeadingNo5404Or5405Gim5606,Exports of yarn and strip and the like of
Exports_EconomicActivity_YarnAndStripAndTheLikeOfHeadingNo5404Or5405Gim5606_AsAFractionOf_Exports_EconomicActivity,Percentage of exports of yarn and strip and the like of
Exports_EconomicActivity_YarnMetallisedWhetherOrNotGimpedOfTextileYarnO5605,Exports of yarn metallised whether or not gimped of
Exports_EconomicActivity_YarnMetallisedWhetherOrNotGimpedOfTextileYarnO5605_AsAFractionOf_Exports_EconomicActivity,Percentage of exports of yarn metallised whether or not gimped of
Exports_EconomicActivity_YarnNotSewingThreadOfManMadeStapleFibresPutUpFor,Exports of yarn not sewing thread of man made
Exports_EconomicActivity_YarnNotSewingThreadOfManMadeStapleFibresPutUpFor_AsAFractionOf_Exports_EconomicActivity,Percentage of exports of yarn not sewing thread of man made
Exports_EconomicActivity_YarnOfCardedWoolNotPutUpForRetailSale,Exports of yarn of carded wool not put up
Exports_EconomicActivity_YarnOfCardedWoolNotPutUpForRetailSale_AsAFractionOf_Exports_EconomicActivity,Percentage of exports of yarn of carded wool not put up
Exports_EconomicActivity_YarnOfCoarseAnimalHairOrOfHorsehairIncludingGi5110,Exports of yarn of coarse animal hair or of
Exports_EconomicActivity_YarnOfCoarseAnimalHairOrOfHorsehairIncludingGi5110_AsAFractionOf_Exports_EconomicActivity,Percentage of exports of yarn of coarse animal hair or of
Exports_EconomicActivity_YarnOfCombedWoolNotPutUpForRetailSale,Exports of yarn of combed wool not put up
Exports_EconomicActivity_YarnOfCombedWoolNotPutUpForRetailSale_AsAFractionOf_Exports_EconomicActivity,Percentage of exports of yarn of combed wool not put up
Exports_EconomicActivity_YarnOfFineAnimalHairCardedOrCombedNotPutUpFor,Exports of yarn of fine animal hair carded or
Exports_EconomicActivity_YarnOfFineAnimalHairCardedOrCombedNotPutUpFor_AsAFractionOf_Exports_EconomicActivity,Percentage of exports of yarn of fine animal hair carded or
Exports_EconomicActivity_YarnOfJuteOrOfOtherTextileBastFibresOfHeadingNo,Exports of yarn of jute or of other textile
Exports_EconomicActivity_YarnOfJuteOrOfOtherTextileBastFibresOfHeadingNo_AsAFractionOf_Exports_EconomicActivity,Percentage of exports of yarn of jute or of other textile
Exports_EconomicActivity_YarnOfOtherVegetableTextileFibresPaperYarn,Exports of yarn of other vegetable textile fibres paper
Exports_EconomicActivity_YarnOfOtherVegetableTextileFibresPaperYarn_AsAFractionOf_Exports_EconomicActivity,Percentage of exports of yarn of other vegetable textile fibres paper
Exports_EconomicActivity_YarnOfWoolOrOfFineAnimalHairPutUpForRetailSale,Exports of yarn of wool or of fine animal
Exports_EconomicActivity_YarnOfWoolOrOfFineAnimalHairPutUpForRetailSale_AsAFractionOf_Exports_EconomicActivity,Percentage of exports of yarn of wool or of fine animal
Exports_EconomicActivity_YarnOtherThanSewingThreadOfArtificialStapleFibres,Exports of yarn other than sewing thread of artificial
Exports_EconomicActivity_YarnOtherThanSewingThreadOfArtificialStapleFibres_AsAFractionOf_Exports_EconomicActivity,Percentage of exports of yarn other than sewing thread of artificial
Exports_EconomicActivity_YarnOtherThanSewingThreadOfSyntheticStapleFibres,Exports of yarn other than sewing thread of synthetic
Exports_EconomicActivity_YarnOtherThanSewingThreadOfSyntheticStapleFibres_AsAFractionOf_Exports_EconomicActivity,Percentage of exports of yarn other than sewing thread of synthetic
Exports_EconomicActivity_YarnSpunFromSilkWasteNotPutUpForRetailSale,Exports of yarn spun from silk waste not put
Exports_EconomicActivity_YarnSpunFromSilkWasteNotPutUpForRetailSale_AsAFractionOf_Exports_EconomicActivity,Percentage of exports of yarn spun from silk waste not put
Exports_EconomicActivity_YeastsActiveOrInactiveOtherSingleCellMicro,Exports of yeasts active or inactive other single cell
Exports_EconomicActivity_YeastsActiveOrInactiveOtherSingleCellMicro_AsAFractionOf_Exports_EconomicActivity,Percentage of exports of yeasts active or inactive other single cell
Exports_EconomicActivity_YogurtButtermilkCurdledMilkAndCreamKephirAndOther,Exports of yogurt buttermilk curdled milk and cream kephir
Exports_EconomicActivity_YogurtButtermilkCurdledMilkAndCreamKephirAndOther_AsAFractionOf_Exports_EconomicActivity,Percentage of exports of yogurt buttermilk curdled milk and cream kephir
Exports_EconomicActivity_ZincAndArticlesThereof,Exports of zinc and articles thereof
Exports_EconomicActivity_ZincAndArticlesThereof_AsAFractionOf_Exports_EconomicActivity,Percentage of exports of zinc and articles thereof
Exports_EconomicActivity_ZincArticlesNECInChapter797907,Exports of zinc articles necin chapter
Exports_EconomicActivity_ZincArticlesNECInChapter797907_AsAFractionOf_Exports_EconomicActivity,Percentage of exports of zinc articles necin chapter
Exports_EconomicActivity_ZincBarsRodsProfilesAndWire7904,Exports of zinc bars rods profiles and wire
Exports_EconomicActivity_ZincBarsRodsProfilesAndWire7904_AsAFractionOf_Exports_EconomicActivity,Percentage of exports of zinc bars rods profiles and wire
Exports_EconomicActivity_ZincDustPowdersAndFlakes,Exports of zinc dust powders and flakes
Exports_EconomicActivity_ZincDustPowdersAndFlakes_AsAFractionOf_Exports_EconomicActivity,Percentage of exports of zinc dust powders and flakes
Exports_EconomicActivity_ZincOresAndConcentrates2608,Exports of zinc ores and concentrates
Exports_EconomicActivity_ZincOresAndConcentrates2608_AsAFractionOf_Exports_EconomicActivity,Percentage of exports of zinc ores and concentrates
Exports_EconomicActivity_ZincOxideAndPeroxide2817,Exports of zinc oxide and peroxide
Exports_EconomicActivity_ZincOxideAndPeroxide2817_AsAFractionOf_Exports_EconomicActivity,Percentage of exports of zinc oxide and peroxide
Exports_EconomicActivity_ZincPlatesSheetsStripAndFoil7905,Exports of zinc plates sheets strip and foil
Exports_EconomicActivity_ZincPlatesSheetsStripAndFoil7905_AsAFractionOf_Exports_EconomicActivity,Percentage of exports of zinc plates sheets strip and foil
Exports_EconomicActivity_ZincUnwrought,Exports of zinc unwrought
Exports_EconomicActivity_ZincUnwrought_AsAFractionOf_Exports_EconomicActivity,Percentage of exports of zinc unwrought
Exports_EconomicActivity_ZincWasteAndScrap7902,Exports of zinc waste and scrap
Exports_EconomicActivity_ZincWasteAndScrap7902_AsAFractionOf_Exports_EconomicActivity,Percentage of exports of zinc waste and scrap
Exports_EconomicActivity_ZirconiumArticlesThereofIncludingWasteAndScrap,Exports of zirconium articles thereof including waste and scrap
Exports_EconomicActivity_ZirconiumArticlesThereofIncludingWasteAndScrap_AsAFractionOf_Exports_EconomicActivity,Percentage of exports of zirconium articles thereof including waste and scrap
GrowthRate_Exports_EconomicActivity_AbrasivePowderOrGrainNaturalOrArtificialOnABas6805,Growth Rate Exports Economic Activity: Traded Commodity Hscode/ 68 05
GrowthRate_Exports_EconomicActivity_AcetalsAndHemiacetalsWhetherOrNotWithOtherOxyg2911,Growth Rate Exports Economic Activity: Traded Commodity Hscode/ 29 11
GrowthRate_Exports_EconomicActivity_AcidsCarboxylicAcidWithAdditionalOxygenFunctionAnd,Growth Rate Exports Economic Activity: Traded Commodity Hscode/ 29 18
GrowthRate_Exports_EconomicActivity_AcidsPolycarboxylicAcidsTheirAnhydridesHalides,Growth Rate Exports Economic Activity: Traded Commodity Hscode/ 29 17
GrowthRate_Exports_EconomicActivity_AcidsSaturatedAcyclicMonocarboxylicAcidsAndTheir,Growth Rate Exports Economic Activity: Traded Commodity Hscode/ 29 15
GrowthRate_Exports_EconomicActivity_AcidsUnsaturatedAcyclicMonocarboxylicCyclic2916,Growth Rate Exports Economic Activity: Traded Commodity Hscode/ 29 16
GrowthRate_Exports_EconomicActivity_AcrylicPolymersInPrimaryForms,Growth Rate Exports Economic Activity: Traded Commodity Hscode/ 39 06
GrowthRate_Exports_EconomicActivity_ActivatedCarbonActivatedNaturalMineralProducts,Growth Rate Exports Economic Activity: Traded Commodity Hscode/ 38 02
GrowthRate_Exports_EconomicActivity_AcyclicAlcoholsAndTheirHalogenatedSulphonated,Growth Rate Exports Economic Activity: Traded Commodity Hscode/ 29 05
GrowthRate_Exports_EconomicActivity_AcyclicHydrocarbons,Growth Rate Exports Economic Activity: Traded Commodity Hscode/ 29 01
GrowthRate_Exports_EconomicActivity_AgglomeratedCorkWithOrWithoutABindingSubstanceAnd,Growth Rate Exports Economic Activity: Traded Commodity Hscode/ 45 04
GrowthRate_Exports_EconomicActivity_AgriculturalHorticulturalForestryPoultryKeepingBee,Growth Rate Exports Economic Activity: Traded Commodity Hscode/ 84 36
GrowthRate_Exports_EconomicActivity_AgriculturalHorticulturalOrForestryMachineryFor,Growth Rate Exports Economic Activity: Traded Commodity Hscode/ 84 32
GrowthRate_Exports_EconomicActivity_AirConditioningMachinesComprisingAMotorDrivenF8415,Growth Rate Exports Economic Activity: Traded Commodity Hscode/ 84 15
GrowthRate_Exports_EconomicActivity_AirOrVacuumPumpsAirOrOtherGasCompressorsAndFans,Growth Rate Exports Economic Activity: Traded Commodity Hscode/ 84 14
GrowthRate_Exports_EconomicActivity_AircraftLaunchingGearDeckArrestorOrSimilarGear,Growth Rate Exports Economic Activity: Traded Commodity Hscode/ 88 05
GrowthRate_Exports_EconomicActivity_AircraftNECInHeadingNo8801ExceptUnmannedAircraftOf,Growth Rate Exports Economic Activity: Traded Commodity Hscode/ 88 02
GrowthRate_Exports_EconomicActivity_AircraftPartsOfGoodsOfHeading88018802Or8806,Growth Rate Exports Economic Activity: Traded Commodity Hscode/ 88 07
GrowthRate_Exports_EconomicActivity_AircraftSpacecraftAndPartsThereof,Growth Rate Exports Economic Activity: Traded Commodity Hscode/ 88
GrowthRate_Exports_EconomicActivity_AlbuminoidalSubstancesModifiedStarchesGluesEnzymes,Growth Rate Exports Economic Activity: Traded Commodity Hscode/ 35
GrowthRate_Exports_EconomicActivity_AlbuminsIncludingConcentratesOfTwoOrMoreWhey,Growth Rate Exports Economic Activity: Traded Commodity Hscode/ 35 02
GrowthRate_Exports_EconomicActivity_AlcoholsCyclicAndTheirHalogenatedSulphonated,Growth Rate Exports Economic Activity: Traded Commodity Hscode/ 29 06
GrowthRate_Exports_EconomicActivity_AldehydesHalogenatedSulphonatedNitratedOr2913,Growth Rate Exports Economic Activity: Traded Commodity Hscode/ 29 13
GrowthRate_Exports_EconomicActivity_AldehydesWhetherOrNotWithOtherOxygenFunctionCyclic,Growth Rate Exports Economic Activity: Traded Commodity Hscode/ 29 12
GrowthRate_Exports_EconomicActivity_AlkaliOrAlkalineEarthMetalsRareEarthMetalsScandium,Growth Rate Exports Economic Activity: Traded Commodity Hscode/ 28 05
GrowthRate_Exports_EconomicActivity_AlkaloidsNaturalOrReproducedBySynthesisAndThei2939,Growth Rate Exports Economic Activity: Traded Commodity Hscode/ 29 39
GrowthRate_Exports_EconomicActivity_AllGoodsOriginatingInOrExportedFromTheIslamic9806,Growth Rate Exports Economic Activity: Traded Commodity Hscode/ 98 06
GrowthRate_Exports_EconomicActivity_AlloySteelBarsRodsShapesAndSectionsHollowDrillBars,Growth Rate Exports Economic Activity: Traded Commodity Hscode/ 72 28
GrowthRate_Exports_EconomicActivity_AlloySteelFlatRolledProductsOfAWidth600mmOrMore,Growth Rate Exports Economic Activity: Traded Commodity Hscode/ 72 25
GrowthRate_Exports_EconomicActivity_AlloySteelFlatRolledProductsOfAWidthOfLessThan,Growth Rate Exports Economic Activity: Traded Commodity Hscode/ 72 26
GrowthRate_Exports_EconomicActivity_AlloySteelInIngotsOrOtherPrimaryFormsSemiFinished,Growth Rate Exports Economic Activity: Traded Commodity Hscode/ 72 24
GrowthRate_Exports_EconomicActivity_AluminiumAndArticlesThereof,Growth Rate Exports Economic Activity: Traded Commodity Hscode/ 76
GrowthRate_Exports_EconomicActivity_AluminiumArticlesNECInChapter76,Growth Rate Exports Economic Activity: Traded Commodity Hscode/ 76 16
GrowthRate_Exports_EconomicActivity_AluminiumBarsRodsAndProfiles,Growth Rate Exports Economic Activity: Traded Commodity Hscode/ 76 04
GrowthRate_Exports_EconomicActivity_AluminiumCasksDrumsCansBoxesEtcIncludingRigid,Growth Rate Exports Economic Activity: Traded Commodity Hscode/ 76 12
GrowthRate_Exports_EconomicActivity_AluminiumContainersForCompressedOrLiquefiedGas7613,Growth Rate Exports Economic Activity: Traded Commodity Hscode/ 76 13
GrowthRate_Exports_EconomicActivity_AluminiumFoilWhetherOrNotPrintedOrBackedWithPaper,Growth Rate Exports Economic Activity: Traded Commodity Hscode/ 76 07
GrowthRate_Exports_EconomicActivity_AluminiumOresAndConcentrates2606,Growth Rate Exports Economic Activity: Traded Commodity Hscode/ 26 06
GrowthRate_Exports_EconomicActivity_AluminiumOxideIncludingArtificialCorundumAluminium,Growth Rate Exports Economic Activity: Traded Commodity Hscode/ 28 18
GrowthRate_Exports_EconomicActivity_AluminiumPlatesSheetsAndStripThicknessExceedin7606,Growth Rate Exports Economic Activity: Traded Commodity Hscode/ 76 06
GrowthRate_Exports_EconomicActivity_AluminiumPowdersAndFlakes,Growth Rate Exports Economic Activity: Traded Commodity Hscode/ 76 03
GrowthRate_Exports_EconomicActivity_AluminiumReservoirsTanksVatsAndTheLikeForMaterial,Growth Rate Exports Economic Activity: Traded Commodity Hscode/ 76 11
GrowthRate_Exports_EconomicActivity_AluminiumStrandedWireCablesPlaitedBandsAndTheL7614,Growth Rate Exports Economic Activity: Traded Commodity Hscode/ 76 14
GrowthRate_Exports_EconomicActivity_AluminiumStructuresExcludingPrefabricatedBuild7610,Growth Rate Exports Economic Activity: Traded Commodity Hscode/ 76 10
GrowthRate_Exports_EconomicActivity_AluminiumTableKitchenOrOtherHouseholdArticlesA7615,Growth Rate Exports Economic Activity: Traded Commodity Hscode/ 76 15
GrowthRate_Exports_EconomicActivity_AluminiumTubeOrPipeFittingsEGCouplingsElbows7609,Growth Rate Exports Economic Activity: Traded Commodity Hscode/ 76 09
GrowthRate_Exports_EconomicActivity_AluminiumTubesAndPipes,Growth Rate Exports Economic Activity: Traded Commodity Hscode/ 76 08
GrowthRate_Exports_EconomicActivity_AluminiumUnwrought,Growth Rate Exports Economic Activity: Traded Commodity Hscode/ 76 01
GrowthRate_Exports_EconomicActivity_AluminiumWasteAndScrap7602,Growth Rate Exports Economic Activity: Traded Commodity Hscode/ 76 02
GrowthRate_Exports_EconomicActivity_AluminiumWire,Growth Rate Exports Economic Activity: Traded Commodity Hscode/ 76 05
GrowthRate_Exports_EconomicActivity_AmbergrisCastoreumCivetAndMuskCantharidesBileDried,Growth Rate Exports Economic Activity: Traded Commodity Hscode/ 05 10
GrowthRate_Exports_EconomicActivity_AmineFunctionCompounds,Growth Rate Exports Economic Activity: Traded Commodity Hscode/ 29 21
GrowthRate_Exports_EconomicActivity_AminoResinsPhenolicResinsAndPolyurethanesInPrimary,Growth Rate Exports Economic Activity: Traded Commodity Hscode/ 39 09
GrowthRate_Exports_EconomicActivity_AmmoniaAnhydrousOrInAqueousSolution,Growth Rate Exports Economic Activity: Traded Commodity Hscode/ 28 14
GrowthRate_Exports_EconomicActivity_AnchorsGrapnelsAndPartsThereofOfIronOrSteel,Growth Rate Exports Economic Activity: Traded Commodity Hscode/ 73 16
GrowthRate_Exports_EconomicActivity_AnimalFatsAndOilsAndTheirFractionsWhetherOrNot1506,Growth Rate Exports Economic Activity: Traded Commodity Hscode/ 15 06
GrowthRate_Exports_EconomicActivity_AnimalOriginatedProductsNotElsewhereSpecifiedOr,Growth Rate Exports Economic Activity: Traded Commodity Hscode/ 05
GrowthRate_Exports_EconomicActivity_AnimalProductsInsectsAndOtherEdibleProductsOf,Growth Rate Exports Economic Activity: Traded Commodity Hscode/ 04 10
GrowthRate_Exports_EconomicActivity_AnimalProductsNotElsewhereSpecifiedOrIncludedDead,Growth Rate Exports Economic Activity: Traded Commodity Hscode/ 05 11
GrowthRate_Exports_EconomicActivity_AnimalVegetableOrMicrobialFatsAndOilsAndTheir15,Growth Rate Exports Economic Activity: Traded Commodity Hscode/ 15
GrowthRate_Exports_EconomicActivity_AnimalVegetableOrMicrobialFatsAndOilsAndTheir1516,Growth Rate Exports Economic Activity: Traded Commodity Hscode/ 15 16
GrowthRate_Exports_EconomicActivity_AnimalVegetableOrMicrobialFatsOilsAndTheir1518,Growth Rate Exports Economic Activity: Traded Commodity Hscode/ 15 18
GrowthRate_Exports_EconomicActivity_AnimalsLive,Growth Rate Exports Economic Activity: Traded Commodity Hscode/ 01
GrowthRate_Exports_EconomicActivity_AnimalsLiveNECInChapter01,Growth Rate Exports Economic Activity: Traded Commodity Hscode/ 01 06
GrowthRate_Exports_EconomicActivity_AntiFreezingPreparationsAndPreparedDeIcingFlui3820,Growth Rate Exports Economic Activity: Traded Commodity Hscode/ 38 20
GrowthRate_Exports_EconomicActivity_AntiKnockPreparationsOxidationAndGumInhibitors,Growth Rate Exports Economic Activity: Traded Commodity Hscode/ 38 11
GrowthRate_Exports_EconomicActivity_Antibiotics,Growth Rate Exports Economic Activity: Traded Commodity Hscode/ 29 41
GrowthRate_Exports_EconomicActivity_AntimonyArticlesThereofIncludingWasteAndScrap,Growth Rate Exports Economic Activity: Traded Commodity Hscode/ 81 10
GrowthRate_Exports_EconomicActivity_AntiquesOfAnAgeExceedingOneHundredYears,Growth Rate Exports Economic Activity: Traded Commodity Hscode/ 97 06
GrowthRate_Exports_EconomicActivity_ApparatusBasedOnTheUseOfXRaysOrOfAlphaBetaGammaOr,Growth Rate Exports Economic Activity: Traded Commodity Hscode/ 90 22
GrowthRate_Exports_EconomicActivity_ApparelAndClothingAccessoriesKnittedOrCrocheted,Growth Rate Exports Economic Activity: Traded Commodity Hscode/ 61
GrowthRate_Exports_EconomicActivity_ApparelAndClothingAccessoriesNotKnittedOrCrocheted,Growth Rate Exports Economic Activity: Traded Commodity Hscode/ 62
GrowthRate_Exports_EconomicActivity_ApplesPearsAndQuincesFresh,Growth Rate Exports Economic Activity: Traded Commodity Hscode/ 08 08
GrowthRate_Exports_EconomicActivity_ApricotsCherriesPeachesIncludingNectarinesPlumsAnd,Growth Rate Exports Economic Activity: Traded Commodity Hscode/ 08 09
GrowthRate_Exports_EconomicActivity_AquaticInvertebratesOtherThanCrustaceansAnd,Growth Rate Exports Economic Activity: Traded Commodity Hscode/ 03 08
GrowthRate_Exports_EconomicActivity_ArmsAndAmmunitionPartsAndAccessoriesThereof,Growth Rate Exports Economic Activity: Traded Commodity Hscode/ 93
GrowthRate_Exports_EconomicActivity_ArmsSwordsCutlassesBayonetsLancesAndTheLikePar9307,Growth Rate Exports Economic Activity: Traded Commodity Hscode/ 93 07
GrowthRate_Exports_EconomicActivity_ArticlesOfApparelAndClothingAccessoriesIncluding,Growth Rate Exports Economic Activity: Traded Commodity Hscode/ 40 15
GrowthRate_Exports_EconomicActivity_ArticlesOfApparelAndClothingAccessoriesOfLeatherOr,Growth Rate Exports Economic Activity: Traded Commodity Hscode/ 42 03
GrowthRate_Exports_EconomicActivity_ArticlesOfApparelClothingAccessoriesAndOther,Growth Rate Exports Economic Activity: Traded Commodity Hscode/ 43 03
GrowthRate_Exports_EconomicActivity_ArticlesOfGoldsmithsOrSilversmithsWaresAndParts,Growth Rate Exports Economic Activity: Traded Commodity Hscode/ 71 14
GrowthRate_Exports_EconomicActivity_ArticlesOfGutOtherThanSilkWormGutOfGoldbeaters4206,Growth Rate Exports Economic Activity: Traded Commodity Hscode/ 42 06
GrowthRate_Exports_EconomicActivity_ArticlesOfLeatherSaddleryAndHarnessTravelGoods,Growth Rate Exports Economic Activity: Traded Commodity Hscode/ 42
GrowthRate_Exports_EconomicActivity_ArticlesOfNaturalOrCulturedPearlsPreciousOrSemi,Growth Rate Exports Economic Activity: Traded Commodity Hscode/ 71 16
GrowthRate_Exports_EconomicActivity_ArticlesOfPlasticsAndArticlesOfOtherMaterialsOf,Growth Rate Exports Economic Activity: Traded Commodity Hscode/ 39 26
GrowthRate_Exports_EconomicActivity_ArticlesOfPreciousMetalOrOfMetalCladWithPrecious,Growth Rate Exports Economic Activity: Traded Commodity Hscode/ 71 15
GrowthRate_Exports_EconomicActivity_ArticlesOfVulcanisedRubberOtherThanHardRubberNECIn,Growth Rate Exports Economic Activity: Traded Commodity Hscode/ 40 16
GrowthRate_Exports_EconomicActivity_ArticlesOfYarnStripOrTheLikeOfHeadingNo5404Or5405,Growth Rate Exports Economic Activity: Traded Commodity Hscode/ 56 09
GrowthRate_Exports_EconomicActivity_ArtificialFilamentTow,Growth Rate Exports Economic Activity: Traded Commodity Hscode/ 55 02
GrowthRate_Exports_EconomicActivity_ArtificialFilamentYarnOtherThanSewingThreadNotPut,Growth Rate Exports Economic Activity: Traded Commodity Hscode/ 54 03
GrowthRate_Exports_EconomicActivity_ArtificialFurAndArticlesThereof,Growth Rate Exports Economic Activity: Traded Commodity Hscode/ 43 04
GrowthRate_Exports_EconomicActivity_ArtificialGraphiteColloidalOrSemiColloidalGraphite,Growth Rate Exports Economic Activity: Traded Commodity Hscode/ 38 01
GrowthRate_Exports_EconomicActivity_ArtificialMonofilamentOf67DecitexOrMoreNoCross,Growth Rate Exports Economic Activity: Traded Commodity Hscode/ 54 05
GrowthRate_Exports_EconomicActivity_ArtificialStapleFibresCardedCombedOrOtherwise,Growth Rate Exports Economic Activity: Traded Commodity Hscode/ 55 07
GrowthRate_Exports_EconomicActivity_ArtificialStapleFibresNotCardedCombedOrOtherwise,Growth Rate Exports Economic Activity: Traded Commodity Hscode/ 55 04
GrowthRate_Exports_EconomicActivity_Asbestos,Growth Rate Exports Economic Activity: Traded Commodity Hscode/ 25 24
GrowthRate_Exports_EconomicActivity_AsbestosCementOfCelluloseFibreCementOrTheLike,Growth Rate Exports Economic Activity: Traded Commodity Hscode/ 68 11
GrowthRate_Exports_EconomicActivity_AsphaltOrSimilarMaterialArticlesEGPetroleumBit6807,Growth Rate Exports Economic Activity: Traded Commodity Hscode/ 68 07
GrowthRate_Exports_EconomicActivity_AutomaticDataProcessingMachinesAndUnitsThereof,Growth Rate Exports Economic Activity: Traded Commodity Hscode/ 84 71
GrowthRate_Exports_EconomicActivity_AutomaticGoodsVendingMachinesEGPostageStamp,Growth Rate Exports Economic Activity: Traded Commodity Hscode/ 84 76
GrowthRate_Exports_EconomicActivity_AuxiliaryPlantForUseWithBoilersOfHeadingNo8402Or,Growth Rate Exports Economic Activity: Traded Commodity Hscode/ 84 04
GrowthRate_Exports_EconomicActivity_BabyCarriagesAndPartsThereof8715,Growth Rate Exports Economic Activity: Traded Commodity Hscode/ 87 15
GrowthRate_Exports_EconomicActivity_BalancesOfASensitivityOf5cgOrBetterWithOrWitho9016,Growth Rate Exports Economic Activity: Traded Commodity Hscode/ 90 16
GrowthRate_Exports_EconomicActivity_BallOrRollerBearings,Growth Rate Exports Economic Activity: Traded Commodity Hscode/ 84 82
GrowthRate_Exports_EconomicActivity_BalloonsAndDirigiblesGlidersHangGlidersAndOthe8801,Growth Rate Exports Economic Activity: Traded Commodity Hscode/ 88 01
GrowthRate_Exports_EconomicActivity_BananasIncludingPlantainsFreshOrDried,Growth Rate Exports Economic Activity: Traded Commodity Hscode/ 08 03
GrowthRate_Exports_EconomicActivity_BarbedWireOfIronOrSteelTwistedHoopOrSingleFlatWire,Growth Rate Exports Economic Activity: Traded Commodity Hscode/ 73 13
GrowthRate_Exports_EconomicActivity_Barley,Growth Rate Exports Economic Activity: Traded Commodity Hscode/ 10 03
GrowthRate_Exports_EconomicActivity_BaseMetalMountingsFittingsAndSimilarArticlesFor,Growth Rate Exports Economic Activity: Traded Commodity Hscode/ 83 02
GrowthRate_Exports_EconomicActivity_BaseMetalsCladWithSilverNotFurtherWorkedThanSe7107,Growth Rate Exports Economic Activity: Traded Commodity Hscode/ 71 07
GrowthRate_Exports_EconomicActivity_BaseMetalsOrSilverCladWithGoldNotFurtherWorked7109,Growth Rate Exports Economic Activity: Traded Commodity Hscode/ 71 09
GrowthRate_Exports_EconomicActivity_BaseMetalsSilverOrGoldCladWithPlatinumNotFurth7111,Growth Rate Exports Economic Activity: Traded Commodity Hscode/ 71 11
GrowthRate_Exports_EconomicActivity_BasketworkWickerworkAndOtherArticlesMadeDirectlyTo,Growth Rate Exports Economic Activity: Traded Commodity Hscode/ 46 02
GrowthRate_Exports_EconomicActivity_BedLinenTableLinenToiletLinenAndKitchenLinen,Growth Rate Exports Economic Activity: Traded Commodity Hscode/ 63 02
GrowthRate_Exports_EconomicActivity_BeerMadeFromMalt2203,Growth Rate Exports Economic Activity: Traded Commodity Hscode/ 22 03
GrowthRate_Exports_EconomicActivity_BellsGongsAndTheLikeNonElectricStatuettesOther,Growth Rate Exports Economic Activity: Traded Commodity Hscode/ 83 06
GrowthRate_Exports_EconomicActivity_BerylliumChromiumHafniumRheniumThalliumCadmium,Growth Rate Exports Economic Activity: Traded Commodity Hscode/ 81 12
GrowthRate_Exports_EconomicActivity_BeveragesSpiritsAndVinegar,Growth Rate Exports Economic Activity: Traded Commodity Hscode/ 22
GrowthRate_Exports_EconomicActivity_BicyclesAndOtherCyclesIncludingDeliveryTricycl8712,Growth Rate Exports Economic Activity: Traded Commodity Hscode/ 87 12
GrowthRate_Exports_EconomicActivity_BinocularsMonocularsOtherOpticalTelescopes9005,Growth Rate Exports Economic Activity: Traded Commodity Hscode/ 90 05
GrowthRate_Exports_EconomicActivity_BiodieselAndMixturesThereofNotContainingOr3826,Growth Rate Exports Economic Activity: Traded Commodity Hscode/ 38 26
GrowthRate_Exports_EconomicActivity_BirdsEggsInShellFreshPreservedOrCooked,Growth Rate Exports Economic Activity: Traded Commodity Hscode/ 04 07
GrowthRate_Exports_EconomicActivity_BirdsEggsNotInShellEggYolksFreshDriedCookedBy,Growth Rate Exports Economic Activity: Traded Commodity Hscode/ 04 08
GrowthRate_Exports_EconomicActivity_BismuthArticlesThereofIncludingWasteAndScrap8106,Growth Rate Exports Economic Activity: Traded Commodity Hscode/ 81 06
GrowthRate_Exports_EconomicActivity_BitumenAndAsphaltNaturalBituminousOrOilShaleAndTar,Growth Rate Exports Economic Activity: Traded Commodity Hscode/ 27 14
GrowthRate_Exports_EconomicActivity_BituminousMixturesBasedOnNaturalAsphaltOnNatur2715,Growth Rate Exports Economic Activity: Traded Commodity Hscode/ 27 15
GrowthRate_Exports_EconomicActivity_BlanketsAndTravellingRugs,Growth Rate Exports Economic Activity: Traded Commodity Hscode/ 63 01
GrowthRate_Exports_EconomicActivity_BlousesShirtsAndShirtBlousesWomensOrGirlsKnittedOr,Growth Rate Exports Economic Activity: Traded Commodity Hscode/ 61 06
GrowthRate_Exports_EconomicActivity_BlousesShirtsAndShirtBlousesWomensOrGirlsNot,Growth Rate Exports Economic Activity: Traded Commodity Hscode/ 62 06
GrowthRate_Exports_EconomicActivity_BoardsPanelsConsolesDesksCabinetsBasesWith,Growth Rate Exports Economic Activity: Traded Commodity Hscode/ 85 37
GrowthRate_Exports_EconomicActivity_BoatsFloatingStructuresOtherForEGRaftsTanksCoffer,Growth Rate Exports Economic Activity: Traded Commodity Hscode/ 89 07
GrowthRate_Exports_EconomicActivity_BobbinsSpoolsCopsAndSimilarSupportsOfPaperPulp,Growth Rate Exports Economic Activity: Traded Commodity Hscode/ 48 22
GrowthRate_Exports_EconomicActivity_BodiesIncludingCabsForTheMotorVehiclesOfHeadingNo,Growth Rate Exports Economic Activity: Traded Commodity Hscode/ 87 07
GrowthRate_Exports_EconomicActivity_BoilersSteamOrOtherVapourGeneratingOtherThan,Growth Rate Exports Economic Activity: Traded Commodity Hscode/ 84 02
GrowthRate_Exports_EconomicActivity_BombsGrenadesTorpedoesMinesMissilesAndSimilar,Growth Rate Exports Economic Activity: Traded Commodity Hscode/ 93 06
GrowthRate_Exports_EconomicActivity_BonesAndHornCoresUnworkedDefattedSimplyPreparedBut,Growth Rate Exports Economic Activity: Traded Commodity Hscode/ 05 06
GrowthRate_Exports_EconomicActivity_BookBindingMachineryIncludingBookSewingMachine8440,Growth Rate Exports Economic Activity: Traded Commodity Hscode/ 84 40
GrowthRate_Exports_EconomicActivity_BoratesPeroxoboratesPerborates,Growth Rate Exports Economic Activity: Traded Commodity Hscode/ 28 40
GrowthRate_Exports_EconomicActivity_BovineAnimalsLive,Growth Rate Exports Economic Activity: Traded Commodity Hscode/ 01 02
GrowthRate_Exports_EconomicActivity_BraidsInThePieceOrnamentalTrimmingsInThePiece,Growth Rate Exports Economic Activity: Traded Commodity Hscode/ 58 08
GrowthRate_Exports_EconomicActivity_BranSharpsAndOtherResiduesWhetherOrNotInTheFormOf,Growth Rate Exports Economic Activity: Traded Commodity Hscode/ 23 02
GrowthRate_Exports_EconomicActivity_BrassieresGirdlesCorsetsBracesSuspendersGartersAnd,Growth Rate Exports Economic Activity: Traded Commodity Hscode/ 62 12
GrowthRate_Exports_EconomicActivity_BreadPastryCakesBiscuitsOtherBakersWaresWhetherOr,Growth Rate Exports Economic Activity: Traded Commodity Hscode/ 19 05
GrowthRate_Exports_EconomicActivity_BreathingAppliancesAndGasMasksExcludingProtect9020,Growth Rate Exports Economic Activity: Traded Commodity Hscode/ 90 20
GrowthRate_Exports_EconomicActivity_BricksBlocksTilesAndOtherCeramicGoodsOfSiliceo6901,Growth Rate Exports Economic Activity: Traded Commodity Hscode/ 69 01
GrowthRate_Exports_EconomicActivity_BroomsBrushesIncludingPartsOfMachinesHandOperated,Growth Rate Exports Economic Activity: Traded Commodity Hscode/ 96 03
GrowthRate_Exports_EconomicActivity_BuckwheatMilletAndCanarySeedsOtherCereals,Growth Rate Exports Economic Activity: Traded Commodity Hscode/ 10 08
GrowthRate_Exports_EconomicActivity_BuildersJoineryAndCarpentryOfWoodIncludingCellular,Growth Rate Exports Economic Activity: Traded Commodity Hscode/ 44 18
GrowthRate_Exports_EconomicActivity_BuildingsPrefabricated,Growth Rate Exports Economic Activity: Traded Commodity Hscode/ 94 06
GrowthRate_Exports_EconomicActivity_BulbsTubersTuberousRootsCormsCrownsAndRhizomes,Growth Rate Exports Economic Activity: Traded Commodity Hscode/ 06 01
GrowthRate_Exports_EconomicActivity_BulldozersGradersLevellersScrapersAngledozers,Growth Rate Exports Economic Activity: Traded Commodity Hscode/ 84 29
GrowthRate_Exports_EconomicActivity_ButterAndOtherFatsAndOilsDerivedFromMilkDairy,Growth Rate Exports Economic Activity: Traded Commodity Hscode/ 04 05
GrowthRate_Exports_EconomicActivity_ButtonsPressFastenersSnapFastenersAndPressStuds,Growth Rate Exports Economic Activity: Traded Commodity Hscode/ 96 06
GrowthRate_Exports_EconomicActivity_CabbagesCauliflowersKohlrabiKaleAndSimilarEdible,Growth Rate Exports Economic Activity: Traded Commodity Hscode/ 07 04
GrowthRate_Exports_EconomicActivity_CadmiumAndArticlesThereofIncludingWasteAndScrap,Growth Rate Exports Economic Activity: Traded Commodity Hscode/ 81 07
GrowthRate_Exports_EconomicActivity_CalculatingMachinesAndPocketSizeDataRecording,Growth Rate Exports Economic Activity: Traded Commodity Hscode/ 84 70
GrowthRate_Exports_EconomicActivity_CalendarsOfAnyKindPrintedIncludingCalendarBlocks,Growth Rate Exports Economic Activity: Traded Commodity Hscode/ 49 10
GrowthRate_Exports_EconomicActivity_CamerasPhotographicExcludingCinematographic9006,Growth Rate Exports Economic Activity: Traded Commodity Hscode/ 90 06
GrowthRate_Exports_EconomicActivity_CandlesTapersAndTheLike3406,Growth Rate Exports Economic Activity: Traded Commodity Hscode/ 34 06
GrowthRate_Exports_EconomicActivity_CaneOrBeetSugarAndChemicallyPureSucroseInSolidForm,Growth Rate Exports Economic Activity: Traded Commodity Hscode/ 17 01
GrowthRate_Exports_EconomicActivity_CarbidesWhetherOrNotChemicallyDefined,Growth Rate Exports Economic Activity: Traded Commodity Hscode/ 28 49
GrowthRate_Exports_EconomicActivity_CarbonCarbonBlacksAndOtherFormsOfCarbonNEC2803,Growth Rate Exports Economic Activity: Traded Commodity Hscode/ 28 03
GrowthRate_Exports_EconomicActivity_CarbonElectrodesCarbonBrushesLampCarbonsBattery,Growth Rate Exports Economic Activity: Traded Commodity Hscode/ 85 45
GrowthRate_Exports_EconomicActivity_CarbonPaperSelfCopyPaperAndOtherCopyingOrTrans4809,Growth Rate Exports Economic Activity: Traded Commodity Hscode/ 48 09
GrowthRate_Exports_EconomicActivity_CarbonPaperSelfCopyPaperAndOtherCopyingOrTrans4816,Growth Rate Exports Economic Activity: Traded Commodity Hscode/ 48 16
GrowthRate_Exports_EconomicActivity_CarbonatesPeroxocarbonatesPercarbonatesCommercial,Growth Rate Exports Economic Activity: Traded Commodity Hscode/ 28 36
GrowthRate_Exports_EconomicActivity_CarboxyamideFunctionCompoundsAmideFunction,Growth Rate Exports Economic Activity: Traded Commodity Hscode/ 29 24
GrowthRate_Exports_EconomicActivity_CarboxyimideFunctionCompoundsIncludingSaccharinAnd,Growth Rate Exports Economic Activity: Traded Commodity Hscode/ 29 25
GrowthRate_Exports_EconomicActivity_CarboysBottlesFlasksJarsPotsPhialsAmpoules,Growth Rate Exports Economic Activity: Traded Commodity Hscode/ 70 10
GrowthRate_Exports_EconomicActivity_CarpetsAndOtherTextileFloorCoverings,Growth Rate Exports Economic Activity: Traded Commodity Hscode/ 57
GrowthRate_Exports_EconomicActivity_CarpetsAndOtherTextileFloorCoveringsIncludingT5703,Growth Rate Exports Economic Activity: Traded Commodity Hscode/ 57 03
GrowthRate_Exports_EconomicActivity_CarpetsAndOtherTextileFloorCoveringsKnottedWhether,Growth Rate Exports Economic Activity: Traded Commodity Hscode/ 57 01
GrowthRate_Exports_EconomicActivity_CarpetsAndOtherTextileFloorCoveringsNECInChapt5705,Growth Rate Exports Economic Activity: Traded Commodity Hscode/ 57 05
GrowthRate_Exports_EconomicActivity_CarpetsAndOtherTextileFloorCoveringsOfFeltNot5704,Growth Rate Exports Economic Activity: Traded Commodity Hscode/ 57 04
GrowthRate_Exports_EconomicActivity_CarpetsAndOtherTextileFloorCoveringsWovenNotTu5702,Growth Rate Exports Economic Activity: Traded Commodity Hscode/ 57 02
GrowthRate_Exports_EconomicActivity_CarriagesForDisabledPersonsWhetherOrNotMotorisedOr,Growth Rate Exports Economic Activity: Traded Commodity Hscode/ 87 13
GrowthRate_Exports_EconomicActivity_CarrotsTurnipsSaladBeetrootSalsifyCeleriacRadishes,Growth Rate Exports Economic Activity: Traded Commodity Hscode/ 07 06
GrowthRate_Exports_EconomicActivity_CartonsBoxesCasesBagsAndTheLikeOfPaperPaperboard,Growth Rate Exports Economic Activity: Traded Commodity Hscode/ 48 19
GrowthRate_Exports_EconomicActivity_CaseinCaseinatesAndOtherCaseinDerivativesCasein,Growth Rate Exports Economic Activity: Traded Commodity Hscode/ 35 01
GrowthRate_Exports_EconomicActivity_CasksBarrelsVatsTubsAndOtherCoopersProductsAnd,Growth Rate Exports Economic Activity: Traded Commodity Hscode/ 44 16
GrowthRate_Exports_EconomicActivity_CellsAndBatteriesPrimary,Growth Rate Exports Economic Activity: Traded Commodity Hscode/ 85 06
GrowthRate_Exports_EconomicActivity_CelluloseAndItsChemicalDerivativesNECOrIncludedIn,Growth Rate Exports Economic Activity: Traded Commodity Hscode/ 39 12
GrowthRate_Exports_EconomicActivity_CementConcreteOrArtificialStoneWhetherOrNot,Growth Rate Exports Economic Activity: Traded Commodity Hscode/ 68 10
GrowthRate_Exports_EconomicActivity_CentralHeatingBoilersExcludingThoseOfHeadingNo8402,Growth Rate Exports Economic Activity: Traded Commodity Hscode/ 84 03
GrowthRate_Exports_EconomicActivity_CentrifugesIncludingCentrifugalDryersFilteringOr,Growth Rate Exports Economic Activity: Traded Commodity Hscode/ 84 21
GrowthRate_Exports_EconomicActivity_CeramicArticlesNECInChapter69,Growth Rate Exports Economic Activity: Traded Commodity Hscode/ 69 14
GrowthRate_Exports_EconomicActivity_CeramicBuildingBricksFloorBlocksSupportOrFiller,Growth Rate Exports Economic Activity: Traded Commodity Hscode/ 69 04
GrowthRate_Exports_EconomicActivity_CeramicFlagsAndPavingHearthOrWallTilesCeramic,Growth Rate Exports Economic Activity: Traded Commodity Hscode/ 69 07
GrowthRate_Exports_EconomicActivity_CeramicGoodsEGRetortsCruciblesMufflesNozzlesPlugs,Growth Rate Exports Economic Activity: Traded Commodity Hscode/ 69 03
GrowthRate_Exports_EconomicActivity_CeramicPipesConduitsGutteringAndPipeFittings6906,Growth Rate Exports Economic Activity: Traded Commodity Hscode/ 69 06
GrowthRate_Exports_EconomicActivity_CeramicProducts,Growth Rate Exports Economic Activity: Traded Commodity Hscode/ 69
GrowthRate_Exports_EconomicActivity_CeramicSinksWashBasinsWashBasinPedestalsBaths6910,Growth Rate Exports Economic Activity: Traded Commodity Hscode/ 69 10
GrowthRate_Exports_EconomicActivity_CeramicTablewareKitchenwareOtherHouseholdArtic6912,Growth Rate Exports Economic Activity: Traded Commodity Hscode/ 69 12
GrowthRate_Exports_EconomicActivity_CeramicWareForLaboratoryChemicalOtherTechnicalUses,Growth Rate Exports Economic Activity: Traded Commodity Hscode/ 69 09
GrowthRate_Exports_EconomicActivity_CerealFloursOtherThanOfWheatOrMeslin,Growth Rate Exports Economic Activity: Traded Commodity Hscode/ 11 02
GrowthRate_Exports_EconomicActivity_CerealGrainsOtherwiseWorkedEGHulledRolledFlaked,Growth Rate Exports Economic Activity: Traded Commodity Hscode/ 11 04
GrowthRate_Exports_EconomicActivity_CerealGroatsMealAndPellets,Growth Rate Exports Economic Activity: Traded Commodity Hscode/ 11 03
GrowthRate_Exports_EconomicActivity_CerealStrawAndHusksUnpreparedWhetherOrNotChopp1213,Growth Rate Exports Economic Activity: Traded Commodity Hscode/ 12 13
GrowthRate_Exports_EconomicActivity_Cereals,Growth Rate Exports Economic Activity: Traded Commodity Hscode/ 10
GrowthRate_Exports_EconomicActivity_CermetsArticlesThereofIncludingWasteAndScrap8113,Growth Rate Exports Economic Activity: Traded Commodity Hscode/ 81 13
GrowthRate_Exports_EconomicActivity_ChainAndPartsThereofOfIronOrSteel,Growth Rate Exports Economic Activity: Traded Commodity Hscode/ 73 15
GrowthRate_Exports_EconomicActivity_Chalk2509,Growth Rate Exports Economic Activity: Traded Commodity Hscode/ 25 09
GrowthRate_Exports_EconomicActivity_ChamoisIncludingCombinationChamoisLeatherPatent,Growth Rate Exports Economic Activity: Traded Commodity Hscode/ 41 14
GrowthRate_Exports_EconomicActivity_ChassisFittedWithEnginesForTheMotorVehiclesOf8706,Growth Rate Exports Economic Activity: Traded Commodity Hscode/ 87 06
GrowthRate_Exports_EconomicActivity_CheeseAndCurd,Growth Rate Exports Economic Activity: Traded Commodity Hscode/ 04 06
GrowthRate_Exports_EconomicActivity_ChemicalElementsDopedForUseInElectronicsInTheF3818,Growth Rate Exports Economic Activity: Traded Commodity Hscode/ 38 18
GrowthRate_Exports_EconomicActivity_ChemicalPreparationsForPhotographicUsesOtherThan,Growth Rate Exports Economic Activity: Traded Commodity Hscode/ 37 07
GrowthRate_Exports_EconomicActivity_ChemicalProductsNEC,Growth Rate Exports Economic Activity: Traded Commodity Hscode/ 38
GrowthRate_Exports_EconomicActivity_ChemicalWoodPulpDissolvingGrades4702,Growth Rate Exports Economic Activity: Traded Commodity Hscode/ 47 02
GrowthRate_Exports_EconomicActivity_ChemicalWoodPulpSodaOrSulphateOtherThanDissolving,Growth Rate Exports Economic Activity: Traded Commodity Hscode/ 47 03
GrowthRate_Exports_EconomicActivity_ChemicalWoodPulpSulphiteOtherThanDissolvingGrades,Growth Rate Exports Economic Activity: Traded Commodity Hscode/ 47 04
GrowthRate_Exports_EconomicActivity_ChildrensPictureDrawingOrColouringBooks,Growth Rate Exports Economic Activity: Traded Commodity Hscode/ 49 03
GrowthRate_Exports_EconomicActivity_ChloratesAndPerchloratesBromatesAndPerbromates,Growth Rate Exports Economic Activity: Traded Commodity Hscode/ 28 29
GrowthRate_Exports_EconomicActivity_ChloridesChlorideOxidesAndChlorideHydroxides,Growth Rate Exports Economic Activity: Traded Commodity Hscode/ 28 27
GrowthRate_Exports_EconomicActivity_ChocolateAndOtherFoodPreparationsContainingCocoa,Growth Rate Exports Economic Activity: Traded Commodity Hscode/ 18 06
GrowthRate_Exports_EconomicActivity_ChromiumOresAndConcentrates2610,Growth Rate Exports Economic Activity: Traded Commodity Hscode/ 26 10
GrowthRate_Exports_EconomicActivity_ChromiumOxidesAndHydroxides,Growth Rate Exports Economic Activity: Traded Commodity Hscode/ 28 19
GrowthRate_Exports_EconomicActivity_CigaretteLightersAndOtherLightersWhetherOrNot,Growth Rate Exports Economic Activity: Traded Commodity Hscode/ 96 13
GrowthRate_Exports_EconomicActivity_CigarettePaperWhetherOrNotCutToSizeOrInTheFormOf,Growth Rate Exports Economic Activity: Traded Commodity Hscode/ 48 13
GrowthRate_Exports_EconomicActivity_CigarsCherootsCigarillosAndCigarettesOfTobaccoOrOf,Growth Rate Exports Economic Activity: Traded Commodity Hscode/ 24 02
GrowthRate_Exports_EconomicActivity_CinematographicCamerasAndProjectorsWhetherOrNot,Growth Rate Exports Economic Activity: Traded Commodity Hscode/ 90 07
GrowthRate_Exports_EconomicActivity_CinematographicFilmExposedAndDevelopedWhetherO3706,Growth Rate Exports Economic Activity: Traded Commodity Hscode/ 37 06
GrowthRate_Exports_EconomicActivity_CinnamonAndCinnamonTreeFlowers,Growth Rate Exports Economic Activity: Traded Commodity Hscode/ 09 06
GrowthRate_Exports_EconomicActivity_CircuitsPrinted8534,Growth Rate Exports Economic Activity: Traded Commodity Hscode/ 85 34
GrowthRate_Exports_EconomicActivity_CitrusFruitFreshOrDried,Growth Rate Exports Economic Activity: Traded Commodity Hscode/ 08 05
GrowthRate_Exports_EconomicActivity_ClaspsFramesWithClaspsBucklesBuckleClaspsHooksEyes,Growth Rate Exports Economic Activity: Traded Commodity Hscode/ 83 08
GrowthRate_Exports_EconomicActivity_ClaysNotIncludingExpandedClaysOfHeadingNo6806,Growth Rate Exports Economic Activity: Traded Commodity Hscode/ 25 08
GrowthRate_Exports_EconomicActivity_ClockCasesAndCasesOfASimilarTypeForOtherGoodsOf,Growth Rate Exports Economic Activity: Traded Commodity Hscode/ 91 12
GrowthRate_Exports_EconomicActivity_ClockMovementsCompleteAndAssembled,Growth Rate Exports Economic Activity: Traded Commodity Hscode/ 91 09
GrowthRate_Exports_EconomicActivity_ClockOrWatchPartsNECInChapter91,Growth Rate Exports Economic Activity: Traded Commodity Hscode/ 91 14
GrowthRate_Exports_EconomicActivity_ClockWatchAndSimilarGlassesGlassesForNonCorrective,Growth Rate Exports Economic Activity: Traded Commodity Hscode/ 70 15
GrowthRate_Exports_EconomicActivity_ClocksAndWatchesAndPartsThereof,Growth Rate Exports Economic Activity: Traded Commodity Hscode/ 91
GrowthRate_Exports_EconomicActivity_ClocksOtherNEC,Growth Rate Exports Economic Activity: Traded Commodity Hscode/ 91 05
GrowthRate_Exports_EconomicActivity_ClocksWithWatchMovementsExcludingClocksOfHeadingNo,Growth Rate Exports Economic Activity: Traded Commodity Hscode/ 91 03
GrowthRate_Exports_EconomicActivity_ClothIncludingEndlessBandsGrillNettingAndFencingOf,Growth Rate Exports Economic Activity: Traded Commodity Hscode/ 73 14
GrowthRate_Exports_EconomicActivity_ClothingAccessoriesMadeUpKnittedOrCrochetedKnitted,Growth Rate Exports Economic Activity: Traded Commodity Hscode/ 61 17
GrowthRate_Exports_EconomicActivity_ClothingAccessoriesNECPartsOfGarmentsOrAccessories,Growth Rate Exports Economic Activity: Traded Commodity Hscode/ 62 17
GrowthRate_Exports_EconomicActivity_ClovesWholeFruitClovesAndStems,Growth Rate Exports Economic Activity: Traded Commodity Hscode/ 09 07
GrowthRate_Exports_EconomicActivity_CoalBriquettesOvoidsAndSimilarSolidFuels,Growth Rate Exports Economic Activity: Traded Commodity Hscode/ 27 01
GrowthRate_Exports_EconomicActivity_CoalGasWaterGasProducerGasAndSimilarGasesOtherThan,Growth Rate Exports Economic Activity: Traded Commodity Hscode/ 27 05
GrowthRate_Exports_EconomicActivity_CoatsMensOrBoysOvercoatsCarCoatsCapesCloaksAnoraks,Growth Rate Exports Economic Activity: Traded Commodity Hscode/ 61 01
GrowthRate_Exports_EconomicActivity_CoatsWomensOrGirlsOvercoatsCarCoatsCapesCloaks,Growth Rate Exports Economic Activity: Traded Commodity Hscode/ 61 02
GrowthRate_Exports_EconomicActivity_CoatsWomensOrGirlsOvercoatsCarcoatsCapesCloaks,Growth Rate Exports Economic Activity: Traded Commodity Hscode/ 62 02
GrowthRate_Exports_EconomicActivity_CobaltMattesAndOtherIntermediateProductsOfCoba8105,Growth Rate Exports Economic Activity: Traded Commodity Hscode/ 81 05
GrowthRate_Exports_EconomicActivity_CobaltOxidesAndHydroxidesCommercialCobaltOxide2822,Growth Rate Exports Economic Activity: Traded Commodity Hscode/ 28 22
GrowthRate_Exports_EconomicActivity_CocoaAndCocoaPreparations,Growth Rate Exports Economic Activity: Traded Commodity Hscode/ 18
GrowthRate_Exports_EconomicActivity_CocoaBeansWholeOrBrokenRawOrRoasted1801,Growth Rate Exports Economic Activity: Traded Commodity Hscode/ 18 01
GrowthRate_Exports_EconomicActivity_CocoaButterFatAndOil1804,Growth Rate Exports Economic Activity: Traded Commodity Hscode/ 18 04
GrowthRate_Exports_EconomicActivity_CocoaPasteWhetherOrNotDefatted,Growth Rate Exports Economic Activity: Traded Commodity Hscode/ 18 03
GrowthRate_Exports_EconomicActivity_CocoaPowderNotContainingAddedSugarOrOther1805,Growth Rate Exports Economic Activity: Traded Commodity Hscode/ 18 05
GrowthRate_Exports_EconomicActivity_CocoaShellsHusksSkinsAndOtherCocoaWaste1802,Growth Rate Exports Economic Activity: Traded Commodity Hscode/ 18 02
GrowthRate_Exports_EconomicActivity_CoconutAbacaManilaHempOrMusaTextilisNeeRamieAn5305,Growth Rate Exports Economic Activity: Traded Commodity Hscode/ 53 05
GrowthRate_Exports_EconomicActivity_CoconutCopraPalmKernelOrBabassuOilAndTheir,Growth Rate Exports Economic Activity: Traded Commodity Hscode/ 15 13
GrowthRate_Exports_EconomicActivity_CoffeeTeaMateAndSpices,Growth Rate Exports Economic Activity: Traded Commodity Hscode/ 09
GrowthRate_Exports_EconomicActivity_CoffeeWhetherOrNotRoastedOrDecaffeinatedHusksAnd,Growth Rate Exports Economic Activity: Traded Commodity Hscode/ 09 01
GrowthRate_Exports_EconomicActivity_Coin,Growth Rate Exports Economic Activity: Traded Commodity Hscode/ 71 18
GrowthRate_Exports_EconomicActivity_CokeAndSemiCokeOfCoalLigniteOrPeatWhetherOrNot2704,Growth Rate Exports Economic Activity: Traded Commodity Hscode/ 27 04
GrowthRate_Exports_EconomicActivity_CollectionsAndCollectorsPiecesOfArchaeological9705,Growth Rate Exports Economic Activity: Traded Commodity Hscode/ 97 05
GrowthRate_Exports_EconomicActivity_ColloidalPreciousMetalsInorganicOrOrganicCompounds,Growth Rate Exports Economic Activity: Traded Commodity Hscode/ 28 43
GrowthRate_Exports_EconomicActivity_ColourLakesPreparationsBasedOnColourLakesAs3205,Growth Rate Exports Economic Activity: Traded Commodity Hscode/ 32 05
GrowthRate_Exports_EconomicActivity_ColouringMatterAndPreparationsThereofNECInHeading,Growth Rate Exports Economic Activity: Traded Commodity Hscode/ 32 06
GrowthRate_Exports_EconomicActivity_ColouringMatterOfVegetableOrAnimalOriginInclud3203,Growth Rate Exports Economic Activity: Traded Commodity Hscode/ 32 03
GrowthRate_Exports_EconomicActivity_ColoursArtistsStudentsOrSignboardPaintersModifying,Growth Rate Exports Economic Activity: Traded Commodity Hscode/ 32 13
GrowthRate_Exports_EconomicActivity_CombsHairSlidesAndSimilarHairpinsCurlingPins,Growth Rate Exports Economic Activity: Traded Commodity Hscode/ 96 15
GrowthRate_Exports_EconomicActivity_CommoditiesNotSpecifiedAccordingToKind99,Growth Rate Exports Economic Activity: Traded Commodity Hscode/ 99
GrowthRate_Exports_EconomicActivity_CommoditiesNotSpecifiedAccordingToKind9999,Growth Rate Exports Economic Activity: Traded Commodity Hscode/ 99 99
GrowthRate_Exports_EconomicActivity_CompositePaperAndPaperboardMadeByStickingLayers,Growth Rate Exports Economic Activity: Traded Commodity Hscode/ 48 07
GrowthRate_Exports_EconomicActivity_CompositionLeatherWithABasisOfLeatherOrLeather,Growth Rate Exports Economic Activity: Traded Commodity Hscode/ 41 15
GrowthRate_Exports_EconomicActivity_CompoundedRubberUnvulcanisedInPrimaryFormsOrIn,Growth Rate Exports Economic Activity: Traded Commodity Hscode/ 40 05
GrowthRate_Exports_EconomicActivity_CompoundsInorganicOrOrganicOfRareEarthMetalsOf,Growth Rate Exports Economic Activity: Traded Commodity Hscode/ 28 46
GrowthRate_Exports_EconomicActivity_CompressionIgnitionInternalCombustionPistonEngines,Growth Rate Exports Economic Activity: Traded Commodity Hscode/ 84 08
GrowthRate_Exports_EconomicActivity_ContainersForCompressedOrLiquefiedGasOfIronOrS7311,Growth Rate Exports Economic Activity: Traded Commodity Hscode/ 73 11
GrowthRate_Exports_EconomicActivity_ContainersIncludingContainersForTransportOfFlu8609,Growth Rate Exports Economic Activity: Traded Commodity Hscode/ 86 09
GrowthRate_Exports_EconomicActivity_ConvertersLadlesIngotMouldsAndCastingMachinesOfA,Growth Rate Exports Economic Activity: Traded Commodity Hscode/ 84 54
GrowthRate_Exports_EconomicActivity_ConveyorOrTransmissionBeltsOrBeltingOfVulcanised,Growth Rate Exports Economic Activity: Traded Commodity Hscode/ 40 10
GrowthRate_Exports_EconomicActivity_CopperAndArticlesThereof,Growth Rate Exports Economic Activity: Traded Commodity Hscode/ 74
GrowthRate_Exports_EconomicActivity_CopperArticlesThereofNECInChapter747419,Growth Rate Exports Economic Activity: Traded Commodity Hscode/ 74 19
GrowthRate_Exports_EconomicActivity_CopperBarsRodsAndProfiles,Growth Rate Exports Economic Activity: Traded Commodity Hscode/ 74 07
GrowthRate_Exports_EconomicActivity_CopperFoilWhetherOrNotPrintedOrBackedWithPaper,Growth Rate Exports Economic Activity: Traded Commodity Hscode/ 74 10
GrowthRate_Exports_EconomicActivity_CopperMasterAlloys,Growth Rate Exports Economic Activity: Traded Commodity Hscode/ 74 05
GrowthRate_Exports_EconomicActivity_CopperMattesCementCopperPrecipitatedCopper7401,Growth Rate Exports Economic Activity: Traded Commodity Hscode/ 74 01
GrowthRate_Exports_EconomicActivity_CopperNailsTacksDrawingPinsStaplesNotThoseOf,Growth Rate Exports Economic Activity: Traded Commodity Hscode/ 74 15
GrowthRate_Exports_EconomicActivity_CopperOresAndConcentrates2603,Growth Rate Exports Economic Activity: Traded Commodity Hscode/ 26 03
GrowthRate_Exports_EconomicActivity_CopperPlatesSheetsAndStripOfAThicknessExceedin7409,Growth Rate Exports Economic Activity: Traded Commodity Hscode/ 74 09
GrowthRate_Exports_EconomicActivity_CopperPowdersAndFlakes,Growth Rate Exports Economic Activity: Traded Commodity Hscode/ 74 06
GrowthRate_Exports_EconomicActivity_CopperRefinedAndCopperAlloysUnwrought,Growth Rate Exports Economic Activity: Traded Commodity Hscode/ 74 03
GrowthRate_Exports_EconomicActivity_CopperStrandedWireCablesPlaitedBandsAndTheLike7413,Growth Rate Exports Economic Activity: Traded Commodity Hscode/ 74 13
GrowthRate_Exports_EconomicActivity_CopperTableKitchenOrOtherHouseholdArticlesAndP7418,Growth Rate Exports Economic Activity: Traded Commodity Hscode/ 74 18
GrowthRate_Exports_EconomicActivity_CopperTubeOrPipeFittingsEGCouplingsElbowsSleeves,Growth Rate Exports Economic Activity: Traded Commodity Hscode/ 74 12
GrowthRate_Exports_EconomicActivity_CopperTubesAndPipes,Growth Rate Exports Economic Activity: Traded Commodity Hscode/ 74 11
GrowthRate_Exports_EconomicActivity_CopperUnrefinedCopperAnodesForElectrolyticRefi7402,Growth Rate Exports Economic Activity: Traded Commodity Hscode/ 74 02
GrowthRate_Exports_EconomicActivity_CopperWasteAndScrap7404,Growth Rate Exports Economic Activity: Traded Commodity Hscode/ 74 04
GrowthRate_Exports_EconomicActivity_CopperWire,Growth Rate Exports Economic Activity: Traded Commodity Hscode/ 74 08
GrowthRate_Exports_EconomicActivity_Copra1203,Growth Rate Exports Economic Activity: Traded Commodity Hscode/ 12 03
GrowthRate_Exports_EconomicActivity_CoralAndSimilarMaterialsUnworkedOrSimplyPrepared,Growth Rate Exports Economic Activity: Traded Commodity Hscode/ 05 08
GrowthRate_Exports_EconomicActivity_CorkAndArticlesOfCork,Growth Rate Exports Economic Activity: Traded Commodity Hscode/ 45
GrowthRate_Exports_EconomicActivity_CorkArticlesOfNaturalCork,Growth Rate Exports Economic Activity: Traded Commodity Hscode/ 45 03
GrowthRate_Exports_EconomicActivity_CosmeticAndToiletPreparationsBeautyMakeUpAndSkin,Growth Rate Exports Economic Activity: Traded Commodity Hscode/ 33 04
GrowthRate_Exports_EconomicActivity_Cotton52,Growth Rate Exports Economic Activity: Traded Commodity Hscode/ 52
GrowthRate_Exports_EconomicActivity_CottonCardedOrCombed5203,Growth Rate Exports Economic Activity: Traded Commodity Hscode/ 52 03
GrowthRate_Exports_EconomicActivity_CottonNotCardedOrCombed5201,Growth Rate Exports Economic Activity: Traded Commodity Hscode/ 52 01
GrowthRate_Exports_EconomicActivity_CottonSewingThreadWhetherOrNotPutUpForRetailSale,Growth Rate Exports Economic Activity: Traded Commodity Hscode/ 52 04
GrowthRate_Exports_EconomicActivity_CottonWasteIncludingYarnWasteAndGarnettedStock,Growth Rate Exports Economic Activity: Traded Commodity Hscode/ 52 02
GrowthRate_Exports_EconomicActivity_CottonYarnOtherThanSewingThreadContaining85OrMore,Growth Rate Exports Economic Activity: Traded Commodity Hscode/ 52 05
GrowthRate_Exports_EconomicActivity_CottonYarnOtherThanSewingThreadContainingLessThan,Growth Rate Exports Economic Activity: Traded Commodity Hscode/ 52 06
GrowthRate_Exports_EconomicActivity_CottonYarnOtherThanSewingThreadPutUpForRetailSale,Growth Rate Exports Economic Activity: Traded Commodity Hscode/ 52 07
GrowthRate_Exports_EconomicActivity_CruiseShipsExcursionBoatsFerryBoatsCargoShips,Growth Rate Exports Economic Activity: Traded Commodity Hscode/ 89 01
GrowthRate_Exports_EconomicActivity_CrustaceansInShellOrNotLiveFreshChilledFrozenDried,Growth Rate Exports Economic Activity: Traded Commodity Hscode/ 03 06
GrowthRate_Exports_EconomicActivity_CrustaceansMolluscsAndOtherAquaticInvertebrates,Growth Rate Exports Economic Activity: Traded Commodity Hscode/ 16 05
GrowthRate_Exports_EconomicActivity_CucumbersAndGherkinsFreshOrChilled,Growth Rate Exports Economic Activity: Traded Commodity Hscode/ 07 07
GrowthRate_Exports_EconomicActivity_CurtainsIncludingDrapesAndInteriorBlindsCurtai6303,Growth Rate Exports Economic Activity: Traded Commodity Hscode/ 63 03
GrowthRate_Exports_EconomicActivity_CutleryOtherArticlesEGHairClippersButchersOr,Growth Rate Exports Economic Activity: Traded Commodity Hscode/ 82 14
GrowthRate_Exports_EconomicActivity_CutlerySpoonsForksLadlesSkimmersCakeServersFish,Growth Rate Exports Economic Activity: Traded Commodity Hscode/ 82 15
GrowthRate_Exports_EconomicActivity_CyanidesCyanideOxidesAndComplexCyanides,Growth Rate Exports Economic Activity: Traded Commodity Hscode/ 28 37
GrowthRate_Exports_EconomicActivity_CyclicHydrocarbons,Growth Rate Exports Economic Activity: Traded Commodity Hscode/ 29 02
GrowthRate_Exports_EconomicActivity_DairyProduceBirdsEggsNaturalHoneyEdibleProductsOf,Growth Rate Exports Economic Activity: Traded Commodity Hscode/ 04
GrowthRate_Exports_EconomicActivity_DatesFigsPineapplesAvocadosGuavasMangoesAnd,Growth Rate Exports Economic Activity: Traded Commodity Hscode/ 08 04
GrowthRate_Exports_EconomicActivity_DegrasResiduesResultingFromTheTreatmentOfFatty1522,Growth Rate Exports Economic Activity: Traded Commodity Hscode/ 15 22
GrowthRate_Exports_EconomicActivity_DensifiedWoodInBlocksPlatesStripsOrProfileShap4413,Growth Rate Exports Economic Activity: Traded Commodity Hscode/ 44 13
GrowthRate_Exports_EconomicActivity_DerricksCranesIncludingCableCranesMobileLifting,Growth Rate Exports Economic Activity: Traded Commodity Hscode/ 84 26
GrowthRate_Exports_EconomicActivity_DextrinsAndOtherModifiedStarchesEGPregelatinisedOr,Growth Rate Exports Economic Activity: Traded Commodity Hscode/ 35 05
GrowthRate_Exports_EconomicActivity_DiamondsWhetherOrNotWorkedButNotMountedOrSet7102,Growth Rate Exports Economic Activity: Traded Commodity Hscode/ 71 02
GrowthRate_Exports_EconomicActivity_DiazoAzoOrAzoxyCompounds2927,Growth Rate Exports Economic Activity: Traded Commodity Hscode/ 29 27
GrowthRate_Exports_EconomicActivity_DiphosphorusPentaoxidePhosphoricAcidPolyphosphoric,Growth Rate Exports Economic Activity: Traded Commodity Hscode/ 28 09
GrowthRate_Exports_EconomicActivity_DiscsTapesSolidStateNonVolatileStorageDevicesSmart,Growth Rate Exports Economic Activity: Traded Commodity Hscode/ 85 23
GrowthRate_Exports_EconomicActivity_DishWashingMachinesMachineryForCleaningDrying,Growth Rate Exports Economic Activity: Traded Commodity Hscode/ 84 22
GrowthRate_Exports_EconomicActivity_DithionitesAndSulphoxylates,Growth Rate Exports Economic Activity: Traded Commodity Hscode/ 28 31
GrowthRate_Exports_EconomicActivity_DolomiteWhetherOrNotCalcinedOrSinteredIncluding,Growth Rate Exports Economic Activity: Traded Commodity Hscode/ 25 18
GrowthRate_Exports_EconomicActivity_DrawingMarkingOutMathematicalCalculating,Growth Rate Exports Economic Activity: Traded Commodity Hscode/ 90 17
GrowthRate_Exports_EconomicActivity_DriersPrepared3211,Growth Rate Exports Economic Activity: Traded Commodity Hscode/ 32 11
GrowthRate_Exports_EconomicActivity_DustAndPowderOfNaturalOrSyntheticPreciousOrSemi,Growth Rate Exports Economic Activity: Traded Commodity Hscode/ 71 05
GrowthRate_Exports_EconomicActivity_DutiableImportByPostOrAirForPersona,Growth Rate Exports Economic Activity: Traded Commodity Hscode/ 98 04
GrowthRate_Exports_EconomicActivity_DutiablePassengersCrewsBaggage9803,Growth Rate Exports Economic Activity: Traded Commodity Hscode/ 98 03
GrowthRate_Exports_EconomicActivity_DutiableShipsAircraftsStore,Growth Rate Exports Economic Activity: Traded Commodity Hscode/ 98 05
GrowthRate_Exports_EconomicActivity_EdibleOffalOfBovineAnimalsSwineSheepGoatsHorses,Growth Rate Exports Economic Activity: Traded Commodity Hscode/ 02 06
GrowthRate_Exports_EconomicActivity_ElectricAccumulatorsIncludingSeparatorsTherefor,Growth Rate Exports Economic Activity: Traded Commodity Hscode/ 85 07
GrowthRate_Exports_EconomicActivity_ElectricElectricallyHeatedGasSolderingBrazing,Growth Rate Exports Economic Activity: Traded Commodity Hscode/ 85 15
GrowthRate_Exports_EconomicActivity_ElectricGeneratingSetsAndRotaryConverters,Growth Rate Exports Economic Activity: Traded Commodity Hscode/ 85 02
GrowthRate_Exports_EconomicActivity_ElectricMotorsAndGeneratorsExcludingGeneratingSets,Growth Rate Exports Economic Activity: Traded Commodity Hscode/ 85 01
GrowthRate_Exports_EconomicActivity_ElectricMotorsAndGeneratorsPartsSuitableForUse8503,Growth Rate Exports Economic Activity: Traded Commodity Hscode/ 85 03
GrowthRate_Exports_EconomicActivity_ElectricTransformersStaticConvertersEGRectifiers,Growth Rate Exports Economic Activity: Traded Commodity Hscode/ 85 04
GrowthRate_Exports_EconomicActivity_ElectricWaterSpaceSoilHeatersElectroThermicHair,Growth Rate Exports Economic Activity: Traded Commodity Hscode/ 85 16
GrowthRate_Exports_EconomicActivity_ElectricalAndElectronicWasteAndScrap,Growth Rate Exports Economic Activity: Traded Commodity Hscode/ 85 49
GrowthRate_Exports_EconomicActivity_ElectricalApparatusForSwitchingProtecting8535,Growth Rate Exports Economic Activity: Traded Commodity Hscode/ 85 35
GrowthRate_Exports_EconomicActivity_ElectricalApparatusForSwitchingProtecting8536,Growth Rate Exports Economic Activity: Traded Commodity Hscode/ 85 36
GrowthRate_Exports_EconomicActivity_ElectricalApparatusPartsSuitableForUseSolelyOr8538,Growth Rate Exports Economic Activity: Traded Commodity Hscode/ 85 38
GrowthRate_Exports_EconomicActivity_ElectricalCapacitorsFixedVariableOrAdjustablePre,Growth Rate Exports Economic Activity: Traded Commodity Hscode/ 85 32
GrowthRate_Exports_EconomicActivity_ElectricalEnergy2716,Growth Rate Exports Economic Activity: Traded Commodity Hscode/ 27 16
GrowthRate_Exports_EconomicActivity_ElectricalInsulatorsOfAnyMaterial,Growth Rate Exports Economic Activity: Traded Commodity Hscode/ 85 46
GrowthRate_Exports_EconomicActivity_ElectricalMachineryAndEquipmentAndPartsThereof,Growth Rate Exports Economic Activity: Traded Commodity Hscode/ 85
GrowthRate_Exports_EconomicActivity_ElectricalMachinesAndApparatusHavingIndividual8543,Growth Rate Exports Economic Activity: Traded Commodity Hscode/ 85 43
GrowthRate_Exports_EconomicActivity_ElectricalPartsOfMachineryOrApparatusNotSpecif8548,Growth Rate Exports Economic Activity: Traded Commodity Hscode/ 85 48
GrowthRate_Exports_EconomicActivity_ElectricalResistorsIncludingRheostatsAnd,Growth Rate Exports Economic Activity: Traded Commodity Hscode/ 85 33
GrowthRate_Exports_EconomicActivity_ElectroMagnetsPermanentMagnetsIntendedPermanent,Growth Rate Exports Economic Activity: Traded Commodity Hscode/ 85 05
GrowthRate_Exports_EconomicActivity_ElectroMechanicalDomesticAppliancesWithSelf8509,Growth Rate Exports Economic Activity: Traded Commodity Hscode/ 85 09
GrowthRate_Exports_EconomicActivity_ElectronicIntegratedCircuits,Growth Rate Exports Economic Activity: Traded Commodity Hscode/ 85 42
GrowthRate_Exports_EconomicActivity_EmbroideryInThePieceInStripsOrInMotifs,Growth Rate Exports Economic Activity: Traded Commodity Hscode/ 58 10
GrowthRate_Exports_EconomicActivity_EnginesAndMotorsNECEGReactionEnginesHydraulicPower,Growth Rate Exports Economic Activity: Traded Commodity Hscode/ 84 12
GrowthRate_Exports_EconomicActivity_EngravingsPrintsAndLithographsOriginal,Growth Rate Exports Economic Activity: Traded Commodity Hscode/ 97 02
GrowthRate_Exports_EconomicActivity_EnvelopesLetterCardsPlainPostcardsAnd,Growth Rate Exports Economic Activity: Traded Commodity Hscode/ 48 17
GrowthRate_Exports_EconomicActivity_EnzymesPreparedEnzymesNotElsewhereSpecifiedOr,Growth Rate Exports Economic Activity: Traded Commodity Hscode/ 35 07
GrowthRate_Exports_EconomicActivity_EpoxidesEpoxyalcoholsEpoxyphenolsAndEpoxyether2910,Growth Rate Exports Economic Activity: Traded Commodity Hscode/ 29 10
GrowthRate_Exports_EconomicActivity_EssentialOilsAndResinoidsPerfumeryCosmeticOrToilet,Growth Rate Exports Economic Activity: Traded Commodity Hscode/ 33
GrowthRate_Exports_EconomicActivity_EstersOfOtherInorganicAcidsOfNonMetalsOtherThanOf,Growth Rate Exports Economic Activity: Traded Commodity Hscode/ 29 20
GrowthRate_Exports_EconomicActivity_EstersPhosphoricAndTheirSaltsIncluding2919,Growth Rate Exports Economic Activity: Traded Commodity Hscode/ 29 19
GrowthRate_Exports_EconomicActivity_EthersEtherAlcoholsEtherPhenolsEtherAlcoholPhenols,Growth Rate Exports Economic Activity: Traded Commodity Hscode/ 29 09
GrowthRate_Exports_EconomicActivity_EthylAlcoholUndenaturedOfAnAlcoholicStrengthBy2207,Growth Rate Exports Economic Activity: Traded Commodity Hscode/ 22 07
GrowthRate_Exports_EconomicActivity_EthylAlcoholUndenaturedOfAnAlcoholicStrengthBy2208,Growth Rate Exports Economic Activity: Traded Commodity Hscode/ 22 08
GrowthRate_Exports_EconomicActivity_ExplosivesPropellentPowders3601,Growth Rate Exports Economic Activity: Traded Commodity Hscode/ 36 01
GrowthRate_Exports_EconomicActivity_ExplosivesPyrotechnicProductsMatchesPyrophoric,Growth Rate Exports Economic Activity: Traded Commodity Hscode/ 36
GrowthRate_Exports_EconomicActivity_ExportSourceIndia,Rate of change of export from India
GrowthRate_Exports_EconomicActivity_ExtractsAndJuicesOfMeatFishOrCrustaceansMollus1603,Growth Rate Exports Economic Activity: Traded Commodity Hscode/ 16 03
GrowthRate_Exports_EconomicActivity_ExtractsEssencesConcentratesOfCoffeeTeaOrMate,Growth Rate Exports Economic Activity: Traded Commodity Hscode/ 21 01
GrowthRate_Exports_EconomicActivity_FabricatedAsbestosFibresMixturesWithABasisOf,Growth Rate Exports Economic Activity: Traded Commodity Hscode/ 68 12
GrowthRate_Exports_EconomicActivity_FabricsKnittedOrCrocheted,Growth Rate Exports Economic Activity: Traded Commodity Hscode/ 60
GrowthRate_Exports_EconomicActivity_FabricsKnittedOrCrochetedFabricsOfAWidthExceed6004,Growth Rate Exports Economic Activity: Traded Commodity Hscode/ 60 04
GrowthRate_Exports_EconomicActivity_FabricsKnittedOrCrochetedFabricsOtherThanThose6003,Growth Rate Exports Economic Activity: Traded Commodity Hscode/ 60 03
GrowthRate_Exports_EconomicActivity_FabricsKnittedOrCrochetedFabricsOtherThanThose6006,Growth Rate Exports Economic Activity: Traded Commodity Hscode/ 60 06
GrowthRate_Exports_EconomicActivity_FabricsKnittedOrCrochetedOtherThanThoseOfHeadi6002,Growth Rate Exports Economic Activity: Traded Commodity Hscode/ 60 02
GrowthRate_Exports_EconomicActivity_FabricsNarrowWovenOtherThanGoodsOfHeading5807,Growth Rate Exports Economic Activity: Traded Commodity Hscode/ 58 06
GrowthRate_Exports_EconomicActivity_FabricsPileFabricsIncludingLongPileFabricsAndTerry,Growth Rate Exports Economic Activity: Traded Commodity Hscode/ 60 01
GrowthRate_Exports_EconomicActivity_FabricsSpecialWovenFabricsTuftedTextileFabricsLace,Growth Rate Exports Economic Activity: Traded Commodity Hscode/ 58
GrowthRate_Exports_EconomicActivity_FabricsTerryTowellingAndSimilarWovenTerryFabrics,Growth Rate Exports Economic Activity: Traded Commodity Hscode/ 58 02
GrowthRate_Exports_EconomicActivity_FabricsWarpKnitIncludingThoseMadeOnGalloonKnit6005,Growth Rate Exports Economic Activity: Traded Commodity Hscode/ 60 05
GrowthRate_Exports_EconomicActivity_FabricsWovenOfMetalThreadAndMetallisedYarnOf5809,Growth Rate Exports Economic Activity: Traded Commodity Hscode/ 58 09
GrowthRate_Exports_EconomicActivity_FabricsWovenPileAndChenilleFabricsOtherThanFabrics,Growth Rate Exports Economic Activity: Traded Commodity Hscode/ 58 01
GrowthRate_Exports_EconomicActivity_FatsAndOilsAndTheirFractionsOfFishOrMarineMammals,Growth Rate Exports Economic Activity: Traded Commodity Hscode/ 15 04
GrowthRate_Exports_EconomicActivity_FatsOfBovineAnimalsSheepOrGoatsOtherThanThoseOf,Growth Rate Exports Economic Activity: Traded Commodity Hscode/ 15 02
GrowthRate_Exports_EconomicActivity_FeathersAndDownPreparedAndArticlesMadeOfFeatherOr,Growth Rate Exports Economic Activity: Traded Commodity Hscode/ 67
GrowthRate_Exports_EconomicActivity_FeldsparLeuciteNephelineAndNephelineSyenite,Growth Rate Exports Economic Activity: Traded Commodity Hscode/ 25 29
GrowthRate_Exports_EconomicActivity_FeltWhetherOrNotImpregnatedCoatedCoveredOr,Growth Rate Exports Economic Activity: Traded Commodity Hscode/ 56 02
GrowthRate_Exports_EconomicActivity_FermentedBeveragesNECInChapter22EGCiderPerryMead,Growth Rate Exports Economic Activity: Traded Commodity Hscode/ 22 06
GrowthRate_Exports_EconomicActivity_FerroAlloys,Growth Rate Exports Economic Activity: Traded Commodity Hscode/ 72 02
GrowthRate_Exports_EconomicActivity_FerroCeriumAndOtherPyrophoricAlloysInAllForms3606,Growth Rate Exports Economic Activity: Traded Commodity Hscode/ 36 06
GrowthRate_Exports_EconomicActivity_FerrousProductsObtainedByDirectReductionOfIron7203,Growth Rate Exports Economic Activity: Traded Commodity Hscode/ 72 03
GrowthRate_Exports_EconomicActivity_FerrousWasteAndScrapRemeltingScrapIngotsOfIronOr,Growth Rate Exports Economic Activity: Traded Commodity Hscode/ 72 04
GrowthRate_Exports_EconomicActivity_Fertilizers,Growth Rate Exports Economic Activity: Traded Commodity Hscode/ 31
GrowthRate_Exports_EconomicActivity_FertilizersAnimalOrVegetableWhetherOrNotMixed3101,Growth Rate Exports Economic Activity: Traded Commodity Hscode/ 31 01
GrowthRate_Exports_EconomicActivity_FertilizersMineralOrChemicalContaining2Or3OfThe,Growth Rate Exports Economic Activity: Traded Commodity Hscode/ 31 05
GrowthRate_Exports_EconomicActivity_FertilizersMineralOrChemicalNitrogenous,Growth Rate Exports Economic Activity: Traded Commodity Hscode/ 31 02
GrowthRate_Exports_EconomicActivity_FertilizersMineralOrChemicalPhosphatic3103,Growth Rate Exports Economic Activity: Traded Commodity Hscode/ 31 03
GrowthRate_Exports_EconomicActivity_FertilizersMineralOrChemicalPotassic,Growth Rate Exports Economic Activity: Traded Commodity Hscode/ 31 04
GrowthRate_Exports_EconomicActivity_FestiveCarnivalOrOtherEntertainmentArticles9505,Growth Rate Exports Economic Activity: Traded Commodity Hscode/ 95 05
GrowthRate_Exports_EconomicActivity_FibreboardOfWoodOrOtherLigneousMaterialsWhetherOr,Growth Rate Exports Economic Activity: Traded Commodity Hscode/ 44 11
GrowthRate_Exports_EconomicActivity_FilterBlocksSlabsAndPlatesOfPaperPulp,Growth Rate Exports Economic Activity: Traded Commodity Hscode/ 48 12
GrowthRate_Exports_EconomicActivity_FineOrCoarseAnimalHairNotCardedOrCombed,Growth Rate Exports Economic Activity: Traded Commodity Hscode/ 51 02
GrowthRate_Exports_EconomicActivity_FinishingAgentsDyeCarriersToAccelerateTheDyeing,Growth Rate Exports Economic Activity: Traded Commodity Hscode/ 38 09
GrowthRate_Exports_EconomicActivity_FirearmsEGSpringAirOrGasGunsAndPistolsTruncheo9304,Growth Rate Exports Economic Activity: Traded Commodity Hscode/ 93 04
GrowthRate_Exports_EconomicActivity_FirearmsOtherSimilarDevicesEGSportingShotgunsAnd,Growth Rate Exports Economic Activity: Traded Commodity Hscode/ 93 03
GrowthRate_Exports_EconomicActivity_FirearmsPartsAndAccessoriesOfArticlesOfHeadingNo,Growth Rate Exports Economic Activity: Traded Commodity Hscode/ 93 05
GrowthRate_Exports_EconomicActivity_FireworksSignallingFlaresRainRocketsFogSignalsAnd,Growth Rate Exports Economic Activity: Traded Commodity Hscode/ 36 04
GrowthRate_Exports_EconomicActivity_FishAndCrustaceansMolluscsAndOtherAquatic,Growth Rate Exports Economic Activity: Traded Commodity Hscode/ 03
GrowthRate_Exports_EconomicActivity_FishDriedSaltedOrInBrineSmokedFishWhetherOrNot,Growth Rate Exports Economic Activity: Traded Commodity Hscode/ 03 05
GrowthRate_Exports_EconomicActivity_FishFilletsAndOtherFishMeatWhetherOrNotMincedFresh,Growth Rate Exports Economic Activity: Traded Commodity Hscode/ 03 04
GrowthRate_Exports_EconomicActivity_FishFreshOrChilledExcludingFishFilletsAndOtherFish,Growth Rate Exports Economic Activity: Traded Commodity Hscode/ 03 02
GrowthRate_Exports_EconomicActivity_FishFrozenExcludingFishFilletsAndOtherFishMeatOf,Growth Rate Exports Economic Activity: Traded Commodity Hscode/ 03 03
GrowthRate_Exports_EconomicActivity_FishLive,Growth Rate Exports Economic Activity: Traded Commodity Hscode/ 03 01
GrowthRate_Exports_EconomicActivity_FishingRodsFishHooksAndOtherLineFishingTackleFish,Growth Rate Exports Economic Activity: Traded Commodity Hscode/ 95 07
GrowthRate_Exports_EconomicActivity_FishingVesselsFactoryShipsAndOtherVesselsFor8902,Growth Rate Exports Economic Activity: Traded Commodity Hscode/ 89 02
GrowthRate_Exports_EconomicActivity_FixedVegetableOrMicrobialFatsAndOilsNECInChapter15,Growth Rate Exports Economic Activity: Traded Commodity Hscode/ 15 15
GrowthRate_Exports_EconomicActivity_FlatPanelDisplayModulesWhetherOrNotIncorporati8524,Growth Rate Exports Economic Activity: Traded Commodity Hscode/ 85 24
GrowthRate_Exports_EconomicActivity_FlaxRawOrProcessedButNotSpunFlaxTowAndWaste,Growth Rate Exports Economic Activity: Traded Commodity Hscode/ 53 01
GrowthRate_Exports_EconomicActivity_FlaxYarn,Growth Rate Exports Economic Activity: Traded Commodity Hscode/ 53 06
GrowthRate_Exports_EconomicActivity_FloorCoveringsOfPlasticsSelfAdhesiveOrNotInRollsOr,Growth Rate Exports Economic Activity: Traded Commodity Hscode/ 39 18
GrowthRate_Exports_EconomicActivity_FlourMealAndPowderOfTheDriedLeguminousVegetabl1106,Growth Rate Exports Economic Activity: Traded Commodity Hscode/ 11 06
GrowthRate_Exports_EconomicActivity_FlourMealPowderFlakesGranulesAndPelletsOfPotatoes,Growth Rate Exports Economic Activity: Traded Commodity Hscode/ 11 05
GrowthRate_Exports_EconomicActivity_FloursAndMealsOfOilSeedsOrOleaginousFruitsOther,Growth Rate Exports Economic Activity: Traded Commodity Hscode/ 12 08
GrowthRate_Exports_EconomicActivity_FloursMealAndPelletsOfMeatOrMeatOffalOfFishOrOf,Growth Rate Exports Economic Activity: Traded Commodity Hscode/ 23 01
GrowthRate_Exports_EconomicActivity_FloursMealsAndPelletsOfFishCrustaceansMolluscsAnd,Growth Rate Exports Economic Activity: Traded Commodity Hscode/ 03 09
GrowthRate_Exports_EconomicActivity_FlowersCutFlowersAndFlowerBudsOfAKindSuitableF0603,Growth Rate Exports Economic Activity: Traded Commodity Hscode/ 06 03
GrowthRate_Exports_EconomicActivity_FlowersFoliageAndFruitArtificialAndPartsThereo6702,Growth Rate Exports Economic Activity: Traded Commodity Hscode/ 67 02
GrowthRate_Exports_EconomicActivity_FluoridesFluorosilicatesFluoroaluminatesAndOth2826,Growth Rate Exports Economic Activity: Traded Commodity Hscode/ 28 26
GrowthRate_Exports_EconomicActivity_FluorineChlorineBromineAndIodine,Growth Rate Exports Economic Activity: Traded Commodity Hscode/ 28 01
GrowthRate_Exports_EconomicActivity_FoliageBranchesAndOtherPartsOfPlantsWithoutFlo0604,Growth Rate Exports Economic Activity: Traded Commodity Hscode/ 06 04
GrowthRate_Exports_EconomicActivity_FoodIndustriesResiduesAndWastesThereofPrepared,Growth Rate Exports Economic Activity: Traded Commodity Hscode/ 23
GrowthRate_Exports_EconomicActivity_FoodPreparationsNotElsewhereSpecifiedOrIncluded,Growth Rate Exports Economic Activity: Traded Commodity Hscode/ 21 06
GrowthRate_Exports_EconomicActivity_FootwearGaitersAndTheLikePartsOfSuchArticles,Growth Rate Exports Economic Activity: Traded Commodity Hscode/ 64
GrowthRate_Exports_EconomicActivity_FootwearOtherFootwearNECInChapter64,Growth Rate Exports Economic Activity: Traded Commodity Hscode/ 64 05
GrowthRate_Exports_EconomicActivity_FootwearPartsOfFootwearRemovableInSolesHeel,Growth Rate Exports Economic Activity: Traded Commodity Hscode/ 64 06
GrowthRate_Exports_EconomicActivity_FootwearWaterproofWithOuterSolesAndUppersOfRubber,Growth Rate Exports Economic Activity: Traded Commodity Hscode/ 64 01
GrowthRate_Exports_EconomicActivity_FootwearWithOuterSolesAndUppersOfRubberOrPlast6402,Growth Rate Exports Economic Activity: Traded Commodity Hscode/ 64 02
GrowthRate_Exports_EconomicActivity_FootwearWithOuterSolesOfRubberPlasticsLeatherO6403,Growth Rate Exports Economic Activity: Traded Commodity Hscode/ 64 03
GrowthRate_Exports_EconomicActivity_FootwearWithOuterSolesOfRubberPlasticsLeatherO6404,Growth Rate Exports Economic Activity: Traded Commodity Hscode/ 64 04
GrowthRate_Exports_EconomicActivity_ForkLiftAndOtherWorksTrucksFittedWithLiftingOr8427,Growth Rate Exports Economic Activity: Traded Commodity Hscode/ 84 27
GrowthRate_Exports_EconomicActivity_FramesAndMountingsForSpectaclesGogglesOrTheLikeAnd,Growth Rate Exports Economic Activity: Traded Commodity Hscode/ 90 03
GrowthRate_Exports_EconomicActivity_FrictionMaterialAndArticlesThereofEGSheetsRoll6813,Growth Rate Exports Economic Activity: Traded Commodity Hscode/ 68 13
GrowthRate_Exports_EconomicActivity_FruitAndNutsEdiblePeelOfCitrusFruitOrMelons,Growth Rate Exports Economic Activity: Traded Commodity Hscode/ 08
GrowthRate_Exports_EconomicActivity_FruitAndNutsProvisionallyPreservedButUnsuitableIn,Growth Rate Exports Economic Activity: Traded Commodity Hscode/ 08 12
GrowthRate_Exports_EconomicActivity_FruitAndNutsUncookedOrCookedBySteamingOrBoilingIn,Growth Rate Exports Economic Activity: Traded Commodity Hscode/ 08 11
GrowthRate_Exports_EconomicActivity_FruitDriedOtherThanThatOfHeadingNo0801To0806,Growth Rate Exports Economic Activity: Traded Commodity Hscode/ 08 13
GrowthRate_Exports_EconomicActivity_FruitFreshNECInChapter08,Growth Rate Exports Economic Activity: Traded Commodity Hscode/ 08 10
GrowthRate_Exports_EconomicActivity_FruitNutsAndOtherEdiblePartsOfPlantsPreparedOr2008,Growth Rate Exports Economic Activity: Traded Commodity Hscode/ 20 08
GrowthRate_Exports_EconomicActivity_FruitOrNutJuicesIncludingGrapeMustAndCoconutWater,Growth Rate Exports Economic Activity: Traded Commodity Hscode/ 20 09
GrowthRate_Exports_EconomicActivity_FuelWoodInLogsBilletsTwigsFaggotsOrSimilarForms,Growth Rate Exports Economic Activity: Traded Commodity Hscode/ 44 01
GrowthRate_Exports_EconomicActivity_FurnaceBurnersForLiquidFuelForPulverisedSolidFuel,Growth Rate Exports Economic Activity: Traded Commodity Hscode/ 84 16
GrowthRate_Exports_EconomicActivity_FurnacesAndOvensIndustrialOrLaboratoryIncluding,Growth Rate Exports Economic Activity: Traded Commodity Hscode/ 84 17
GrowthRate_Exports_EconomicActivity_FurnishingArticlesExcludingThoseOfHeadingNo9404,Growth Rate Exports Economic Activity: Traded Commodity Hscode/ 63 04
GrowthRate_Exports_EconomicActivity_FurnitureAndPartsThereofNECInChapter94,Growth Rate Exports Economic Activity: Traded Commodity Hscode/ 94 03
GrowthRate_Exports_EconomicActivity_FurnitureBeddingMattressesMattressSupportsCushions,Growth Rate Exports Economic Activity: Traded Commodity Hscode/ 94
GrowthRate_Exports_EconomicActivity_FurnitureMedicalSurgicalDentalOrVeterinaryEG,Growth Rate Exports Economic Activity: Traded Commodity Hscode/ 94 02
GrowthRate_Exports_EconomicActivity_FurskinsAndArtificialFurManufacturesThereof,Growth Rate Exports Economic Activity: Traded Commodity Hscode/ 43
GrowthRate_Exports_EconomicActivity_GarmentsAndClothingAccessoriesBabiesKnittedOr,Growth Rate Exports Economic Activity: Traded Commodity Hscode/ 61 11
GrowthRate_Exports_EconomicActivity_GarmentsAndClothingAccessoriesBabiesNotKnittedOr,Growth Rate Exports Economic Activity: Traded Commodity Hscode/ 62 09
GrowthRate_Exports_EconomicActivity_GarmentsKnittedOrCrochetedNECInChapter61,Growth Rate Exports Economic Activity: Traded Commodity Hscode/ 61 14
GrowthRate_Exports_EconomicActivity_GarmentsMadeUpOfFabricsOfHeadingNo5602560359035906,Growth Rate Exports Economic Activity: Traded Commodity Hscode/ 62 10
GrowthRate_Exports_EconomicActivity_GarmentsMadeUpOfKnittedOrCrochetedFabricsOfHea6113,Growth Rate Exports Economic Activity: Traded Commodity Hscode/ 61 13
GrowthRate_Exports_EconomicActivity_GasLiquidOrElectricitySupplyOrProductionMeters,Growth Rate Exports Economic Activity: Traded Commodity Hscode/ 90 28
GrowthRate_Exports_EconomicActivity_GasketsAndSimilarJointsOfMetalSheetingCombined8484,Growth Rate Exports Economic Activity: Traded Commodity Hscode/ 84 84
GrowthRate_Exports_EconomicActivity_GauzeOtherThanNarrowFabricsOfHeadingNo58065803,Growth Rate Exports Economic Activity: Traded Commodity Hscode/ 58 03
GrowthRate_Exports_EconomicActivity_GelatinIncludingGelatinInRectangularSheetsWhet3503,Growth Rate Exports Economic Activity: Traded Commodity Hscode/ 35 03
GrowthRate_Exports_EconomicActivity_GeneratorsForProducerOrWaterGasWithOrWithoutTheir,Growth Rate Exports Economic Activity: Traded Commodity Hscode/ 84 05
GrowthRate_Exports_EconomicActivity_GingerSaffronTumericCurcumaThymeBayLeavesCurryAnd,Growth Rate Exports Economic Activity: Traded Commodity Hscode/ 09 10
GrowthRate_Exports_EconomicActivity_GlandsAndOtherOrgansExtractsSecretionsThereofFor,Growth Rate Exports Economic Activity: Traded Commodity Hscode/ 30 01
GrowthRate_Exports_EconomicActivity_GlassAndGlassware,Growth Rate Exports Economic Activity: Traded Commodity Hscode/ 70
GrowthRate_Exports_EconomicActivity_GlassArticlesNECInChapter707020,Growth Rate Exports Economic Activity: Traded Commodity Hscode/ 70 20
GrowthRate_Exports_EconomicActivity_GlassBeadsImitationPearlsPreciousOrSemiPrecious,Growth Rate Exports Economic Activity: Traded Commodity Hscode/ 70 18
GrowthRate_Exports_EconomicActivity_GlassCastGlassAndRolledGlassInSheetsOrProfiles,Growth Rate Exports Economic Activity: Traded Commodity Hscode/ 70 03
GrowthRate_Exports_EconomicActivity_GlassCulletAndOtherWasteAndScrapOfGlassExcludi7001,Growth Rate Exports Economic Activity: Traded Commodity Hscode/ 70 01
GrowthRate_Exports_EconomicActivity_GlassDrawnGlassAndBlownGlassInSheetsWhetherOrNot,Growth Rate Exports Economic Activity: Traded Commodity Hscode/ 70 04
GrowthRate_Exports_EconomicActivity_GlassEnvelopesIncludingBulbsAndTubesOpenAndGla7011,Growth Rate Exports Economic Activity: Traded Commodity Hscode/ 70 11
GrowthRate_Exports_EconomicActivity_GlassFibresIncludingGlassWoolAndArticlesThereofEG,Growth Rate Exports Economic Activity: Traded Commodity Hscode/ 70 19
GrowthRate_Exports_EconomicActivity_GlassFloatGlassAndSurfaceGroundOrPolishedGlass7005,Growth Rate Exports Economic Activity: Traded Commodity Hscode/ 70 05
GrowthRate_Exports_EconomicActivity_GlassInBallsOtherThanMicrospheresOfHeadingNo7018,Growth Rate Exports Economic Activity: Traded Commodity Hscode/ 70 02
GrowthRate_Exports_EconomicActivity_GlassMirrorsWhetherOrNotFramedIncludingRearView,Growth Rate Exports Economic Activity: Traded Commodity Hscode/ 70 09
GrowthRate_Exports_EconomicActivity_GlassMultipleWalledInsulatingUnitsOfGlass7008,Growth Rate Exports Economic Activity: Traded Commodity Hscode/ 70 08
GrowthRate_Exports_EconomicActivity_GlassPavingBlocksSlabsBricksTilesEtcOfPressed,Growth Rate Exports Economic Activity: Traded Commodity Hscode/ 70 16
GrowthRate_Exports_EconomicActivity_GlasswareOfAKindUsedForTableKitchenToiletOffic7013,Growth Rate Exports Economic Activity: Traded Commodity Hscode/ 70 13
GrowthRate_Exports_EconomicActivity_GlaziersPuttyGraftingPuttyResinCementsCaulking,Growth Rate Exports Economic Activity: Traded Commodity Hscode/ 32 14
GrowthRate_Exports_EconomicActivity_GlovesMittensAndMittsKnittedOrCrocheted,Growth Rate Exports Economic Activity: Traded Commodity Hscode/ 61 16
GrowthRate_Exports_EconomicActivity_GlovesMittensAndMittsNotKnittedOrCrocheted6216,Growth Rate Exports Economic Activity: Traded Commodity Hscode/ 62 16
GrowthRate_Exports_EconomicActivity_GlycerolCrudeGlycerolWatersAndGlycerolLyes1520,Growth Rate Exports Economic Activity: Traded Commodity Hscode/ 15 20
GrowthRate_Exports_EconomicActivity_GlycosidesNaturalOrReproducedBySynthesisAndTheir,Growth Rate Exports Economic Activity: Traded Commodity Hscode/ 29 38
GrowthRate_Exports_EconomicActivity_GoldIncludingGoldPlatedWithPlatinumUnwroughtOrIn,Growth Rate Exports Economic Activity: Traded Commodity Hscode/ 71 08
GrowthRate_Exports_EconomicActivity_GrainSorghum,Growth Rate Exports Economic Activity: Traded Commodity Hscode/ 10 07
GrowthRate_Exports_EconomicActivity_GranitePorphyryBasaltSandstoneOtherMonumentalAnd,Growth Rate Exports Economic Activity: Traded Commodity Hscode/ 25 16
GrowthRate_Exports_EconomicActivity_GranulatedSlagSlagSandFromTheManufactureOfIronOr,Growth Rate Exports Economic Activity: Traded Commodity Hscode/ 26 18
GrowthRate_Exports_EconomicActivity_GranulesAndPowdersOfPigIronSpiegeleisenIronOrSteel,Growth Rate Exports Economic Activity: Traded Commodity Hscode/ 72 05
GrowthRate_Exports_EconomicActivity_GrapesFreshOrDried,Growth Rate Exports Economic Activity: Traded Commodity Hscode/ 08 06
GrowthRate_Exports_EconomicActivity_GraphiteNatural,Growth Rate Exports Economic Activity: Traded Commodity Hscode/ 25 04
GrowthRate_Exports_EconomicActivity_GroundNutOilAndItsFractionsWhetherOrNotRefinedBut,Growth Rate Exports Economic Activity: Traded Commodity Hscode/ 15 08
GrowthRate_Exports_EconomicActivity_GroundNutsNotRoastedOrOtherwiseCookedWhetherOrNot,Growth Rate Exports Economic Activity: Traded Commodity Hscode/ 12 02
GrowthRate_Exports_EconomicActivity_GumWoodOrSulphateTurpentineOtherTerpenicOilsCrude,Growth Rate Exports Economic Activity: Traded Commodity Hscode/ 38 05
GrowthRate_Exports_EconomicActivity_GutsBladdersAndStomachsOfAnimalsOtherThanFishWhole,Growth Rate Exports Economic Activity: Traded Commodity Hscode/ 05 04
GrowthRate_Exports_EconomicActivity_GymnasticsAthleticsOtherSportsIncludingTableTennis,Growth Rate Exports Economic Activity: Traded Commodity Hscode/ 95 06
GrowthRate_Exports_EconomicActivity_GypsumAnhydritePlastersConsistingOfCalcinedGypsum,Growth Rate Exports Economic Activity: Traded Commodity Hscode/ 25 20
GrowthRate_Exports_EconomicActivity_HairPreparationsForUseOnTheHair,Growth Rate Exports Economic Activity: Traded Commodity Hscode/ 33 05
GrowthRate_Exports_EconomicActivity_HalidesAndHalideOxidesOfNonMetals,Growth Rate Exports Economic Activity: Traded Commodity Hscode/ 28 12
GrowthRate_Exports_EconomicActivity_HalogenatedDerivativesOfHydrocarbons,Growth Rate Exports Economic Activity: Traded Commodity Hscode/ 29 03
GrowthRate_Exports_EconomicActivity_HandSievesAndHandRiddles9604,Growth Rate Exports Economic Activity: Traded Commodity Hscode/ 96 04
GrowthRate_Exports_EconomicActivity_HandkerchiefsNotKnittedOrCrocheted,Growth Rate Exports Economic Activity: Traded Commodity Hscode/ 62 13
GrowthRate_Exports_EconomicActivity_HardRubberEGEboniteInAllFormsIncludingWasteAnd,Growth Rate Exports Economic Activity: Traded Commodity Hscode/ 40 17
GrowthRate_Exports_EconomicActivity_HarvestingAndThreshingMachineryStrawAndFodder,Growth Rate Exports Economic Activity: Traded Commodity Hscode/ 84 33
GrowthRate_Exports_EconomicActivity_HatFormsHatBodiesAndHoodsOfFeltNeitherBlockedT6501,Growth Rate Exports Economic Activity: Traded Commodity Hscode/ 65 01
GrowthRate_Exports_EconomicActivity_HatShapesPlaitedOrMadeByAssemblingStripsOfAny6502,Growth Rate Exports Economic Activity: Traded Commodity Hscode/ 65 02
GrowthRate_Exports_EconomicActivity_HatsAndOtherHeadgearKnittedOrCrochetedOrMadeUp6505,Growth Rate Exports Economic Activity: Traded Commodity Hscode/ 65 05
GrowthRate_Exports_EconomicActivity_HatsAndOtherHeadgearPlaitedOrMadeByAssembling6504,Growth Rate Exports Economic Activity: Traded Commodity Hscode/ 65 04
GrowthRate_Exports_EconomicActivity_HeadBandsLiningsCoversHatFoundationsHatFramesP6507,Growth Rate Exports Economic Activity: Traded Commodity Hscode/ 65 07
GrowthRate_Exports_EconomicActivity_HeadgearAndPartsThereof,Growth Rate Exports Economic Activity: Traded Commodity Hscode/ 65
GrowthRate_Exports_EconomicActivity_HeadgearNECInChapter65WhetherOrNotLinedOrTrimmed,Growth Rate Exports Economic Activity: Traded Commodity Hscode/ 65 06
GrowthRate_Exports_EconomicActivity_HeterocyclicCompoundsWithNitrogenHeteroAtomSOn2933,Growth Rate Exports Economic Activity: Traded Commodity Hscode/ 29 33
GrowthRate_Exports_EconomicActivity_HeterocyclicCompoundsWithOxygenHeteroAtomSOnly2932,Growth Rate Exports Economic Activity: Traded Commodity Hscode/ 29 32
GrowthRate_Exports_EconomicActivity_HoneyNatural0409,Growth Rate Exports Economic Activity: Traded Commodity Hscode/ 04 09
GrowthRate_Exports_EconomicActivity_HoopwoodSplitPolesPilesPicketsStakesOfWoodPointed,Growth Rate Exports Economic Activity: Traded Commodity Hscode/ 44 04
GrowthRate_Exports_EconomicActivity_HopConesFreshOrDriedWhetherOrNotGroundPowderedOrIn,Growth Rate Exports Economic Activity: Traded Commodity Hscode/ 12 10
GrowthRate_Exports_EconomicActivity_HormonesProstaglandinsThromboxanesAndLeukotrie2937,Growth Rate Exports Economic Activity: Traded Commodity Hscode/ 29 37
GrowthRate_Exports_EconomicActivity_HorsesAssesMulesAndHinniesLive,Growth Rate Exports Economic Activity: Traded Commodity Hscode/ 01 01
GrowthRate_Exports_EconomicActivity_HosieryPantyHoseTightsStockingsSocksAndOther,Growth Rate Exports Economic Activity: Traded Commodity Hscode/ 61 15
GrowthRate_Exports_EconomicActivity_HouseholdOrLaundryTypeWashingMachinesIncluding,Growth Rate Exports Economic Activity: Traded Commodity Hscode/ 84 50
GrowthRate_Exports_EconomicActivity_HumanBloodAnimalBloodForTherapeuticProphylacticOr,Growth Rate Exports Economic Activity: Traded Commodity Hscode/ 30 02
GrowthRate_Exports_EconomicActivity_HumanHairDressedThinnedBleachedOrOtherwiseWork6703,Growth Rate Exports Economic Activity: Traded Commodity Hscode/ 67 03
GrowthRate_Exports_EconomicActivity_HumanHairUnworkedWhetherOrNotWashedOrScouredWaste,Growth Rate Exports Economic Activity: Traded Commodity Hscode/ 05 01
GrowthRate_Exports_EconomicActivity_HydraulicBrakeFluidsAndOtherPreparedLiquidsFor,Growth Rate Exports Economic Activity: Traded Commodity Hscode/ 38 19
GrowthRate_Exports_EconomicActivity_HydrazineAndHydroxylamineAndTheirInorganicSalt2825,Growth Rate Exports Economic Activity: Traded Commodity Hscode/ 28 25
GrowthRate_Exports_EconomicActivity_HydridesNitridesAzidesSilicidesAndBoridesWheth2850,Growth Rate Exports Economic Activity: Traded Commodity Hscode/ 28 50
GrowthRate_Exports_EconomicActivity_HydrogenChlorideHydrochloricAcidChlorosulphuric,Growth Rate Exports Economic Activity: Traded Commodity Hscode/ 28 06
GrowthRate_Exports_EconomicActivity_HydrogenPeroxideWhetherOrNotSolidifiedWithUrea2847,Growth Rate Exports Economic Activity: Traded Commodity Hscode/ 28 47
GrowthRate_Exports_EconomicActivity_HydrogenRareGasesAndOtherNonMetals,Growth Rate Exports Economic Activity: Traded Commodity Hscode/ 28 04
GrowthRate_Exports_EconomicActivity_HydrometersAndSimilarFloatingInstruments9025,Growth Rate Exports Economic Activity: Traded Commodity Hscode/ 90 25
GrowthRate_Exports_EconomicActivity_HydroxideAndPeroxideOfMagnesiumOxidesHydroxidesAnd,Growth Rate Exports Economic Activity: Traded Commodity Hscode/ 28 16
GrowthRate_Exports_EconomicActivity_HygienicOrPharmaceuticalArticlesIncludingTeatsOf,Growth Rate Exports Economic Activity: Traded Commodity Hscode/ 40 14
GrowthRate_Exports_EconomicActivity_HypochloritesCommercialCalciumHypochlorite,Growth Rate Exports Economic Activity: Traded Commodity Hscode/ 28 28
GrowthRate_Exports_EconomicActivity_IceCreamAndOtherEdibleIceWhetherOrNotContainin2105,Growth Rate Exports Economic Activity: Traded Commodity Hscode/ 21 05
GrowthRate_Exports_EconomicActivity_IgnitionOrStartingEquipmentUsedForSparkIgnitionOr,Growth Rate Exports Economic Activity: Traded Commodity Hscode/ 85 11
GrowthRate_Exports_EconomicActivity_ImageProjectorsOtherThanCinematographic,Growth Rate Exports Economic Activity: Traded Commodity Hscode/ 90 08
GrowthRate_Exports_EconomicActivity_ImitationJewellery,Growth Rate Exports Economic Activity: Traded Commodity Hscode/ 71 17
GrowthRate_Exports_EconomicActivity_IndustrialMonocarboxylicFattyAcidsAcidOilsFrom3823,Growth Rate Exports Economic Activity: Traded Commodity Hscode/ 38 23
GrowthRate_Exports_EconomicActivity_IndustrialOrLaboratoryElectricFurnacesAndOvens,Growth Rate Exports Economic Activity: Traded Commodity Hscode/ 85 14
GrowthRate_Exports_EconomicActivity_InkPrintingWritingOrDrawingInkAndOtherInksWhether,Growth Rate Exports Economic Activity: Traded Commodity Hscode/ 32 15
GrowthRate_Exports_EconomicActivity_InnerTubesOfRubber,Growth Rate Exports Economic Activity: Traded Commodity Hscode/ 40 13
GrowthRate_Exports_EconomicActivity_InorganicAcidsAndOtherInorganicOxygenCompoundsOf,Growth Rate Exports Economic Activity: Traded Commodity Hscode/ 28 11
GrowthRate_Exports_EconomicActivity_InorganicChemicalsOrganicAndInorganicCompoundsOf,Growth Rate Exports Economic Activity: Traded Commodity Hscode/ 28
GrowthRate_Exports_EconomicActivity_InorganicOrOrganicCompoundsOfMercuryExcluding2852,Growth Rate Exports Economic Activity: Traded Commodity Hscode/ 28 52
GrowthRate_Exports_EconomicActivity_InsecticidesRodenticidesFungicidesHerbicidesAnti,Growth Rate Exports Economic Activity: Traded Commodity Hscode/ 38 08
GrowthRate_Exports_EconomicActivity_InstrumentPanelClocksAndClocksOfASimilarTypeFor,Growth Rate Exports Economic Activity: Traded Commodity Hscode/ 91 04
GrowthRate_Exports_EconomicActivity_InstrumentsAndApparatusForPhysicalOrChemical9027,Growth Rate Exports Economic Activity: Traded Commodity Hscode/ 90 27
GrowthRate_Exports_EconomicActivity_InstrumentsAndAppliancesUsedInMedicalSurgical,Growth Rate Exports Economic Activity: Traded Commodity Hscode/ 90 18
GrowthRate_Exports_EconomicActivity_InstrumentsApparatusAndModelsDesignedFor9023,Growth Rate Exports Economic Activity: Traded Commodity Hscode/ 90 23
GrowthRate_Exports_EconomicActivity_InstrumentsApparatusForMeasuringCheckingElectr9030,Growth Rate Exports Economic Activity: Traded Commodity Hscode/ 90 30
GrowthRate_Exports_EconomicActivity_InstrumentsApparatusForMeasuringOrCheckingTheFlow,Growth Rate Exports Economic Activity: Traded Commodity Hscode/ 90 26
GrowthRate_Exports_EconomicActivity_InsulatedWireCableAndOtherElectricConductors,Growth Rate Exports Economic Activity: Traded Commodity Hscode/ 85 44
GrowthRate_Exports_EconomicActivity_InsulatingFittingsForElectricalMachinesAppliances,Growth Rate Exports Economic Activity: Traded Commodity Hscode/ 85 47
GrowthRate_Exports_EconomicActivity_IonExchangersBasedOnPolymersOfHeadingNo3901To33914,Growth Rate Exports Economic Activity: Traded Commodity Hscode/ 39 14
GrowthRate_Exports_EconomicActivity_IronAndNonAlloySteelInIngotsOrOtherPrimaryForms,Growth Rate Exports Economic Activity: Traded Commodity Hscode/ 72 06
GrowthRate_Exports_EconomicActivity_IronAndSteel,Growth Rate Exports Economic Activity: Traded Commodity Hscode/ 72
GrowthRate_Exports_EconomicActivity_IronOrNonAlloySteelAnglesShapesAndSections,Growth Rate Exports Economic Activity: Traded Commodity Hscode/ 72 16
GrowthRate_Exports_EconomicActivity_IronOrNonAlloySteelBarsAndRodsHotRolledIn7213,Growth Rate Exports Economic Activity: Traded Commodity Hscode/ 72 13
GrowthRate_Exports_EconomicActivity_IronOrNonAlloySteelBarsAndRodsNECInChapter72,Growth Rate Exports Economic Activity: Traded Commodity Hscode/ 72 15
GrowthRate_Exports_EconomicActivity_IronOrNonAlloySteelBarsAndRodsNotFurtherWorkedThan,Growth Rate Exports Economic Activity: Traded Commodity Hscode/ 72 14
GrowthRate_Exports_EconomicActivity_IronOrNonAlloySteelFlatRolledProductsOfAWidthOf,Growth Rate Exports Economic Activity: Traded Commodity Hscode/ 72 08
GrowthRate_Exports_EconomicActivity_IronOrNonAlloySteelFlatRolledProductsWidth600m7209,Growth Rate Exports Economic Activity: Traded Commodity Hscode/ 72 09
GrowthRate_Exports_EconomicActivity_IronOrNonAlloySteelFlatRolledProductsWidth600m7210,Growth Rate Exports Economic Activity: Traded Commodity Hscode/ 72 10
GrowthRate_Exports_EconomicActivity_IronOrNonAlloySteelFlatRolledProductsWidthLess7211,Growth Rate Exports Economic Activity: Traded Commodity Hscode/ 72 11
GrowthRate_Exports_EconomicActivity_IronOrNonAlloySteelFlatRolledProductsWidthLess7212,Growth Rate Exports Economic Activity: Traded Commodity Hscode/ 72 12
GrowthRate_Exports_EconomicActivity_IronOrNonAlloySteelSemiFinishedProductsThereof,Growth Rate Exports Economic Activity: Traded Commodity Hscode/ 72 07
GrowthRate_Exports_EconomicActivity_IronOrSteelArticles,Growth Rate Exports Economic Activity: Traded Commodity Hscode/ 73
GrowthRate_Exports_EconomicActivity_IronOrSteelArticlesNECInChapter73,Growth Rate Exports Economic Activity: Traded Commodity Hscode/ 73 26
GrowthRate_Exports_EconomicActivity_IronOrSteelCastArticles,Growth Rate Exports Economic Activity: Traded Commodity Hscode/ 73 25
GrowthRate_Exports_EconomicActivity_IronOrSteelExcludingCastIronTubesAndPipesEGWelded,Growth Rate Exports Economic Activity: Traded Commodity Hscode/ 73 05
GrowthRate_Exports_EconomicActivity_IronOrSteelExcludingCastIronTubesPipesAndHollo7306,Growth Rate Exports Economic Activity: Traded Commodity Hscode/ 73 06
GrowthRate_Exports_EconomicActivity_IronOrSteelSheetPilingWhetherOrNotDrilledPunch7301,Growth Rate Exports Economic Activity: Traded Commodity Hscode/ 73 01
GrowthRate_Exports_EconomicActivity_IronOresAndConcentratesIncludingRoastedIronPyrites,Growth Rate Exports Economic Activity: Traded Commodity Hscode/ 26 01
GrowthRate_Exports_EconomicActivity_IronOxidesAndHydroxidesEarthColoursContaining70Or,Growth Rate Exports Economic Activity: Traded Commodity Hscode/ 28 21
GrowthRate_Exports_EconomicActivity_IronPyritesUnroasted2502,Growth Rate Exports Economic Activity: Traded Commodity Hscode/ 25 02
GrowthRate_Exports_EconomicActivity_IsotopesOtherThanThoseOfHeadingNo2844Compounds,Growth Rate Exports Economic Activity: Traded Commodity Hscode/ 28 45
GrowthRate_Exports_EconomicActivity_IvoryBoneTortoiseShellHornAntlersCoralMotherOf,Growth Rate Exports Economic Activity: Traded Commodity Hscode/ 96 01
GrowthRate_Exports_EconomicActivity_IvoryTortoiseShellWhaleboneAndWhaleboneHairHorns,Growth Rate Exports Economic Activity: Traded Commodity Hscode/ 05 07
GrowthRate_Exports_EconomicActivity_JamsFruitJelliesMarmaladesFruitOrNutPureeAndFr2007,Growth Rate Exports Economic Activity: Traded Commodity Hscode/ 20 07
GrowthRate_Exports_EconomicActivity_JerseysPulloversCardigansWaistcoatsAndSimilar6110,Growth Rate Exports Economic Activity: Traded Commodity Hscode/ 61 10
GrowthRate_Exports_EconomicActivity_JewelleryArticlesAndPartsThereofOfPreciousMetalOr,Growth Rate Exports Economic Activity: Traded Commodity Hscode/ 71 13
GrowthRate_Exports_EconomicActivity_JuteAndOtherTextileBastFibresNotFlaxTrueHempAnd,Growth Rate Exports Economic Activity: Traded Commodity Hscode/ 53 03
GrowthRate_Exports_EconomicActivity_KaolinAndOtherKaolinicClaysWhetherOrNotCalcine2507,Growth Rate Exports Economic Activity: Traded Commodity Hscode/ 25 07
GrowthRate_Exports_EconomicActivity_KetonesAndQuinonesWhetherOrNotWithOtherOxygen,Growth Rate Exports Economic Activity: Traded Commodity Hscode/ 29 14
GrowthRate_Exports_EconomicActivity_KnittingMachinesStitchBondingMachinesAndMachines,Growth Rate Exports Economic Activity: Traded Commodity Hscode/ 84 47
GrowthRate_Exports_EconomicActivity_KnivesAndCuttingBladesForMachinesOrForMechanical,Growth Rate Exports Economic Activity: Traded Commodity Hscode/ 82 08
GrowthRate_Exports_EconomicActivity_KnivesWithCuttingBladesSerratedOrNotIncluding8211,Growth Rate Exports Economic Activity: Traded Commodity Hscode/ 82 11
GrowthRate_Exports_EconomicActivity_LabelsBadgesAndSimilarArticlesOfTextileMaterialsIn,Growth Rate Exports Economic Activity: Traded Commodity Hscode/ 58 07
GrowthRate_Exports_EconomicActivity_LaboratoryChemicals9802,Growth Rate Exports Economic Activity: Traded Commodity Hscode/ 98 02
GrowthRate_Exports_EconomicActivity_LaboratoryHygienicOrPharmaceuticalGlasswareWhether,Growth Rate Exports Economic Activity: Traded Commodity Hscode/ 70 17
GrowthRate_Exports_EconomicActivity_LacGumsResinsAndOtherVegetableSapsAndExtracts,Growth Rate Exports Economic Activity: Traded Commodity Hscode/ 13
GrowthRate_Exports_EconomicActivity_LacNaturalGumsResinsGumResinsAndOleoresinsFor,Growth Rate Exports Economic Activity: Traded Commodity Hscode/ 13 01
GrowthRate_Exports_EconomicActivity_LampsElectricFilamentOrDischargeLampsIncluding,Growth Rate Exports Economic Activity: Traded Commodity Hscode/ 85 39
GrowthRate_Exports_EconomicActivity_LampsPortableElectricDesignedToFunctionByTheir8513,Growth Rate Exports Economic Activity: Traded Commodity Hscode/ 85 13
GrowthRate_Exports_EconomicActivity_LardStearinLardOilOleostearinOleoOilAndTallowO1503,Growth Rate Exports Economic Activity: Traded Commodity Hscode/ 15 03
GrowthRate_Exports_EconomicActivity_LasersOtherThanLaserDiodesOtherOpticalAppliances,Growth Rate Exports Economic Activity: Traded Commodity Hscode/ 90 13
GrowthRate_Exports_EconomicActivity_LathesForRemovingMetal,Growth Rate Exports Economic Activity: Traded Commodity Hscode/ 84 58
GrowthRate_Exports_EconomicActivity_LeadAndArticlesThereof,Growth Rate Exports Economic Activity: Traded Commodity Hscode/ 78
GrowthRate_Exports_EconomicActivity_LeadArticlesNECInChapter787806,Growth Rate Exports Economic Activity: Traded Commodity Hscode/ 78 06
GrowthRate_Exports_EconomicActivity_LeadOresAndConcentrates2607,Growth Rate Exports Economic Activity: Traded Commodity Hscode/ 26 07
GrowthRate_Exports_EconomicActivity_LeadOxidesRedLeadAndOrangeLead,Growth Rate Exports Economic Activity: Traded Commodity Hscode/ 28 24
GrowthRate_Exports_EconomicActivity_LeadPlatesSheetsStripAndFoilLeadPowdersAndFlakes,Growth Rate Exports Economic Activity: Traded Commodity Hscode/ 78 04
GrowthRate_Exports_EconomicActivity_LeadUnwrought,Growth Rate Exports Economic Activity: Traded Commodity Hscode/ 78 01
GrowthRate_Exports_EconomicActivity_LeadWasteAndScrap7802,Growth Rate Exports Economic Activity: Traded Commodity Hscode/ 78 02
GrowthRate_Exports_EconomicActivity_LeatherFurtherPreparedAfterTanningOrCrusting4107,Growth Rate Exports Economic Activity: Traded Commodity Hscode/ 41 07
GrowthRate_Exports_EconomicActivity_LeatherFurtherPreparedAfterTanningOrCrusting4112,Growth Rate Exports Economic Activity: Traded Commodity Hscode/ 41 12
GrowthRate_Exports_EconomicActivity_LeatherFurtherPreparedAfterTanningOrCrusting4113,Growth Rate Exports Economic Activity: Traded Commodity Hscode/ 41 13
GrowthRate_Exports_EconomicActivity_LeatherOrCompositionLeatherArticlesNECInChapter42,Growth Rate Exports Economic Activity: Traded Commodity Hscode/ 42 05
GrowthRate_Exports_EconomicActivity_LeguminousVegetablesShelledOrUnshelledFreshOr,Growth Rate Exports Economic Activity: Traded Commodity Hscode/ 07 08
GrowthRate_Exports_EconomicActivity_LensesPrismsMirrorsAndOtherOpticalElementsOfAny,Growth Rate Exports Economic Activity: Traded Commodity Hscode/ 90 02
GrowthRate_Exports_EconomicActivity_LettuceLactucaSativaAndChicoryCichoriumSppFreshOr,Growth Rate Exports Economic Activity: Traded Commodity Hscode/ 07 05
GrowthRate_Exports_EconomicActivity_LiftingHandlingLoadingOrUnloadingMachineryNECI8428,Growth Rate Exports Economic Activity: Traded Commodity Hscode/ 84 28
GrowthRate_Exports_EconomicActivity_LightVesselsFireFloatsDredgersFloatingCranesOther,Growth Rate Exports Economic Activity: Traded Commodity Hscode/ 89 05
GrowthRate_Exports_EconomicActivity_LightingOrVisualSignallingEquipmentExcluding,Growth Rate Exports Economic Activity: Traded Commodity Hscode/ 85 12
GrowthRate_Exports_EconomicActivity_LigniteWhetherOrNotAgglomeratedExcludingJet,Growth Rate Exports Economic Activity: Traded Commodity Hscode/ 27 02
GrowthRate_Exports_EconomicActivity_LimestoneFluxLimestoneAndOtherCalcareousStoneO2521,Growth Rate Exports Economic Activity: Traded Commodity Hscode/ 25 21
GrowthRate_Exports_EconomicActivity_LinoleumWhetherOrNotCutToShapeFloorCoverings,Growth Rate Exports Economic Activity: Traded Commodity Hscode/ 59 04
GrowthRate_Exports_EconomicActivity_LocustBeansSeaweedsAndOtherAlgaeSugarBeetSugarCane,Growth Rate Exports Economic Activity: Traded Commodity Hscode/ 12 12
GrowthRate_Exports_EconomicActivity_LubricatingPreparationsAndThoseUsedInOilOrGrease,Growth Rate Exports Economic Activity: Traded Commodity Hscode/ 34 03
GrowthRate_Exports_EconomicActivity_LuminairesAndLightFittingsIncludingSearchlights,Growth Rate Exports Economic Activity: Traded Commodity Hscode/ 94 05
GrowthRate_Exports_EconomicActivity_MachineToolsForDeburringSharpeningGrindingHoning,Growth Rate Exports Economic Activity: Traded Commodity Hscode/ 84 60
GrowthRate_Exports_EconomicActivity_MachineToolsForPlaningShapingSlottingBroachingGear,Growth Rate Exports Economic Activity: Traded Commodity Hscode/ 84 61
GrowthRate_Exports_EconomicActivity_MachineToolsForWorkingAnyMaterialByRemovalOf8456,Growth Rate Exports Economic Activity: Traded Commodity Hscode/ 84 56
GrowthRate_Exports_EconomicActivity_MachineToolsForWorkingStoneCeramicsConcrete8464,Growth Rate Exports Economic Activity: Traded Commodity Hscode/ 84 64
GrowthRate_Exports_EconomicActivity_MachineToolsIncludingMachinesForNailingStapling,Growth Rate Exports Economic Activity: Traded Commodity Hscode/ 84 65
GrowthRate_Exports_EconomicActivity_MachineToolsIncludingPressesForWorkingMetalBy8462,Growth Rate Exports Economic Activity: Traded Commodity Hscode/ 84 62
GrowthRate_Exports_EconomicActivity_MachineToolsIncludingWayTypeUnitHeadMachinesFor,Growth Rate Exports Economic Activity: Traded Commodity Hscode/ 84 59
GrowthRate_Exports_EconomicActivity_MachineToolsNECForWorkingMetalSinteredMetal,Growth Rate Exports Economic Activity: Traded Commodity Hscode/ 84 63
GrowthRate_Exports_EconomicActivity_MachineryAndApparatusForSolderingBrazingWelding,Growth Rate Exports Economic Activity: Traded Commodity Hscode/ 84 68
GrowthRate_Exports_EconomicActivity_MachineryAndMechanicalAppliancesBoilersNuclear,Growth Rate Exports Economic Activity: Traded Commodity Hscode/ 84
GrowthRate_Exports_EconomicActivity_MachineryAndMechanicalAppliancesHavingIndividual,Growth Rate Exports Economic Activity: Traded Commodity Hscode/ 84 79
GrowthRate_Exports_EconomicActivity_MachineryApparatusAndEquipmentExcludingMachine8442,Growth Rate Exports Economic Activity: Traded Commodity Hscode/ 84 42
GrowthRate_Exports_EconomicActivity_MachineryAuxiliaryForUseWithMachinesOfHeadingNo,Growth Rate Exports Economic Activity: Traded Commodity Hscode/ 84 48
GrowthRate_Exports_EconomicActivity_MachineryForMakingPulpOfFibrousCellulosicMater8439,Growth Rate Exports Economic Activity: Traded Commodity Hscode/ 84 39
GrowthRate_Exports_EconomicActivity_MachineryForManufactureOrFinishingFeltOrNonWov8449,Growth Rate Exports Economic Activity: Traded Commodity Hscode/ 84 49
GrowthRate_Exports_EconomicActivity_MachineryForPreparingOrMakingUpTobaccoNECInThi8478,Growth Rate Exports Economic Activity: Traded Commodity Hscode/ 84 78
GrowthRate_Exports_EconomicActivity_MachineryForPreparingTanningOrWorkingHidesSkin8453,Growth Rate Exports Economic Activity: Traded Commodity Hscode/ 84 53
GrowthRate_Exports_EconomicActivity_MachineryForSortingScreeningSeparatingWashing,Growth Rate Exports Economic Activity: Traded Commodity Hscode/ 84 74
GrowthRate_Exports_EconomicActivity_MachineryForWorkingRubberOrPlasticsOrForThe8477,Growth Rate Exports Economic Activity: Traded Commodity Hscode/ 84 77
GrowthRate_Exports_EconomicActivity_MachineryNECInThisChapterForTheIndustrial,Growth Rate Exports Economic Activity: Traded Commodity Hscode/ 84 38
GrowthRate_Exports_EconomicActivity_MachineryNotOfHeadingNo8450ForWashingCleaning,Growth Rate Exports Economic Activity: Traded Commodity Hscode/ 84 51
GrowthRate_Exports_EconomicActivity_MachineryPartsAndAccessoriesOtherThanCovers8473,Growth Rate Exports Economic Activity: Traded Commodity Hscode/ 84 73
GrowthRate_Exports_EconomicActivity_MachineryPartsNotContainingElectricalConnector8487,Growth Rate Exports Economic Activity: Traded Commodity Hscode/ 84 87
GrowthRate_Exports_EconomicActivity_MachineryPartsUsedSolelyOrPrincipallyWithThe,Growth Rate Exports Economic Activity: Traded Commodity Hscode/ 84 31
GrowthRate_Exports_EconomicActivity_MachineryPlantNotDomesticOrLaboratoryEquipment,Growth Rate Exports Economic Activity: Traded Commodity Hscode/ 84 19
GrowthRate_Exports_EconomicActivity_MachinesAndApparatusOfAKindUsedSolelyOrPrincip8486,Growth Rate Exports Economic Activity: Traded Commodity Hscode/ 84 86
GrowthRate_Exports_EconomicActivity_MachinesAndAppliancesForTestingTheHardnessStre9024,Growth Rate Exports Economic Activity: Traded Commodity Hscode/ 90 24
GrowthRate_Exports_EconomicActivity_MachinesAndAppliancesInstrumentsOrApparatusOf9033,Growth Rate Exports Economic Activity: Traded Commodity Hscode/ 90 33
GrowthRate_Exports_EconomicActivity_MachinesCalenderingOrOtherRollingMachinesForOt8420,Growth Rate Exports Economic Activity: Traded Commodity Hscode/ 84 20
GrowthRate_Exports_EconomicActivity_MachinesForAdditiveManufacturing,Growth Rate Exports Economic Activity: Traded Commodity Hscode/ 84 85
GrowthRate_Exports_EconomicActivity_MachinesForAssemblingElectricOrElectronicLamps8475,Growth Rate Exports Economic Activity: Traded Commodity Hscode/ 84 75
GrowthRate_Exports_EconomicActivity_MachinesForCleaningSortingGradingSeedGrainDried,Growth Rate Exports Economic Activity: Traded Commodity Hscode/ 84 37
GrowthRate_Exports_EconomicActivity_MachinesForMakingUpPaperPulpPaperOrPaperboard,Growth Rate Exports Economic Activity: Traded Commodity Hscode/ 84 41
GrowthRate_Exports_EconomicActivity_MachiningCentresUnitConstructionMachinesSingle,Growth Rate Exports Economic Activity: Traded Commodity Hscode/ 84 57
GrowthRate_Exports_EconomicActivity_MagnesiumArticlesThereofIncludingWasteAndScrap,Growth Rate Exports Economic Activity: Traded Commodity Hscode/ 81 04
GrowthRate_Exports_EconomicActivity_MaizeCorn,Growth Rate Exports Economic Activity: Traded Commodity Hscode/ 10 05
GrowthRate_Exports_EconomicActivity_MaltExtractFlourGroatsMealStarchMaltExtract,Growth Rate Exports Economic Activity: Traded Commodity Hscode/ 19 01
GrowthRate_Exports_EconomicActivity_MaltWhetherOrNotRoasted,Growth Rate Exports Economic Activity: Traded Commodity Hscode/ 11 07
GrowthRate_Exports_EconomicActivity_ManMadeFilamentYarnOtherThanSewingThreadPutUpF5406,Growth Rate Exports Economic Activity: Traded Commodity Hscode/ 54 06
GrowthRate_Exports_EconomicActivity_ManMadeFilamentsStripAndTheLikeOfManMadeTextile,Growth Rate Exports Economic Activity: Traded Commodity Hscode/ 54
GrowthRate_Exports_EconomicActivity_ManMadeStapleFibres,Growth Rate Exports Economic Activity: Traded Commodity Hscode/ 55
GrowthRate_Exports_EconomicActivity_ManganeseArticlesThereofIncludingWasteAndScrap8111,Growth Rate Exports Economic Activity: Traded Commodity Hscode/ 81 11
GrowthRate_Exports_EconomicActivity_ManganeseOresAndConcentratesIncludingFerrugino2602,Growth Rate Exports Economic Activity: Traded Commodity Hscode/ 26 02
GrowthRate_Exports_EconomicActivity_ManganeseOxides,Growth Rate Exports Economic Activity: Traded Commodity Hscode/ 28 20
GrowthRate_Exports_EconomicActivity_ManiocArrowrootSalepJerusalemArtichokesSweet,Growth Rate Exports Economic Activity: Traded Commodity Hscode/ 07 14
GrowthRate_Exports_EconomicActivity_ManufacturedTobaccoAndManufacturedTobacco,Growth Rate Exports Economic Activity: Traded Commodity Hscode/ 24 03
GrowthRate_Exports_EconomicActivity_ManufacturesOfStrawEspartoOrOtherPlaitingMaterials,Growth Rate Exports Economic Activity: Traded Commodity Hscode/ 46
GrowthRate_Exports_EconomicActivity_MapsAndHydrographicOrSimilarChartsOfAllKinds,Growth Rate Exports Economic Activity: Traded Commodity Hscode/ 49 05
GrowthRate_Exports_EconomicActivity_MarbleTravertineEcaussineAndOtherCalcareousStoneOf,Growth Rate Exports Economic Activity: Traded Commodity Hscode/ 25 15
GrowthRate_Exports_EconomicActivity_MargarineEdibleMixturesOrPreparationsOfAnimal,Growth Rate Exports Economic Activity: Traded Commodity Hscode/ 15 17
GrowthRate_Exports_EconomicActivity_MatchesOtherThanPyrotechnicArticlesOfHeadingNo3605,Growth Rate Exports Economic Activity: Traded Commodity Hscode/ 36 05
GrowthRate_Exports_EconomicActivity_Mate0903,Growth Rate Exports Economic Activity: Traded Commodity Hscode/ 09 03
GrowthRate_Exports_EconomicActivity_MattressSupportsArticlesOfBeddingEGMattresses,Growth Rate Exports Economic Activity: Traded Commodity Hscode/ 94 04
GrowthRate_Exports_EconomicActivity_MeasuringOrCheckingInstrumentsAppliancesAnd,Growth Rate Exports Economic Activity: Traded Commodity Hscode/ 90 31
GrowthRate_Exports_EconomicActivity_MeatAndEdibleMeatOffal,Growth Rate Exports Economic Activity: Traded Commodity Hscode/ 02
GrowthRate_Exports_EconomicActivity_MeatAndEdibleMeatOffalSaltedInBrineDriedOrSmok0210,Growth Rate Exports Economic Activity: Traded Commodity Hscode/ 02 10
GrowthRate_Exports_EconomicActivity_MeatAndEdibleOffalOfPoultryOfThePoultryOfHeadingNo,Growth Rate Exports Economic Activity: Traded Commodity Hscode/ 02 07
GrowthRate_Exports_EconomicActivity_MeatFishCrustaceansMolluscsOrOtherAquatic,Growth Rate Exports Economic Activity: Traded Commodity Hscode/ 16
GrowthRate_Exports_EconomicActivity_MeatOfBovineAnimalsFreshOrChilled,Growth Rate Exports Economic Activity: Traded Commodity Hscode/ 02 01
GrowthRate_Exports_EconomicActivity_MeatOfBovineAnimalsFrozen,Growth Rate Exports Economic Activity: Traded Commodity Hscode/ 02 02
GrowthRate_Exports_EconomicActivity_MeatOfSheepOrGoatsFreshChilledOrFrozen,Growth Rate Exports Economic Activity: Traded Commodity Hscode/ 02 04
GrowthRate_Exports_EconomicActivity_MeatOfSwineFreshChilledOrFrozen,Growth Rate Exports Economic Activity: Traded Commodity Hscode/ 02 03
GrowthRate_Exports_EconomicActivity_MechanicalAppliancesForProjectingDispersingOr8424,Growth Rate Exports Economic Activity: Traded Commodity Hscode/ 84 24
GrowthRate_Exports_EconomicActivity_MechanoTherapyMassageAppliancesPsychological,Growth Rate Exports Economic Activity: Traded Commodity Hscode/ 90 19
GrowthRate_Exports_EconomicActivity_MedicamentsNotGoodsOfHeadingNo30023005Or3006,Growth Rate Exports Economic Activity: Traded Commodity Hscode/ 30 04
GrowthRate_Exports_EconomicActivity_MedicamentsNotGoodsOfHeadingNo30023005Or3006OfTwo,Growth Rate Exports Economic Activity: Traded Commodity Hscode/ 30 03
GrowthRate_Exports_EconomicActivity_MelonsIncludingWatermelonsAndPapawsPapayasFresh,Growth Rate Exports Economic Activity: Traded Commodity Hscode/ 08 07
GrowthRate_Exports_EconomicActivity_MetalMiscellaneousProductsOfBaseMetal,Growth Rate Exports Economic Activity: Traded Commodity Hscode/ 83
GrowthRate_Exports_EconomicActivity_MetalPicklingPreparationsFluxesEtcForSoldering,Growth Rate Exports Economic Activity: Traded Commodity Hscode/ 38 10
GrowthRate_Exports_EconomicActivity_MetalRollingMillsAndRollsTherefor,Growth Rate Exports Economic Activity: Traded Commodity Hscode/ 84 55
GrowthRate_Exports_EconomicActivity_MetalsNECCermetsAndArticlesThereof,Growth Rate Exports Economic Activity: Traded Commodity Hscode/ 81
GrowthRate_Exports_EconomicActivity_MicaIncludingSplittingsMicaWaste,Growth Rate Exports Economic Activity: Traded Commodity Hscode/ 25 25
GrowthRate_Exports_EconomicActivity_MicaWorkedArticlesOfIncludingAgglomeratedOr,Growth Rate Exports Economic Activity: Traded Commodity Hscode/ 68 14
GrowthRate_Exports_EconomicActivity_MicrophonesAndTheirStandsLoudspeakersMountedOrNot,Growth Rate Exports Economic Activity: Traded Commodity Hscode/ 85 18
GrowthRate_Exports_EconomicActivity_MicroscopesCompoundOpticalIncludingThoseFor,Growth Rate Exports Economic Activity: Traded Commodity Hscode/ 90 11
GrowthRate_Exports_EconomicActivity_MicroscopesExcludingOpticalMicroscopesDiffract9012,Growth Rate Exports Economic Activity: Traded Commodity Hscode/ 90 12
GrowthRate_Exports_EconomicActivity_MilkAndCreamConcentratedOrContainingAddedSugarOr,Growth Rate Exports Economic Activity: Traded Commodity Hscode/ 04 02
GrowthRate_Exports_EconomicActivity_MilkAndCreamNotConcentratedNotContainingAddedSugar,Growth Rate Exports Economic Activity: Traded Commodity Hscode/ 04 01
GrowthRate_Exports_EconomicActivity_MilkingMachinesAndDairyMachinery,Growth Rate Exports Economic Activity: Traded Commodity Hscode/ 84 34
GrowthRate_Exports_EconomicActivity_MillstonesGrindstonesGrindingWheelsEtcWithout,Growth Rate Exports Economic Activity: Traded Commodity Hscode/ 68 04
GrowthRate_Exports_EconomicActivity_MineralFuelsMineralOilsAndProductsOfTheir,Growth Rate Exports Economic Activity: Traded Commodity Hscode/ 27
GrowthRate_Exports_EconomicActivity_MineralSubstancesNotElsewhereSpecifiedOrIncluded,Growth Rate Exports Economic Activity: Traded Commodity Hscode/ 25 30
GrowthRate_Exports_EconomicActivity_MiscellaneousEdiblePreparations,Growth Rate Exports Economic Activity: Traded Commodity Hscode/ 21
GrowthRate_Exports_EconomicActivity_MiscellaneousManufacturedArticles,Growth Rate Exports Economic Activity: Traded Commodity Hscode/ 96
GrowthRate_Exports_EconomicActivity_MixedAlkylbenzenesAndMixedAlkylnaphthalenesOth3817,Growth Rate Exports Economic Activity: Traded Commodity Hscode/ 38 17
GrowthRate_Exports_EconomicActivity_MixturesContainingHalogenatedDerivativesOfMeth3827,Growth Rate Exports Economic Activity: Traded Commodity Hscode/ 38 27
GrowthRate_Exports_EconomicActivity_ModellingPastesIncludingThoseForChildrenDentalWax,Growth Rate Exports Economic Activity: Traded Commodity Hscode/ 34 07
GrowthRate_Exports_EconomicActivity_MolassesResultingFromTheExtractionOrRefiningOf,Growth Rate Exports Economic Activity: Traded Commodity Hscode/ 17 03
GrowthRate_Exports_EconomicActivity_MolluscsWhetherInShellOrNotLiveFreshChilledFrozen,Growth Rate Exports Economic Activity: Traded Commodity Hscode/ 03 07
GrowthRate_Exports_EconomicActivity_MolybdenumArticlesThereofIncludingWasteAndScra8102,Growth Rate Exports Economic Activity: Traded Commodity Hscode/ 81 02
GrowthRate_Exports_EconomicActivity_MolybdenumOresAndConcentrates,Growth Rate Exports Economic Activity: Traded Commodity Hscode/ 26 13
GrowthRate_Exports_EconomicActivity_MonitorsAndProjectorsNotIncorporatingTelevision,Growth Rate Exports Economic Activity: Traded Commodity Hscode/ 85 28
GrowthRate_Exports_EconomicActivity_MonofilamentOfWhichAnyCrossSectionalDimension,Growth Rate Exports Economic Activity: Traded Commodity Hscode/ 39 16
GrowthRate_Exports_EconomicActivity_MonopodsBipodsTripodsAndSimilarArticles9620,Growth Rate Exports Economic Activity: Traded Commodity Hscode/ 96 20
GrowthRate_Exports_EconomicActivity_MonumentalOrBuildingStoneWorkedExceptSlateAnd,Growth Rate Exports Economic Activity: Traded Commodity Hscode/ 68 02
GrowthRate_Exports_EconomicActivity_MotorCarsAndOtherMotorVehiclesPrincipallyDesigned,Growth Rate Exports Economic Activity: Traded Commodity Hscode/ 87 03
GrowthRate_Exports_EconomicActivity_MotorVehiclesPartsAndAccessoriesOfHeadingNo8701To,Growth Rate Exports Economic Activity: Traded Commodity Hscode/ 87 08
GrowthRate_Exports_EconomicActivity_MotorcyclesIncludingMopedsAndCyclesFittedWithA8711,Growth Rate Exports Economic Activity: Traded Commodity Hscode/ 87 11
GrowthRate_Exports_EconomicActivity_MouldingBoxesForMetalFoundryMouldingPatternsMoulds,Growth Rate Exports Economic Activity: Traded Commodity Hscode/ 84 80
GrowthRate_Exports_EconomicActivity_MovingGradingLevellingScrapingExcavatingTamping,Growth Rate Exports Economic Activity: Traded Commodity Hscode/ 84 30
GrowthRate_Exports_EconomicActivity_MushroomsAndTrufflesPreparedOrPreservedOtherThanBy,Growth Rate Exports Economic Activity: Traded Commodity Hscode/ 20 03
GrowthRate_Exports_EconomicActivity_MusicPrintedOrInManuscriptWhetherOrNotBoundOr4904,Growth Rate Exports Economic Activity: Traded Commodity Hscode/ 49 04
GrowthRate_Exports_EconomicActivity_MusicalBoxesFairgroundAndMechanicalStreetOrgans,Growth Rate Exports Economic Activity: Traded Commodity Hscode/ 92 08
GrowthRate_Exports_EconomicActivity_MusicalInstrumentPartsForExampleMechanismsFor,Growth Rate Exports Economic Activity: Traded Commodity Hscode/ 92 09
GrowthRate_Exports_EconomicActivity_MusicalInstrumentsPartsAndAccessoriesOfSuch,Growth Rate Exports Economic Activity: Traded Commodity Hscode/ 92
GrowthRate_Exports_EconomicActivity_MusicalInstrumentsPercussionEGDrumsXylophones9206,Growth Rate Exports Economic Activity: Traded Commodity Hscode/ 92 06
GrowthRate_Exports_EconomicActivity_MusicalInstrumentsStringNECInHeadingNo9201EG,Growth Rate Exports Economic Activity: Traded Commodity Hscode/ 92 02
GrowthRate_Exports_EconomicActivity_MusicalInstrumentsTheSoundOfWhichIsProducedOrMust,Growth Rate Exports Economic Activity: Traded Commodity Hscode/ 92 07
GrowthRate_Exports_EconomicActivity_MusicalInstrumentsWindEGKeyboardPipeOrgans,Growth Rate Exports Economic Activity: Traded Commodity Hscode/ 92 05
GrowthRate_Exports_EconomicActivity_NailsTacksDrawingPinsCorrugatedNailsStaplesNot,Growth Rate Exports Economic Activity: Traded Commodity Hscode/ 73 17
GrowthRate_Exports_EconomicActivity_NaturalBariumSulphateBarytesNaturalBariumCarbonate,Growth Rate Exports Economic Activity: Traded Commodity Hscode/ 25 11
GrowthRate_Exports_EconomicActivity_NaturalBoratesAndConcentratesThereofWhetherOrN2528,Growth Rate Exports Economic Activity: Traded Commodity Hscode/ 25 28
GrowthRate_Exports_EconomicActivity_NaturalCalciumPhosphatesNaturalAluminiumCalciu2510,Growth Rate Exports Economic Activity: Traded Commodity Hscode/ 25 10
GrowthRate_Exports_EconomicActivity_NaturalCorkDebackedOrRoughlySquaredOrInRectangular,Growth Rate Exports Economic Activity: Traded Commodity Hscode/ 45 02
GrowthRate_Exports_EconomicActivity_NaturalCorkRawOrSimplyPreparedWasteCorkCrushed,Growth Rate Exports Economic Activity: Traded Commodity Hscode/ 45 01
GrowthRate_Exports_EconomicActivity_NaturalCulturedPearlsPreciousSemiPreciousStones,Growth Rate Exports Economic Activity: Traded Commodity Hscode/ 71
GrowthRate_Exports_EconomicActivity_NaturalMagnesiumCarbonateMagnesiteFusedMagnesia,Growth Rate Exports Economic Activity: Traded Commodity Hscode/ 25 19
GrowthRate_Exports_EconomicActivity_NaturalPolymersEGAlginicAcidAndModifiedNatural,Growth Rate Exports Economic Activity: Traded Commodity Hscode/ 39 13
GrowthRate_Exports_EconomicActivity_NaturalRubberBalataGuttaPerchaGuayuleChicleAnd,Growth Rate Exports Economic Activity: Traded Commodity Hscode/ 40 01
GrowthRate_Exports_EconomicActivity_NaturalSteatiteWhetherOrNotRoughlyTrimmedOrMerely,Growth Rate Exports Economic Activity: Traded Commodity Hscode/ 25 26
GrowthRate_Exports_EconomicActivity_NavigationalInstrumentsAndAppliancesDirection9014,Growth Rate Exports Economic Activity: Traded Commodity Hscode/ 90 14
GrowthRate_Exports_EconomicActivity_NewPneumaticTyresOfRubber,Growth Rate Exports Economic Activity: Traded Commodity Hscode/ 40 11
GrowthRate_Exports_EconomicActivity_NewspapersJournalsAndPeriodicalsWhetherOrNot4902,Growth Rate Exports Economic Activity: Traded Commodity Hscode/ 49 02
GrowthRate_Exports_EconomicActivity_NewsprintInRollsOrSheets,Growth Rate Exports Economic Activity: Traded Commodity Hscode/ 48 01
GrowthRate_Exports_EconomicActivity_NickelAndArticlesThereof,Growth Rate Exports Economic Activity: Traded Commodity Hscode/ 75
GrowthRate_Exports_EconomicActivity_NickelArticlesThereofNECInChapter75,Growth Rate Exports Economic Activity: Traded Commodity Hscode/ 75 08
GrowthRate_Exports_EconomicActivity_NickelBarsRodsProfilesAndWire,Growth Rate Exports Economic Activity: Traded Commodity Hscode/ 75 05
GrowthRate_Exports_EconomicActivity_NickelMattesNickelOxideSintersAndOtherIntermediate,Growth Rate Exports Economic Activity: Traded Commodity Hscode/ 75 01
GrowthRate_Exports_EconomicActivity_NickelPlatesSheetsStripAndFoil,Growth Rate Exports Economic Activity: Traded Commodity Hscode/ 75 06
GrowthRate_Exports_EconomicActivity_NickelPowdersAndFlakes7504,Growth Rate Exports Economic Activity: Traded Commodity Hscode/ 75 04
GrowthRate_Exports_EconomicActivity_NickelTubesPipesAndTubeOrPipeFittingsEGCouplings,Growth Rate Exports Economic Activity: Traded Commodity Hscode/ 75 07
GrowthRate_Exports_EconomicActivity_NickelUnwrought,Growth Rate Exports Economic Activity: Traded Commodity Hscode/ 75 02
GrowthRate_Exports_EconomicActivity_NickelWasteAndScrap7503,Growth Rate Exports Economic Activity: Traded Commodity Hscode/ 75 03
GrowthRate_Exports_EconomicActivity_NiobiumTantalumVanadiumOrZirconiumOresAnd,Growth Rate Exports Economic Activity: Traded Commodity Hscode/ 26 15
GrowthRate_Exports_EconomicActivity_NitricAcidSulphonitricAcids2808,Growth Rate Exports Economic Activity: Traded Commodity Hscode/ 28 08
GrowthRate_Exports_EconomicActivity_NitrileFunctionCompounds,Growth Rate Exports Economic Activity: Traded Commodity Hscode/ 29 26
GrowthRate_Exports_EconomicActivity_NitritesNitrates,Growth Rate Exports Economic Activity: Traded Commodity Hscode/ 28 34
GrowthRate_Exports_EconomicActivity_NitrogenFunctionCompoundsNECInChapter29,Growth Rate Exports Economic Activity: Traded Commodity Hscode/ 29 29
GrowthRate_Exports_EconomicActivity_NonwovensWhetherOrNotImpregnatedCoatedCoveredO5603,Growth Rate Exports Economic Activity: Traded Commodity Hscode/ 56 03
GrowthRate_Exports_EconomicActivity_NuclearReactorsFuelElementsCartridgesNonIrradiated,Growth Rate Exports Economic Activity: Traded Commodity Hscode/ 84 01
GrowthRate_Exports_EconomicActivity_NucleicAcidsAndTheirSaltsWhetherOrNotChemically,Growth Rate Exports Economic Activity: Traded Commodity Hscode/ 29 34
GrowthRate_Exports_EconomicActivity_NutmegMaceAndCardamoms,Growth Rate Exports Economic Activity: Traded Commodity Hscode/ 09 08
GrowthRate_Exports_EconomicActivity_NutsEdibleCoconutsBrazilNutsAndCashewNutsFreshOr,Growth Rate Exports Economic Activity: Traded Commodity Hscode/ 08 01
GrowthRate_Exports_EconomicActivity_NutsExcludingCoconutsBrazilsAndCashewNutsFreshOr,Growth Rate Exports Economic Activity: Traded Commodity Hscode/ 08 02
GrowthRate_Exports_EconomicActivity_Oats,Growth Rate Exports Economic Activity: Traded Commodity Hscode/ 10 04
GrowthRate_Exports_EconomicActivity_OdoriferousSubstancesAndMixturesIncludingAlcoholic,Growth Rate Exports Economic Activity: Traded Commodity Hscode/ 33 02
GrowthRate_Exports_EconomicActivity_OfficeEquipmentFilingCabinetsCardIndexCabinets8304,Growth Rate Exports Economic Activity: Traded Commodity Hscode/ 83 04
GrowthRate_Exports_EconomicActivity_OfficeMachinesNotElsewhereClassified8472,Growth Rate Exports Economic Activity: Traded Commodity Hscode/ 84 72
GrowthRate_Exports_EconomicActivity_OilCakeAndOtherSolidResiduesWhetherOrNotGround2304,Growth Rate Exports Economic Activity: Traded Commodity Hscode/ 23 04
GrowthRate_Exports_EconomicActivity_OilCakeAndOtherSolidResiduesWhetherOrNotGround2305,Growth Rate Exports Economic Activity: Traded Commodity Hscode/ 23 05
GrowthRate_Exports_EconomicActivity_OilCakeAndOtherSolidResiduesWhetherOrNotGround2306,Growth Rate Exports Economic Activity: Traded Commodity Hscode/ 23 06
GrowthRate_Exports_EconomicActivity_OilSeedsAndOleaginousFruitsMiscellaneousGrains,Growth Rate Exports Economic Activity: Traded Commodity Hscode/ 12
GrowthRate_Exports_EconomicActivity_OilSeedsAndOleaginousFruitsNECInChapter12WhetherOr,Growth Rate Exports Economic Activity: Traded Commodity Hscode/ 12 07
GrowthRate_Exports_EconomicActivity_OilSeedsLinseedWhetherOrNotBroken1204,Growth Rate Exports Economic Activity: Traded Commodity Hscode/ 12 04
GrowthRate_Exports_EconomicActivity_OilsAndOtherProductsOfTheDistillationOfHigh2707,Growth Rate Exports Economic Activity: Traded Commodity Hscode/ 27 07
GrowthRate_Exports_EconomicActivity_OilsEssentialConcretesAbsolutesConcentratesThereof,Growth Rate Exports Economic Activity: Traded Commodity Hscode/ 33 01
GrowthRate_Exports_EconomicActivity_OliveOilAndItsFractionsWhetherOrNotRefinedButNot,Growth Rate Exports Economic Activity: Traded Commodity Hscode/ 15 09
GrowthRate_Exports_EconomicActivity_OnionsShallotsGarlicLeeksAndOtherAlliaceous,Growth Rate Exports Economic Activity: Traded Commodity Hscode/ 07 03
GrowthRate_Exports_EconomicActivity_OpticalFibresAndOpticalFibreBundlesOpticalFibre,Growth Rate Exports Economic Activity: Traded Commodity Hscode/ 90 01
GrowthRate_Exports_EconomicActivity_OpticalPhotographicCinematographicMeasuring,Growth Rate Exports Economic Activity: Traded Commodity Hscode/ 90
GrowthRate_Exports_EconomicActivity_OralOrDentalHygienePreparationsIncludingFixative,Growth Rate Exports Economic Activity: Traded Commodity Hscode/ 33 06
GrowthRate_Exports_EconomicActivity_OresAndConcentratesNECInHeadingNo2601,Growth Rate Exports Economic Activity: Traded Commodity Hscode/ 26 17
GrowthRate_Exports_EconomicActivity_OresSlagAndAsh,Growth Rate Exports Economic Activity: Traded Commodity Hscode/ 26
GrowthRate_Exports_EconomicActivity_OrganicChemicals,Growth Rate Exports Economic Activity: Traded Commodity Hscode/ 29
GrowthRate_Exports_EconomicActivity_OrganicCompositeSolventsAndThinnersNotElsewhere,Growth Rate Exports Economic Activity: Traded Commodity Hscode/ 38 14
GrowthRate_Exports_EconomicActivity_OrganicCompoundsNECInChapter292942,Growth Rate Exports Economic Activity: Traded Commodity Hscode/ 29 42
GrowthRate_Exports_EconomicActivity_OrganicDerivativesOfHydrazineOrOfHydroxylamine2928,Growth Rate Exports Economic Activity: Traded Commodity Hscode/ 29 28
GrowthRate_Exports_EconomicActivity_OrganicSurfaceActiveAgentsNotSoapSurfaceActive,Growth Rate Exports Economic Activity: Traded Commodity Hscode/ 34 02
GrowthRate_Exports_EconomicActivity_OrganoSulphurCompounds,Growth Rate Exports Economic Activity: Traded Commodity Hscode/ 29 30
GrowthRate_Exports_EconomicActivity_OrthopaedicAppliancesIncludingCrutchesSurgical,Growth Rate Exports Economic Activity: Traded Commodity Hscode/ 90 21
GrowthRate_Exports_EconomicActivity_OtherOrganoInorganicCompounds,Growth Rate Exports Economic Activity: Traded Commodity Hscode/ 29 31
GrowthRate_Exports_EconomicActivity_OtherWovenFabricsOfCottonNECInChapter52,Growth Rate Exports Economic Activity: Traded Commodity Hscode/ 52 12
GrowthRate_Exports_EconomicActivity_OvercoatsCarCoatsCapesCloaksAnoraksIncludingSki,Growth Rate Exports Economic Activity: Traded Commodity Hscode/ 62 01
GrowthRate_Exports_EconomicActivity_OxidesOfBoronBoricAcids2810,Growth Rate Exports Economic Activity: Traded Commodity Hscode/ 28 10
GrowthRate_Exports_EconomicActivity_OxygenFunctionAminoCompounds,Growth Rate Exports Economic Activity: Traded Commodity Hscode/ 29 22
GrowthRate_Exports_EconomicActivity_PackingCasesBoxesCratesDrumsAndSimilarPackingsOf,Growth Rate Exports Economic Activity: Traded Commodity Hscode/ 44 15
GrowthRate_Exports_EconomicActivity_PadlocksAndLocksKeyCombinationElectricallyOperated,Growth Rate Exports Economic Activity: Traded Commodity Hscode/ 83 01
GrowthRate_Exports_EconomicActivity_PaintingsDrawingsAndPastelsExecutedEntirelyByH9701,Growth Rate Exports Economic Activity: Traded Commodity Hscode/ 97 01
GrowthRate_Exports_EconomicActivity_PaintsAndVarnishesIncludingEnamelsAndLacquersBased,Growth Rate Exports Economic Activity: Traded Commodity Hscode/ 32 09
GrowthRate_Exports_EconomicActivity_PaintsAndVarnishesIncludingEnamelsLacquersAnd3210,Growth Rate Exports Economic Activity: Traded Commodity Hscode/ 32 10
GrowthRate_Exports_EconomicActivity_PaintsVarnishesEnamelsAndLacquersBasedOnSynthetic,Growth Rate Exports Economic Activity: Traded Commodity Hscode/ 32 08
GrowthRate_Exports_EconomicActivity_PalmOilAndItsFractionsWhetherOrNotRefinedButNot,Growth Rate Exports Economic Activity: Traded Commodity Hscode/ 15 11
GrowthRate_Exports_EconomicActivity_PanelsBoardsTilesBlocksAndTheLikeOfVegetableFi6808,Growth Rate Exports Economic Activity: Traded Commodity Hscode/ 68 08
GrowthRate_Exports_EconomicActivity_PaperAndPaperboardArticlesOfPaperPulpOfPaperOr,Growth Rate Exports Economic Activity: Traded Commodity Hscode/ 48
GrowthRate_Exports_EconomicActivity_PaperAndPaperboardCoatedOneOrBothSidesWithKaolin,Growth Rate Exports Economic Activity: Traded Commodity Hscode/ 48 10
GrowthRate_Exports_EconomicActivity_PaperAndPaperboardCorrugatedWithOrWithoutGluedFlat,Growth Rate Exports Economic Activity: Traded Commodity Hscode/ 48 08
GrowthRate_Exports_EconomicActivity_PaperOrPaperboardLabelsOfAllKindsWhetherOrNot,Growth Rate Exports Economic Activity: Traded Commodity Hscode/ 48 21
GrowthRate_Exports_EconomicActivity_PaperPaperboardCelluloseWaddingAndWebsOfCellul4811,Growth Rate Exports Economic Activity: Traded Commodity Hscode/ 48 11
GrowthRate_Exports_EconomicActivity_PaperPaperboardCelluloseWaddingAndWebsOfCellul4823,Growth Rate Exports Economic Activity: Traded Commodity Hscode/ 48 23
GrowthRate_Exports_EconomicActivity_ParachutesIncludingDirigibleParachutesAnd8804,Growth Rate Exports Economic Activity: Traded Commodity Hscode/ 88 04
GrowthRate_Exports_EconomicActivity_ParticleBoardOrientedStrandBoardOsbAndSimilarB4410,Growth Rate Exports Economic Activity: Traded Commodity Hscode/ 44 10
GrowthRate_Exports_EconomicActivity_PartsAccessoriesSuitedForUseOnlyMainlyWithMachines,Growth Rate Exports Economic Activity: Traded Commodity Hscode/ 84 66
GrowthRate_Exports_EconomicActivity_PartsSuitableForUseSolelyOrPrincipallyWithThe,Growth Rate Exports Economic Activity: Traded Commodity Hscode/ 84 09
GrowthRate_Exports_EconomicActivity_PastaWhetherOrNotCookedOrStuffedWithMeatOrOther,Growth Rate Exports Economic Activity: Traded Commodity Hscode/ 19 02
GrowthRate_Exports_EconomicActivity_PearlsNaturalOrCulturedWhetherOrNotWorkedOrGraded,Growth Rate Exports Economic Activity: Traded Commodity Hscode/ 71 01
GrowthRate_Exports_EconomicActivity_PeatIncludingPeatLitterWhetherOrNotAgglomerate2703,Growth Rate Exports Economic Activity: Traded Commodity Hscode/ 27 03
GrowthRate_Exports_EconomicActivity_PebblesGravelCrushedStoneForConcreteAggregatesFor,Growth Rate Exports Economic Activity: Traded Commodity Hscode/ 25 17
GrowthRate_Exports_EconomicActivity_PeelOfCitrusFruitOrMelonsIncludingWatermelonsF0814,Growth Rate Exports Economic Activity: Traded Commodity Hscode/ 08 14
GrowthRate_Exports_EconomicActivity_PencilsNotOfHeadingNo9608CrayonsPencilLeadsPastels,Growth Rate Exports Economic Activity: Traded Commodity Hscode/ 96 09
GrowthRate_Exports_EconomicActivity_PensBallPointFeltTippedOtherPorousTippedPens,Growth Rate Exports Economic Activity: Traded Commodity Hscode/ 96 08
GrowthRate_Exports_EconomicActivity_PepperOfTheGenusPiperDriedOrCrushedOrGroundFruits,Growth Rate Exports Economic Activity: Traded Commodity Hscode/ 09 04
GrowthRate_Exports_EconomicActivity_PeptonesAndTheirDerivativesOtherProteinSubstan3504,Growth Rate Exports Economic Activity: Traded Commodity Hscode/ 35 04
GrowthRate_Exports_EconomicActivity_PerfumeryCosmeticOrToiletPreparationsPreShave3307,Growth Rate Exports Economic Activity: Traded Commodity Hscode/ 33 07
GrowthRate_Exports_EconomicActivity_PerfumesAndToiletWaters3303,Growth Rate Exports Economic Activity: Traded Commodity Hscode/ 33 03
GrowthRate_Exports_EconomicActivity_PetroleumCokePetroleumBitumenOtherResiduesOf,Growth Rate Exports Economic Activity: Traded Commodity Hscode/ 27 13
GrowthRate_Exports_EconomicActivity_PetroleumGasesAndOtherGaseousHydrocarbons,Growth Rate Exports Economic Activity: Traded Commodity Hscode/ 27 11
GrowthRate_Exports_EconomicActivity_PetroleumJellyParaffinWaxMicroCrystallinePetroleum,Growth Rate Exports Economic Activity: Traded Commodity Hscode/ 27 12
GrowthRate_Exports_EconomicActivity_PetroleumOilsAndOilsFromBituminousMineralsNotCrude,Growth Rate Exports Economic Activity: Traded Commodity Hscode/ 27 10
GrowthRate_Exports_EconomicActivity_PetroleumResinsCoumaroneIndeneResinsPolyterpenes,Growth Rate Exports Economic Activity: Traded Commodity Hscode/ 39 11
GrowthRate_Exports_EconomicActivity_PharmaceuticalGoods,Growth Rate Exports Economic Activity: Traded Commodity Hscode/ 30 06
GrowthRate_Exports_EconomicActivity_PharmaceuticalProducts,Growth Rate Exports Economic Activity: Traded Commodity Hscode/ 30
GrowthRate_Exports_EconomicActivity_PhenolsMonophenolsPolyphenolsAndPhenolAlcohols,Growth Rate Exports Economic Activity: Traded Commodity Hscode/ 29 07
GrowthRate_Exports_EconomicActivity_PhenolsOrPhenolAlcoholsHalogenatedSulphonated,Growth Rate Exports Economic Activity: Traded Commodity Hscode/ 29 08
GrowthRate_Exports_EconomicActivity_PhosphidesChemicallyDefinedOrNotNotFerrophosph2853,Growth Rate Exports Economic Activity: Traded Commodity Hscode/ 28 53
GrowthRate_Exports_EconomicActivity_PhosphinatesHypophosphitesPhosphonatesPhosphites,Growth Rate Exports Economic Activity: Traded Commodity Hscode/ 28 35
GrowthRate_Exports_EconomicActivity_PhotographicFilmInRollsSensitisedUnexposedOfAny,Growth Rate Exports Economic Activity: Traded Commodity Hscode/ 37 02
GrowthRate_Exports_EconomicActivity_PhotographicIncludingCinematographicLaboratory,Growth Rate Exports Economic Activity: Traded Commodity Hscode/ 90 10
GrowthRate_Exports_EconomicActivity_PhotographicOrCinematographicGoods,Growth Rate Exports Economic Activity: Traded Commodity Hscode/ 37
GrowthRate_Exports_EconomicActivity_PhotographicPaperPaperboardAndTextilesSensitised,Growth Rate Exports Economic Activity: Traded Commodity Hscode/ 37 03
GrowthRate_Exports_EconomicActivity_PhotographicPlatesAndFilmExposedAndDevelopedOt3705,Growth Rate Exports Economic Activity: Traded Commodity Hscode/ 37 05
GrowthRate_Exports_EconomicActivity_PhotographicPlatesAndFilmInTheFlatSensitised3701,Growth Rate Exports Economic Activity: Traded Commodity Hscode/ 37 01
GrowthRate_Exports_EconomicActivity_PhotographicPlatesFilmPaperPaperboardAndTextil3704,Growth Rate Exports Economic Activity: Traded Commodity Hscode/ 37 04
GrowthRate_Exports_EconomicActivity_PianosIncludingAutomaticPianosHarpsichordsAndOther,Growth Rate Exports Economic Activity: Traded Commodity Hscode/ 92 01
GrowthRate_Exports_EconomicActivity_PigFatIncludingLardAndPoultryFatOtherThanThatOf,Growth Rate Exports Economic Activity: Traded Commodity Hscode/ 15 01
GrowthRate_Exports_EconomicActivity_PigIronAndSpiegeleisenInPigsBlocksOrOtherPrimary,Growth Rate Exports Economic Activity: Traded Commodity Hscode/ 72 01
GrowthRate_Exports_EconomicActivity_PigmentsMetallicPowdersAndFlakesDispersedInNon,Growth Rate Exports Economic Activity: Traded Commodity Hscode/ 32 12
GrowthRate_Exports_EconomicActivity_PigmentsPreparedOpacifiersColoursVitrifiable,Growth Rate Exports Economic Activity: Traded Commodity Hscode/ 32 07
GrowthRate_Exports_EconomicActivity_PigsHogsOrBoarsBristlesAndHairAndWasteThereof,Growth Rate Exports Economic Activity: Traded Commodity Hscode/ 05 02
GrowthRate_Exports_EconomicActivity_PitchAndPitchCokeObtainedFromCoalTarOrFromOther,Growth Rate Exports Economic Activity: Traded Commodity Hscode/ 27 08
GrowthRate_Exports_EconomicActivity_PlaitsAndSimilarProductsOfPlaitingMaterials,Growth Rate Exports Economic Activity: Traded Commodity Hscode/ 46 01
GrowthRate_Exports_EconomicActivity_PlansAndDrawingsForArchitecturalEngineering4906,Growth Rate Exports Economic Activity: Traded Commodity Hscode/ 49 06
GrowthRate_Exports_EconomicActivity_PlantsAndPartsOfPlantsIncludingSeedsAndFruitsOfA,Growth Rate Exports Economic Activity: Traded Commodity Hscode/ 12 11
GrowthRate_Exports_EconomicActivity_PlantsLiveNECInHeadingNo0601IncludingTheirRoots,Growth Rate Exports Economic Activity: Traded Commodity Hscode/ 06 02
GrowthRate_Exports_EconomicActivity_PlasterOrCompositionsBasedOnPlasterArticlesThereof,Growth Rate Exports Economic Activity: Traded Commodity Hscode/ 68 09
GrowthRate_Exports_EconomicActivity_PlasticArticlesForTheConveyanceOrPackingOfGoods,Growth Rate Exports Economic Activity: Traded Commodity Hscode/ 39 23
GrowthRate_Exports_EconomicActivity_PlasticPlatesSheetsFilmFoilAndStripNECInChapter39,Growth Rate Exports Economic Activity: Traded Commodity Hscode/ 39 21
GrowthRate_Exports_EconomicActivity_PlasticsAndArticlesThereof,Growth Rate Exports Economic Activity: Traded Commodity Hscode/ 39
GrowthRate_Exports_EconomicActivity_PlasticsBuildersWaresNECOrIncluded,Growth Rate Exports Economic Activity: Traded Commodity Hscode/ 39 25
GrowthRate_Exports_EconomicActivity_PlasticsPlatesSheetsFilmFoilAndStripNotSelf3920,Growth Rate Exports Economic Activity: Traded Commodity Hscode/ 39 20
GrowthRate_Exports_EconomicActivity_PlatesSheetsStripRodsAndProfileShapesOfVulcanised,Growth Rate Exports Economic Activity: Traded Commodity Hscode/ 40 08
GrowthRate_Exports_EconomicActivity_PlatinumUnwroughtOrInSemiManufacturedFormsOrIn,Growth Rate Exports Economic Activity: Traded Commodity Hscode/ 71 10
GrowthRate_Exports_EconomicActivity_PlywoodVeneeredPanelsAndSimilarLaminatedWood4412,Growth Rate Exports Economic Activity: Traded Commodity Hscode/ 44 12
GrowthRate_Exports_EconomicActivity_PolishesCreamsScouringPastesPowdersAndSimilarInAny,Growth Rate Exports Economic Activity: Traded Commodity Hscode/ 34 05
GrowthRate_Exports_EconomicActivity_PolyacetalsOtherPolyethersAndEpoxideResinsIn,Growth Rate Exports Economic Activity: Traded Commodity Hscode/ 39 07
GrowthRate_Exports_EconomicActivity_PolyamidesInPrimaryForms,Growth Rate Exports Economic Activity: Traded Commodity Hscode/ 39 08
GrowthRate_Exports_EconomicActivity_PolymersOfEthyleneInPrimaryForms,Growth Rate Exports Economic Activity: Traded Commodity Hscode/ 39 01
GrowthRate_Exports_EconomicActivity_PolymersOfPropyleneOrOfOtherOlefinsInPrimaryForms,Growth Rate Exports Economic Activity: Traded Commodity Hscode/ 39 02
GrowthRate_Exports_EconomicActivity_PolymersOfStyreneInPrimaryForms,Growth Rate Exports Economic Activity: Traded Commodity Hscode/ 39 03
GrowthRate_Exports_EconomicActivity_PolymersOfVinylAcetateOrOfOtherVinylEstersIn,Growth Rate Exports Economic Activity: Traded Commodity Hscode/ 39 05
GrowthRate_Exports_EconomicActivity_PolymersOfVinylChlorideOrOfOtherHalogenatedOlefins,Growth Rate Exports Economic Activity: Traded Commodity Hscode/ 39 04
GrowthRate_Exports_EconomicActivity_PortlandCementAluminousCementCimentFonduSlagCement,Growth Rate Exports Economic Activity: Traded Commodity Hscode/ 25 23
GrowthRate_Exports_EconomicActivity_PotatoesFreshOrChilled,Growth Rate Exports Economic Activity: Traded Commodity Hscode/ 07 01
GrowthRate_Exports_EconomicActivity_PoultryLiveFowlsOfTheSpeciesGallusDomesticusDucks,Growth Rate Exports Economic Activity: Traded Commodity Hscode/ 01 05
GrowthRate_Exports_EconomicActivity_PreciousExcludingDiamondAndSemiPreciousStoneWorked,Growth Rate Exports Economic Activity: Traded Commodity Hscode/ 71 03
GrowthRate_Exports_EconomicActivity_PreciousMetalOresAndConcentrates,Growth Rate Exports Economic Activity: Traded Commodity Hscode/ 26 16
GrowthRate_Exports_EconomicActivity_PreparationsAndChargesForFireExtinguishersCharged,Growth Rate Exports Economic Activity: Traded Commodity Hscode/ 38 13
GrowthRate_Exports_EconomicActivity_PreparationsOfAKindUsedInAnimalFeeding,Growth Rate Exports Economic Activity: Traded Commodity Hscode/ 23 09
GrowthRate_Exports_EconomicActivity_PreparationsOfCerealsFlourStarchOrMilkPastrycooks,Growth Rate Exports Economic Activity: Traded Commodity Hscode/ 19
GrowthRate_Exports_EconomicActivity_PreparationsOfVegetablesFruitNutsOrOtherPartsOf,Growth Rate Exports Economic Activity: Traded Commodity Hscode/ 20
GrowthRate_Exports_EconomicActivity_PreparedBindersForFoundryMouldsOrCoresChemical,Growth Rate Exports Economic Activity: Traded Commodity Hscode/ 38 24
GrowthRate_Exports_EconomicActivity_PreparedCultureMediaForTheDevelopmentOrMainten3821,Growth Rate Exports Economic Activity: Traded Commodity Hscode/ 38 21
GrowthRate_Exports_EconomicActivity_PreparedExplosivesOtherThanPropellentPowders,Growth Rate Exports Economic Activity: Traded Commodity Hscode/ 36 02
GrowthRate_Exports_EconomicActivity_PreparedFoodsObtainedBySwellingOrRoastingCerealsOr,Growth Rate Exports Economic Activity: Traded Commodity Hscode/ 19 04
GrowthRate_Exports_EconomicActivity_PreparedGluesAndOtherPreparedAdhesivesNECOr,Growth Rate Exports Economic Activity: Traded Commodity Hscode/ 35 06
GrowthRate_Exports_EconomicActivity_PreparedOrPreservedFishCaviarAndCaviarSubstitutes,Growth Rate Exports Economic Activity: Traded Commodity Hscode/ 16 04
GrowthRate_Exports_EconomicActivity_PreparedOrPreservedMeatMeatOffalBloodOrInsects,Growth Rate Exports Economic Activity: Traded Commodity Hscode/ 16 02
GrowthRate_Exports_EconomicActivity_PreparedRubberAcceleratorsCompoundPlasticisersFor,Growth Rate Exports Economic Activity: Traded Commodity Hscode/ 38 12
GrowthRate_Exports_EconomicActivity_PressesCrushersAndSimilarMachineryUsedInThe8435,Growth Rate Exports Economic Activity: Traded Commodity Hscode/ 84 35
GrowthRate_Exports_EconomicActivity_PrintedBooksBrochuresLeafletsAndSimilarPrinted,Growth Rate Exports Economic Activity: Traded Commodity Hscode/ 49 01
GrowthRate_Exports_EconomicActivity_PrintedBooksNewspapersPicturesAndOtherProductsOf,Growth Rate Exports Economic Activity: Traded Commodity Hscode/ 49
GrowthRate_Exports_EconomicActivity_PrintedMatterNECIncludingPrintedPicturesAnd,Growth Rate Exports Economic Activity: Traded Commodity Hscode/ 49 11
GrowthRate_Exports_EconomicActivity_PrintedOrIllustratedPostcardsPrintedCardsBeari4909,Growth Rate Exports Economic Activity: Traded Commodity Hscode/ 49 09
GrowthRate_Exports_EconomicActivity_PrintingMachineryUsedForPrintingByMeansOfPlate8443,Growth Rate Exports Economic Activity: Traded Commodity Hscode/ 84 43
GrowthRate_Exports_EconomicActivity_ProductsContainingTobaccoReconstitutedTobacco,Growth Rate Exports Economic Activity: Traded Commodity Hscode/ 24 04
GrowthRate_Exports_EconomicActivity_ProductsOfTheMillingIndustryMaltStarchesInulin,Growth Rate Exports Economic Activity: Traded Commodity Hscode/ 11
GrowthRate_Exports_EconomicActivity_ProjectGoods,Growth Rate Exports Economic Activity: Traded Commodity Hscode/ 98 01
GrowthRate_Exports_EconomicActivity_ProjectGoodsSpecialCases,Growth Rate Exports Economic Activity: Traded Commodity Hscode/ 98
GrowthRate_Exports_EconomicActivity_ProvitaminsVitaminsNaturalOrReproducedBySynthesis,Growth Rate Exports Economic Activity: Traded Commodity Hscode/ 29 36
GrowthRate_Exports_EconomicActivity_PrtsOfGoodsOfHdgNo8801Or8802,Growth Rate Exports Economic Activity: Traded Commodity Hscode/ 88 03
GrowthRate_Exports_EconomicActivity_PulleyTackleAndHoistsOtherThanSkipHoistsWinchesAnd,Growth Rate Exports Economic Activity: Traded Commodity Hscode/ 84 25
GrowthRate_Exports_EconomicActivity_PulpOfWoodOrOtherFibrousCellulosicMaterial,Growth Rate Exports Economic Activity: Traded Commodity Hscode/ 47
GrowthRate_Exports_EconomicActivity_PulpsOfFibresDerivedFromRecoveredWasteAndScrap4706,Growth Rate Exports Economic Activity: Traded Commodity Hscode/ 47 06
GrowthRate_Exports_EconomicActivity_PumiceStoneEmeryNaturalCorundumNaturalGarnetAnd,Growth Rate Exports Economic Activity: Traded Commodity Hscode/ 25 13
GrowthRate_Exports_EconomicActivity_PumpsForLiquidsWhetherOrNotFittedWithMeasuring,Growth Rate Exports Economic Activity: Traded Commodity Hscode/ 84 13
GrowthRate_Exports_EconomicActivity_QuartzOtherThanNaturalSandsQuartziteWhetherOrNot,Growth Rate Exports Economic Activity: Traded Commodity Hscode/ 25 06
GrowthRate_Exports_EconomicActivity_QuaternaryAmmoniumSaltsAndHydroxidesLecithinsAnd,Growth Rate Exports Economic Activity: Traded Commodity Hscode/ 29 23
GrowthRate_Exports_EconomicActivity_QuicklimeSlakedLimeAndHydraulicLimeOtherThan,Growth Rate Exports Economic Activity: Traded Commodity Hscode/ 25 22
GrowthRate_Exports_EconomicActivity_QuiltedTextileProductsInThePieceComposedOfOneO5811,Growth Rate Exports Economic Activity: Traded Commodity Hscode/ 58 11
GrowthRate_Exports_EconomicActivity_RadarApparatusRadioNavigationalAidApparatusAnd,Growth Rate Exports Economic Activity: Traded Commodity Hscode/ 85 26
GrowthRate_Exports_EconomicActivity_RadiatorsForCentralHeatingNotElectricallyHeatedAnd,Growth Rate Exports Economic Activity: Traded Commodity Hscode/ 73 22
GrowthRate_Exports_EconomicActivity_RadioactiveChemicalElementsAndRadioactiveIsotopes,Growth Rate Exports Economic Activity: Traded Commodity Hscode/ 28 44
GrowthRate_Exports_EconomicActivity_RagsUsedOrNewScrapTwineCordageRopeAndCablesAnd6310,Growth Rate Exports Economic Activity: Traded Commodity Hscode/ 63 10
GrowthRate_Exports_EconomicActivity_RailLocomotivesOtherThanThoseOfHeadingNo8601,Growth Rate Exports Economic Activity: Traded Commodity Hscode/ 86 02
GrowthRate_Exports_EconomicActivity_RailLocomotivesPoweredFromAnExternalSourceOf8601,Growth Rate Exports Economic Activity: Traded Commodity Hscode/ 86 01
GrowthRate_Exports_EconomicActivity_RailwayOrTramwayCoachesPassengerCoachesLuggage8605,Growth Rate Exports Economic Activity: Traded Commodity Hscode/ 86 05
GrowthRate_Exports_EconomicActivity_RailwayOrTramwayCoachesVansAndTrucksSelfPropel8603,Growth Rate Exports Economic Activity: Traded Commodity Hscode/ 86 03
GrowthRate_Exports_EconomicActivity_RailwayOrTramwayGoodsVansAndWagonsNotSelfPropelled,Growth Rate Exports Economic Activity: Traded Commodity Hscode/ 86 06
GrowthRate_Exports_EconomicActivity_RailwayOrTramwayLocomotivesOrRollingStockParts8607,Growth Rate Exports Economic Activity: Traded Commodity Hscode/ 86 07
GrowthRate_Exports_EconomicActivity_RailwayOrTramwayMaintenanceOrServiceVehicles8604,Growth Rate Exports Economic Activity: Traded Commodity Hscode/ 86 04
GrowthRate_Exports_EconomicActivity_RailwayOrTramwaySleepersCrossTiesOfWood,Growth Rate Exports Economic Activity: Traded Commodity Hscode/ 44 06
GrowthRate_Exports_EconomicActivity_RailwayOrTramwayTrackConstructionsOfIronOrSteel,Growth Rate Exports Economic Activity: Traded Commodity Hscode/ 73 02
GrowthRate_Exports_EconomicActivity_RailwayOrTramwayTrackFixturesAndFittingsMechan8608,Growth Rate Exports Economic Activity: Traded Commodity Hscode/ 86 08
GrowthRate_Exports_EconomicActivity_RailwayTramwayLocomotivesRollingStockAndParts,Growth Rate Exports Economic Activity: Traded Commodity Hscode/ 86
GrowthRate_Exports_EconomicActivity_RapeColzaOrMustardOilAndTheirFractionsWhetherOrNot,Growth Rate Exports Economic Activity: Traded Commodity Hscode/ 15 14
GrowthRate_Exports_EconomicActivity_RapeOrColzaSeedsWhetherOrNotBroken,Growth Rate Exports Economic Activity: Traded Commodity Hscode/ 12 05
GrowthRate_Exports_EconomicActivity_RawFurskinsIncludingHeadsTailsPawsOtherPiecesOr,Growth Rate Exports Economic Activity: Traded Commodity Hscode/ 43 01
GrowthRate_Exports_EconomicActivity_RawHidesAndSkinsNECInHeadingsNo41014102FreshSalted,Growth Rate Exports Economic Activity: Traded Commodity Hscode/ 41 03
GrowthRate_Exports_EconomicActivity_RawHidesAndSkinsOfBovineIncludingBuffaloOrEquine,Growth Rate Exports Economic Activity: Traded Commodity Hscode/ 41 01
GrowthRate_Exports_EconomicActivity_RawHidesAndSkinsOtherThanFurskinsAndLeather,Growth Rate Exports Economic Activity: Traded Commodity Hscode/ 41
GrowthRate_Exports_EconomicActivity_RawSilkNotThrown,Growth Rate Exports Economic Activity: Traded Commodity Hscode/ 50 02
GrowthRate_Exports_EconomicActivity_RawSkinsOfSheepOrLambsFreshSaltedDriedLimedPickled,Growth Rate Exports Economic Activity: Traded Commodity Hscode/ 41 02
GrowthRate_Exports_EconomicActivity_RazorsAndRazorBladesIncludingRazorBladeBlanksIn,Growth Rate Exports Economic Activity: Traded Commodity Hscode/ 82 12
GrowthRate_Exports_EconomicActivity_ReactionInitiatorsReactionAcceleratorsAndCatal3815,Growth Rate Exports Economic Activity: Traded Commodity Hscode/ 38 15
GrowthRate_Exports_EconomicActivity_ReagentsDiagnosticOrLaboratoryReagentsOnABacki3822,Growth Rate Exports Economic Activity: Traded Commodity Hscode/ 38 22
GrowthRate_Exports_EconomicActivity_ReceptionApparatusForRadioBroadcastingWhetherOrNot,Growth Rate Exports Economic Activity: Traded Commodity Hscode/ 85 27
GrowthRate_Exports_EconomicActivity_ReciprocatingOrRotaryInternalCombustionPiston,Growth Rate Exports Economic Activity: Traded Commodity Hscode/ 84 07
GrowthRate_Exports_EconomicActivity_ReclaimedRubberInPrimaryFormsOrInPlatesSheetsOr,Growth Rate Exports Economic Activity: Traded Commodity Hscode/ 40 03
GrowthRate_Exports_EconomicActivity_RefractoryBricksBlocksTilesAndSimilarRefractor6902,Growth Rate Exports Economic Activity: Traded Commodity Hscode/ 69 02
GrowthRate_Exports_EconomicActivity_RefractoryCementsMortarsConcretesAndSimilar3816,Growth Rate Exports Economic Activity: Traded Commodity Hscode/ 38 16
GrowthRate_Exports_EconomicActivity_RefrigeratorsFreezersAndOtherRefrigeratingOr,Growth Rate Exports Economic Activity: Traded Commodity Hscode/ 84 18
GrowthRate_Exports_EconomicActivity_RegistersAccountBooksDiariesAndSimilarAlbumsFor,Growth Rate Exports Economic Activity: Traded Commodity Hscode/ 48 20
GrowthRate_Exports_EconomicActivity_RegulatingOrControllingInstrumentsAndApparatus9032,Growth Rate Exports Economic Activity: Traded Commodity Hscode/ 90 32
GrowthRate_Exports_EconomicActivity_ReservoirsTanksVatsAndSimilarContainersForAny7309,Growth Rate Exports Economic Activity: Traded Commodity Hscode/ 73 09
GrowthRate_Exports_EconomicActivity_ResidualLyesFromTheManufactureOfWoodPulpWhetherOr,Growth Rate Exports Economic Activity: Traded Commodity Hscode/ 38 04
GrowthRate_Exports_EconomicActivity_ResidualProductsOfTheChemicalOrAlliedIndustrie3825,Growth Rate Exports Economic Activity: Traded Commodity Hscode/ 38 25
GrowthRate_Exports_EconomicActivity_ResiduesOfStarchManufactureSimilarResiduesBeetPulp,Growth Rate Exports Economic Activity: Traded Commodity Hscode/ 23 03
GrowthRate_Exports_EconomicActivity_RetreadedOrUsedPneumaticTyresOfRubberSolidOr,Growth Rate Exports Economic Activity: Traded Commodity Hscode/ 40 12
GrowthRate_Exports_EconomicActivity_RevolutionCounterProductionCountersTaximeters,Growth Rate Exports Economic Activity: Traded Commodity Hscode/ 90 29
GrowthRate_Exports_EconomicActivity_RevolversAndPistolsOtherThanThoseOfHeadingNo939302,Growth Rate Exports Economic Activity: Traded Commodity Hscode/ 93 02
GrowthRate_Exports_EconomicActivity_Rice,Growth Rate Exports Economic Activity: Traded Commodity Hscode/ 10 06
GrowthRate_Exports_EconomicActivity_RoofingTilesChimneyPotsCowlsChimneyLiners,Growth Rate Exports Economic Activity: Traded Commodity Hscode/ 69 05
GrowthRate_Exports_EconomicActivity_RosinAndResinAcidsAndDerivativesThereofRosinSpirit,Growth Rate Exports Economic Activity: Traded Commodity Hscode/ 38 06
GrowthRate_Exports_EconomicActivity_RubberAndArticlesThereof,Growth Rate Exports Economic Activity: Traded Commodity Hscode/ 40
GrowthRate_Exports_EconomicActivity_RubberThreadAndCordTextileCoveredTextileYarnAnd,Growth Rate Exports Economic Activity: Traded Commodity Hscode/ 56 04
GrowthRate_Exports_EconomicActivity_Rye,Growth Rate Exports Economic Activity: Traded Commodity Hscode/ 10 02
GrowthRate_Exports_EconomicActivity_SacksAndBagsOfAKindUsedForThePackingOfGoods,Growth Rate Exports Economic Activity: Traded Commodity Hscode/ 63 05
GrowthRate_Exports_EconomicActivity_SaddleryAndHarnessForAnyAnimalIncludingTracesL4201,Growth Rate Exports Economic Activity: Traded Commodity Hscode/ 42 01
GrowthRate_Exports_EconomicActivity_SafesArmouredOrReinforcedStrongBoxesDoorsAndSa8303,Growth Rate Exports Economic Activity: Traded Commodity Hscode/ 83 03
GrowthRate_Exports_EconomicActivity_SafetyFusesDetonatingCordsPercussionOrDetonating,Growth Rate Exports Economic Activity: Traded Commodity Hscode/ 36 03
GrowthRate_Exports_EconomicActivity_SafetyGlassConsistingOfToughenedTemperedOr,Growth Rate Exports Economic Activity: Traded Commodity Hscode/ 70 07
GrowthRate_Exports_EconomicActivity_SaltIncludingTableSaltAndDenaturedSaltPureSodi2501,Growth Rate Exports Economic Activity: Traded Commodity Hscode/ 25 01
GrowthRate_Exports_EconomicActivity_SaltSulphurEarthsStonePlasteringMaterialsLimeAnd,Growth Rate Exports Economic Activity: Traded Commodity Hscode/ 25
GrowthRate_Exports_EconomicActivity_SaltsOfInorganicAcidsOrPeroxoacidsNECIncluding,Growth Rate Exports Economic Activity: Traded Commodity Hscode/ 28 42
GrowthRate_Exports_EconomicActivity_SaltsOfOxometallicOrPeroxometallicAcids,Growth Rate Exports Economic Activity: Traded Commodity Hscode/ 28 41
GrowthRate_Exports_EconomicActivity_SandsOfAllKindsNaturalWhetherOrNotColouredOther,Growth Rate Exports Economic Activity: Traded Commodity Hscode/ 25 05
GrowthRate_Exports_EconomicActivity_SanitaryTowelsPadsAndTamponsNapkinsDiapersNapk9619,Growth Rate Exports Economic Activity: Traded Commodity Hscode/ 96 19
GrowthRate_Exports_EconomicActivity_SanitaryWareAndPartsThereofOfIronOrSteel,Growth Rate Exports Economic Activity: Traded Commodity Hscode/ 73 24
GrowthRate_Exports_EconomicActivity_SanitaryWareBathsShowerBathsSinksWashBasinsBidets,Growth Rate Exports Economic Activity: Traded Commodity Hscode/ 39 22
GrowthRate_Exports_EconomicActivity_SaucesAndPreparationsThereforMixedCondimentsAn2103,Growth Rate Exports Economic Activity: Traded Commodity Hscode/ 21 03
GrowthRate_Exports_EconomicActivity_SausagesAndSimilarProductsOfMeatMeatOffalBlood1601,Growth Rate Exports Economic Activity: Traded Commodity Hscode/ 16 01
GrowthRate_Exports_EconomicActivity_ScentSpraysAndSimilarToiletSpraysAndMountsAndH9616,Growth Rate Exports Economic Activity: Traded Commodity Hscode/ 96 16
GrowthRate_Exports_EconomicActivity_ScissorsTailorsShearsAndSimilarShearsAndBlades,Growth Rate Exports Economic Activity: Traded Commodity Hscode/ 82 13
GrowthRate_Exports_EconomicActivity_ScrewsBoltsNutsCoachScrewsScrewHooksRivetsCotters,Growth Rate Exports Economic Activity: Traded Commodity Hscode/ 73 18
GrowthRate_Exports_EconomicActivity_SculpturesAndStatuaryOriginalInAnyMaterial,Growth Rate Exports Economic Activity: Traded Commodity Hscode/ 97 03
GrowthRate_Exports_EconomicActivity_SeatsNotThoseOfHeadingNo9402WhetherOrNot,Growth Rate Exports Economic Activity: Traded Commodity Hscode/ 94 01
GrowthRate_Exports_EconomicActivity_SeedsFruitAndSporesOfAKindUsedForSowing,Growth Rate Exports Economic Activity: Traded Commodity Hscode/ 12 09
GrowthRate_Exports_EconomicActivity_SeedsOfAniseBadianFennelCorianderCuminCarawayOr,Growth Rate Exports Economic Activity: Traded Commodity Hscode/ 09 09
GrowthRate_Exports_EconomicActivity_SelfAdhesivePlatesSheetsFilmFoilTapeStripAndOther,Growth Rate Exports Economic Activity: Traded Commodity Hscode/ 39 19
GrowthRate_Exports_EconomicActivity_SemiconductorDevicesEGDiodesTransistors,Growth Rate Exports Economic Activity: Traded Commodity Hscode/ 85 41
GrowthRate_Exports_EconomicActivity_SewingAndKnittingNeedlesBodkinsCrochetHooks7319,Growth Rate Exports Economic Activity: Traded Commodity Hscode/ 73 19
GrowthRate_Exports_EconomicActivity_SewingMachinesOtherThanBookSewingMachinesOfHeading,Growth Rate Exports Economic Activity: Traded Commodity Hscode/ 84 52
GrowthRate_Exports_EconomicActivity_SewingThreadOfManMadeFilamentsWhetherOrNotPutUpFor,Growth Rate Exports Economic Activity: Traded Commodity Hscode/ 54 01
GrowthRate_Exports_EconomicActivity_SewingThreadOfManMadeStapleFibresWhetherOrNotPutUp,Growth Rate Exports Economic Activity: Traded Commodity Hscode/ 55 08
GrowthRate_Exports_EconomicActivity_ShaversHairClippersAndHairRemovingAppliancesWith,Growth Rate Exports Economic Activity: Traded Commodity Hscode/ 85 10
GrowthRate_Exports_EconomicActivity_ShawlsScarvesMufflersMantillasVeilsAndTheLikeNot,Growth Rate Exports Economic Activity: Traded Commodity Hscode/ 62 14
GrowthRate_Exports_EconomicActivity_SheepAndGoatsLive,Growth Rate Exports Economic Activity: Traded Commodity Hscode/ 01 04
GrowthRate_Exports_EconomicActivity_SheetsForVeneeringIncludingThoseObtainedBySlicing,Growth Rate Exports Economic Activity: Traded Commodity Hscode/ 44 08
GrowthRate_Exports_EconomicActivity_ShipsBoatsAndFloatingStructures,Growth Rate Exports Economic Activity: Traded Commodity Hscode/ 89
GrowthRate_Exports_EconomicActivity_ShirtsMensOrBoysKnittedOrCrocheted,Growth Rate Exports Economic Activity: Traded Commodity Hscode/ 61 05
GrowthRate_Exports_EconomicActivity_ShirtsMensOrBoysNotKnittedOrCrocheted,Growth Rate Exports Economic Activity: Traded Commodity Hscode/ 62 05
GrowthRate_Exports_EconomicActivity_SignPlatesNamePlatesAddressPlatesAndSimilarPla8310,Growth Rate Exports Economic Activity: Traded Commodity Hscode/ 83 10
GrowthRate_Exports_EconomicActivity_SignallingApparatusElectricSoundOrVisualEGBells,Growth Rate Exports Economic Activity: Traded Commodity Hscode/ 85 31
GrowthRate_Exports_EconomicActivity_SignallingGlasswareAndOpticalElementsOfGlassOther,Growth Rate Exports Economic Activity: Traded Commodity Hscode/ 70 14
GrowthRate_Exports_EconomicActivity_SignallingSafetyOrTrafficControlEquipmentFor8530,Growth Rate Exports Economic Activity: Traded Commodity Hscode/ 85 30
GrowthRate_Exports_EconomicActivity_SilicatesCommercialAlkaliMetalSilicates,Growth Rate Exports Economic Activity: Traded Commodity Hscode/ 28 39
GrowthRate_Exports_EconomicActivity_SiliceousFossilMealsEGKieselguhrTripoliteAnd2512,Growth Rate Exports Economic Activity: Traded Commodity Hscode/ 25 12
GrowthRate_Exports_EconomicActivity_SiliconesInPrimaryForms3910,Growth Rate Exports Economic Activity: Traded Commodity Hscode/ 39 10
GrowthRate_Exports_EconomicActivity_Silk,Growth Rate Exports Economic Activity: Traded Commodity Hscode/ 50
GrowthRate_Exports_EconomicActivity_SilkWasteIncludingCocoonsUnsuitableForReelingY5003,Growth Rate Exports Economic Activity: Traded Commodity Hscode/ 50 03
GrowthRate_Exports_EconomicActivity_SilkWormCocoonsSuitableForReeling5001,Growth Rate Exports Economic Activity: Traded Commodity Hscode/ 50 01
GrowthRate_Exports_EconomicActivity_SilkYarnAndYarnSpunFromSilkWastePutUpForRetail5006,Growth Rate Exports Economic Activity: Traded Commodity Hscode/ 50 06
GrowthRate_Exports_EconomicActivity_SilkYarnOtherThanYarnSpunFromSilkWasteNotPutUp5004,Growth Rate Exports Economic Activity: Traded Commodity Hscode/ 50 04
GrowthRate_Exports_EconomicActivity_SilverIncludingSilverPlatedWithGoldOrPlatinum,Growth Rate Exports Economic Activity: Traded Commodity Hscode/ 71 06
GrowthRate_Exports_EconomicActivity_SingletsAndOtherVestsSlipsPetticoatsBriefsPanties,Growth Rate Exports Economic Activity: Traded Commodity Hscode/ 62 08
GrowthRate_Exports_EconomicActivity_SingletsAndOtherVestsUnderpantsBriefsNightShirts,Growth Rate Exports Economic Activity: Traded Commodity Hscode/ 62 07
GrowthRate_Exports_EconomicActivity_SkinAndOtherPartsOfBirdsWithTheirFeatherOrDown,Growth Rate Exports Economic Activity: Traded Commodity Hscode/ 67 01
GrowthRate_Exports_EconomicActivity_SkinsAndOtherPartsOfBirdsWithFeathersDownFeathers,Growth Rate Exports Economic Activity: Traded Commodity Hscode/ 05 05
GrowthRate_Exports_EconomicActivity_SlagAndAshNECInChapter26IncludingSeaweedAshKelpAnd,Growth Rate Exports Economic Activity: Traded Commodity Hscode/ 26 21
GrowthRate_Exports_EconomicActivity_SlagAshAndResiduesNotFromTheManufactureOfIronO2620,Growth Rate Exports Economic Activity: Traded Commodity Hscode/ 26 20
GrowthRate_Exports_EconomicActivity_SlagDrossOtherThanGranulatedSlagScalingsAndOth2619,Growth Rate Exports Economic Activity: Traded Commodity Hscode/ 26 19
GrowthRate_Exports_EconomicActivity_SlagRockWoolAndSimilarMineralWoolsExfoliated,Growth Rate Exports Economic Activity: Traded Commodity Hscode/ 68 06
GrowthRate_Exports_EconomicActivity_SlateWhetherOrNotRoughlyTrimmedOrMerelyCutBySa2514,Growth Rate Exports Economic Activity: Traded Commodity Hscode/ 25 14
GrowthRate_Exports_EconomicActivity_SlateWorkedAndArticlesOfSlateOrOfAgglomeratedS6803,Growth Rate Exports Economic Activity: Traded Commodity Hscode/ 68 03
GrowthRate_Exports_EconomicActivity_SlatesAndBoardsWithWritingOrDrawingSurfacesWhe9610,Growth Rate Exports Economic Activity: Traded Commodity Hscode/ 96 10
GrowthRate_Exports_EconomicActivity_SlideFastenersAndPartsThereof,Growth Rate Exports Economic Activity: Traded Commodity Hscode/ 96 07
GrowthRate_Exports_EconomicActivity_SlipsPetticoatsBriefsPantiesNightdressesPyjamas,Growth Rate Exports Economic Activity: Traded Commodity Hscode/ 61 08
GrowthRate_Exports_EconomicActivity_SmokingPipesIncludingPipeBowlsAndCigarOrCigare9614,Growth Rate Exports Economic Activity: Traded Commodity Hscode/ 96 14
GrowthRate_Exports_EconomicActivity_SoapOrganicSurfaceActiveAgentsWashingLubricating,Growth Rate Exports Economic Activity: Traded Commodity Hscode/ 34
GrowthRate_Exports_EconomicActivity_SoapOrganicSurfaceActivePreparationsUsedAsSoapSkin,Growth Rate Exports Economic Activity: Traded Commodity Hscode/ 34 01
GrowthRate_Exports_EconomicActivity_SodiumHydroxideCausticSodaPotassiumHydroxide,Growth Rate Exports Economic Activity: Traded Commodity Hscode/ 28 15
GrowthRate_Exports_EconomicActivity_SoundOrVideoRecordingApparatusPartsAndAccessories,Growth Rate Exports Economic Activity: Traded Commodity Hscode/ 85 22
GrowthRate_Exports_EconomicActivity_SoundRecordingOrReproducingApparatus,Growth Rate Exports Economic Activity: Traded Commodity Hscode/ 85 19
GrowthRate_Exports_EconomicActivity_SoupsAndBrothsAndPreparationsThereforHomogenised,Growth Rate Exports Economic Activity: Traded Commodity Hscode/ 21 04
GrowthRate_Exports_EconomicActivity_SoyaBeanOilAndItsFractionsWhetherOrNotRefinedBut,Growth Rate Exports Economic Activity: Traded Commodity Hscode/ 15 07
GrowthRate_Exports_EconomicActivity_SoyaBeansWhetherOrNotBroken,Growth Rate Exports Economic Activity: Traded Commodity Hscode/ 12 01
GrowthRate_Exports_EconomicActivity_SpecialPurposeMotorVehiclesNotThoseForTheTransport,Growth Rate Exports Economic Activity: Traded Commodity Hscode/ 87 05
GrowthRate_Exports_EconomicActivity_SpecialTransactionsAndCommoditiesNotClassified,Growth Rate Exports Economic Activity: Traded Commodity Hscode/ 99 93
GrowthRate_Exports_EconomicActivity_SpectaclesGogglesAndTheLikeCorrectiveProtectiveOr,Growth Rate Exports Economic Activity: Traded Commodity Hscode/ 90 04
GrowthRate_Exports_EconomicActivity_SpringsAndLeavesForSpringsOfIronOrSteel,Growth Rate Exports Economic Activity: Traded Commodity Hscode/ 73 20
GrowthRate_Exports_EconomicActivity_StainlessSteelBarsAndRodsAnglesShapesAndSections,Growth Rate Exports Economic Activity: Traded Commodity Hscode/ 72 22
GrowthRate_Exports_EconomicActivity_StainlessSteelBarsAndRodsHotRolledInIrregularly,Growth Rate Exports Economic Activity: Traded Commodity Hscode/ 72 21
GrowthRate_Exports_EconomicActivity_StainlessSteelFlatRolledProductsOfWidthLessThan,Growth Rate Exports Economic Activity: Traded Commodity Hscode/ 72 20
GrowthRate_Exports_EconomicActivity_StainlessSteelFlatRolledProductsOfWidthOf600mmOr,Growth Rate Exports Economic Activity: Traded Commodity Hscode/ 72 19
GrowthRate_Exports_EconomicActivity_StainlessSteelInIngotsOrOtherPrimaryFormsSemi,Growth Rate Exports Economic Activity: Traded Commodity Hscode/ 72 18
GrowthRate_Exports_EconomicActivity_StainlessSteelWire,Growth Rate Exports Economic Activity: Traded Commodity Hscode/ 72 23
GrowthRate_Exports_EconomicActivity_StampsDateNumberingSealingStampsAndTheLike9611,Growth Rate Exports Economic Activity: Traded Commodity Hscode/ 96 11
GrowthRate_Exports_EconomicActivity_StampsPostageOrRevenueStampPostmarksFirstDayCo9704,Growth Rate Exports Economic Activity: Traded Commodity Hscode/ 97 04
GrowthRate_Exports_EconomicActivity_StarchesInulin,Growth Rate Exports Economic Activity: Traded Commodity Hscode/ 11 08
GrowthRate_Exports_EconomicActivity_StationeryFittingsForLooseLeafBindersOrFilesLetter,Growth Rate Exports Economic Activity: Traded Commodity Hscode/ 83 05
GrowthRate_Exports_EconomicActivity_StatuettesAndOtherOrnamentalCeramicArticles,Growth Rate Exports Economic Activity: Traded Commodity Hscode/ 69 13
GrowthRate_Exports_EconomicActivity_SteelAlloyBarsAndRodsHotRolledInIrregularlyWou7227,Growth Rate Exports Economic Activity: Traded Commodity Hscode/ 72 27
GrowthRate_Exports_EconomicActivity_StoneOrOtherMineralSubstancesArticlesThereof,Growth Rate Exports Economic Activity: Traded Commodity Hscode/ 68 15
GrowthRate_Exports_EconomicActivity_StonePlasterCementAsbestosMicaOrSimilarMaterials,Growth Rate Exports Economic Activity: Traded Commodity Hscode/ 68
GrowthRate_Exports_EconomicActivity_StoneSettsCurbstonesAndFlagstonesOfNaturalSton6801,Growth Rate Exports Economic Activity: Traded Commodity Hscode/ 68 01
GrowthRate_Exports_EconomicActivity_StonesSyntheticOrReconstructedPreciousOrSemi7104,Growth Rate Exports Economic Activity: Traded Commodity Hscode/ 71 04
GrowthRate_Exports_EconomicActivity_StoppersCapsLidsIncludingCrownCorksScrewCaps,Growth Rate Exports Economic Activity: Traded Commodity Hscode/ 83 09
GrowthRate_Exports_EconomicActivity_StovesRangesGratesCookersThoseWithSubsidiary,Growth Rate Exports Economic Activity: Traded Commodity Hscode/ 73 21
GrowthRate_Exports_EconomicActivity_StrandedWireRopesCablesPlaitedBandsSlingsAndThe,Growth Rate Exports Economic Activity: Traded Commodity Hscode/ 73 12
GrowthRate_Exports_EconomicActivity_StructuresOfIronOrSteelAndPartsThereofPlatesRods,Growth Rate Exports Economic Activity: Traded Commodity Hscode/ 73 08
GrowthRate_Exports_EconomicActivity_SugarConfectioneryIncludingWhiteChocolateNot,Growth Rate Exports Economic Activity: Traded Commodity Hscode/ 17 04
GrowthRate_Exports_EconomicActivity_SugarsAndSugarConfectionery,Growth Rate Exports Economic Activity: Traded Commodity Hscode/ 17
GrowthRate_Exports_EconomicActivity_SugarsChemicallyPureOtherThanSucroseLactoseMal2940,Growth Rate Exports Economic Activity: Traded Commodity Hscode/ 29 40
GrowthRate_Exports_EconomicActivity_SugarsIncludingLactoseMaltoseGlucoseOrFructoseIn,Growth Rate Exports Economic Activity: Traded Commodity Hscode/ 17 02
GrowthRate_Exports_EconomicActivity_SuitsEnsemblesJacketsBlazersTrousersBibAndBrac6103,Growth Rate Exports Economic Activity: Traded Commodity Hscode/ 61 03
GrowthRate_Exports_EconomicActivity_SuitsEnsemblesJacketsBlazersTrousersBibAndBrac6203,Growth Rate Exports Economic Activity: Traded Commodity Hscode/ 62 03
GrowthRate_Exports_EconomicActivity_SuitsEnsemblesJacketsDressesSkirtsDividedSkirt6104,Growth Rate Exports Economic Activity: Traded Commodity Hscode/ 61 04
GrowthRate_Exports_EconomicActivity_SuitsEnsemblesJacketsDressesSkirtsDividedSkirt6204,Growth Rate Exports Economic Activity: Traded Commodity Hscode/ 62 04
GrowthRate_Exports_EconomicActivity_SulphatesAlumsPeroxosulphatesPersulphates,Growth Rate Exports Economic Activity: Traded Commodity Hscode/ 28 33
GrowthRate_Exports_EconomicActivity_SulphidesOfNonMetalsCommercialPhosphorus,Growth Rate Exports Economic Activity: Traded Commodity Hscode/ 28 13
GrowthRate_Exports_EconomicActivity_SulphidesPolysulphidesWhetherOrNotChemically,Growth Rate Exports Economic Activity: Traded Commodity Hscode/ 28 30
GrowthRate_Exports_EconomicActivity_SulphitesThiosulphates,Growth Rate Exports Economic Activity: Traded Commodity Hscode/ 28 32
GrowthRate_Exports_EconomicActivity_Sulphonamides,Growth Rate Exports Economic Activity: Traded Commodity Hscode/ 29 35
GrowthRate_Exports_EconomicActivity_SulphonatedNitratedOrNitrosatedDerivativesOf,Growth Rate Exports Economic Activity: Traded Commodity Hscode/ 29 04
GrowthRate_Exports_EconomicActivity_SulphurOfAllKindsOtherThanSublimedPrecipitated2503,Growth Rate Exports Economic Activity: Traded Commodity Hscode/ 25 03
GrowthRate_Exports_EconomicActivity_SulphurSublimedOrPrecipitatedColloidalSulphur2802,Growth Rate Exports Economic Activity: Traded Commodity Hscode/ 28 02
GrowthRate_Exports_EconomicActivity_SulphuricAcidOleum2807,Growth Rate Exports Economic Activity: Traded Commodity Hscode/ 28 07
GrowthRate_Exports_EconomicActivity_SunFlowerSeedSafflowerOrCottonSeedOilAndTheir,Growth Rate Exports Economic Activity: Traded Commodity Hscode/ 15 12
GrowthRate_Exports_EconomicActivity_SunflowerSeedsWhetherOrNotBroken,Growth Rate Exports Economic Activity: Traded Commodity Hscode/ 12 06
GrowthRate_Exports_EconomicActivity_SurveyingIncludingPhotogrammetricalSurveying,Growth Rate Exports Economic Activity: Traded Commodity Hscode/ 90 15
GrowthRate_Exports_EconomicActivity_SwedesMangoldsFodderRootsHayLucerneAlfalfaClover,Growth Rate Exports Economic Activity: Traded Commodity Hscode/ 12 14
GrowthRate_Exports_EconomicActivity_SyntheticFilamentTow,Growth Rate Exports Economic Activity: Traded Commodity Hscode/ 55 01
GrowthRate_Exports_EconomicActivity_SyntheticFilamentYarnOtherThanSewingThreadNotPutUp,Growth Rate Exports Economic Activity: Traded Commodity Hscode/ 54 02
GrowthRate_Exports_EconomicActivity_SyntheticMonofilamentOf67DecitexOrMoreOfWhichNo,Growth Rate Exports Economic Activity: Traded Commodity Hscode/ 54 04
GrowthRate_Exports_EconomicActivity_SyntheticOrganicColouringMatterAndPreparations,Growth Rate Exports Economic Activity: Traded Commodity Hscode/ 32 04
GrowthRate_Exports_EconomicActivity_SyntheticRubberAndFacticeDerivedFromOilsInPrimary,Growth Rate Exports Economic Activity: Traded Commodity Hscode/ 40 02
GrowthRate_Exports_EconomicActivity_SyntheticStapleFibresCardedCombedOrOtherwise,Growth Rate Exports Economic Activity: Traded Commodity Hscode/ 55 06
GrowthRate_Exports_EconomicActivity_SyntheticStapleFibresNotCardedCombedOrOtherwise,Growth Rate Exports Economic Activity: Traded Commodity Hscode/ 55 03
GrowthRate_Exports_EconomicActivity_TShirtsSingletsAndOtherVestsKnittedOrCrocheted,Growth Rate Exports Economic Activity: Traded Commodity Hscode/ 61 09
GrowthRate_Exports_EconomicActivity_TableKitchenOtherHouseholdArticlesAndPartsOfIronOr,Growth Rate Exports Economic Activity: Traded Commodity Hscode/ 73 23
GrowthRate_Exports_EconomicActivity_TablewareAndKitchenwareOfWood,Growth Rate Exports Economic Activity: Traded Commodity Hscode/ 44 19
GrowthRate_Exports_EconomicActivity_TablewareKitchenwareOtherHouseholdArticlesAnd3924,Growth Rate Exports Economic Activity: Traded Commodity Hscode/ 39 24
GrowthRate_Exports_EconomicActivity_TablewareKitchenwareOtherHouseholdArticlesAnd6911,Growth Rate Exports Economic Activity: Traded Commodity Hscode/ 69 11
GrowthRate_Exports_EconomicActivity_TailorsDummiesAndOtherLayFiguresAutomataAndOth9618,Growth Rate Exports Economic Activity: Traded Commodity Hscode/ 96 18
GrowthRate_Exports_EconomicActivity_TallOilWhetherOrNotRefined3803,Growth Rate Exports Economic Activity: Traded Commodity Hscode/ 38 03
GrowthRate_Exports_EconomicActivity_TanksCasksDrumsCansBoxesAndSimilarContainersFo7310,Growth Rate Exports Economic Activity: Traded Commodity Hscode/ 73 10
GrowthRate_Exports_EconomicActivity_TannedOrCrustHidesAndSkinsOfBovineIncludingBuffalo,Growth Rate Exports Economic Activity: Traded Commodity Hscode/ 41 04
GrowthRate_Exports_EconomicActivity_TannedOrCrustHidesAndSkinsOfOtherAnimalsWithout,Growth Rate Exports Economic Activity: Traded Commodity Hscode/ 41 06
GrowthRate_Exports_EconomicActivity_TannedOrCrustSkinsOfSheepAndLambsWithoutWoolOn,Growth Rate Exports Economic Activity: Traded Commodity Hscode/ 41 05
GrowthRate_Exports_EconomicActivity_TannedOrDressedFurskinsIncludingHeadsTailsPaws,Growth Rate Exports Economic Activity: Traded Commodity Hscode/ 43 02
GrowthRate_Exports_EconomicActivity_TanningExtractsOfVegetableOriginTanninsAndThei3201,Growth Rate Exports Economic Activity: Traded Commodity Hscode/ 32 01
GrowthRate_Exports_EconomicActivity_TanningOrDyeingExtractsTanninsAndTheirDerivatives,Growth Rate Exports Economic Activity: Traded Commodity Hscode/ 32
GrowthRate_Exports_EconomicActivity_TanningSubstancesSyntheticOrganicOrInorganic,Growth Rate Exports Economic Activity: Traded Commodity Hscode/ 32 02
GrowthRate_Exports_EconomicActivity_TantalumArticlesThereofIncludingWasteAndScrap,Growth Rate Exports Economic Activity: Traded Commodity Hscode/ 81 03
GrowthRate_Exports_EconomicActivity_TapestriesHandWovenGobelinsFlandersAubusson5805,Growth Rate Exports Economic Activity: Traded Commodity Hscode/ 58 05
GrowthRate_Exports_EconomicActivity_TapiocaAndSubstitutesThereforPreparedFromStarchIn,Growth Rate Exports Economic Activity: Traded Commodity Hscode/ 19 03
GrowthRate_Exports_EconomicActivity_TapsCocksValvesAndSimilarAppliancesForPipesBoi8481,Growth Rate Exports Economic Activity: Traded Commodity Hscode/ 84 81
GrowthRate_Exports_EconomicActivity_TarDistilledFromCoalFromLignitePeatAndOtherMineral,Growth Rate Exports Economic Activity: Traded Commodity Hscode/ 27 06
GrowthRate_Exports_EconomicActivity_TarpaulinsAwningsAndSunblindsTentsIncluding,Growth Rate Exports Economic Activity: Traded Commodity Hscode/ 63 06
GrowthRate_Exports_EconomicActivity_Tea,Growth Rate Exports Economic Activity: Traded Commodity Hscode/ 09 02
GrowthRate_Exports_EconomicActivity_TelephoneSetsIncludingSmartphonesAndOther,Growth Rate Exports Economic Activity: Traded Commodity Hscode/ 85 17
GrowthRate_Exports_EconomicActivity_TextileFabricsGumOrAmylaceousSubstanceCoatedUsed,Growth Rate Exports Economic Activity: Traded Commodity Hscode/ 59 01
GrowthRate_Exports_EconomicActivity_TextileFabricsImpregnatedCoatedCoveredOrLamina5903,Growth Rate Exports Economic Activity: Traded Commodity Hscode/ 59 03
GrowthRate_Exports_EconomicActivity_TextileFabricsImpregnatedCoatedCoveredOrLaminate59,Growth Rate Exports Economic Activity: Traded Commodity Hscode/ 59
GrowthRate_Exports_EconomicActivity_TextileFabricsOtherwiseImpregnatedCoatedOrCove5907,Growth Rate Exports Economic Activity: Traded Commodity Hscode/ 59 07
GrowthRate_Exports_EconomicActivity_TextileFabricsRubberisedOtherThanThoseOfHeadingNo,Growth Rate Exports Economic Activity: Traded Commodity Hscode/ 59 06
GrowthRate_Exports_EconomicActivity_TextileFabricsTyrecordOfHighTenacityYarnOfNylo5902,Growth Rate Exports Economic Activity: Traded Commodity Hscode/ 59 02
GrowthRate_Exports_EconomicActivity_TextileHosePipingAndSimilarTextileTubingWithOr,Growth Rate Exports Economic Activity: Traded Commodity Hscode/ 59 09
GrowthRate_Exports_EconomicActivity_TextileMachineryForExtrudingDrawingTexturingOr8444,Growth Rate Exports Economic Activity: Traded Commodity Hscode/ 84 44
GrowthRate_Exports_EconomicActivity_TextileMachinerySpinningDoublingTwistingMachines,Growth Rate Exports Economic Activity: Traded Commodity Hscode/ 84 45
GrowthRate_Exports_EconomicActivity_TextileProductsAndArticlesForTechnicalUses5911,Growth Rate Exports Economic Activity: Traded Commodity Hscode/ 59 11
GrowthRate_Exports_EconomicActivity_TextileWallCoverings,Growth Rate Exports Economic Activity: Traded Commodity Hscode/ 59 05
GrowthRate_Exports_EconomicActivity_TextileWicksWovenPlaitedOrKnittedForLampsStove5908,Growth Rate Exports Economic Activity: Traded Commodity Hscode/ 59 08
GrowthRate_Exports_EconomicActivity_TextilesMadeUpArticlesNECInChapter63IncludingDress,Growth Rate Exports Economic Activity: Traded Commodity Hscode/ 63 07
GrowthRate_Exports_EconomicActivity_TextilesMadeUpArticlesSetsWornClothingAndWorn,Growth Rate Exports Economic Activity: Traded Commodity Hscode/ 63
GrowthRate_Exports_EconomicActivity_TextilesSetsOfWovenFabricAndYarnWithOrWithout,Growth Rate Exports Economic Activity: Traded Commodity Hscode/ 63 08
GrowthRate_Exports_EconomicActivity_TextilesTransmissionOrConveyorBeltsOrBeltingOf5910,Growth Rate Exports Economic Activity: Traded Commodity Hscode/ 59 10
GrowthRate_Exports_EconomicActivity_TextilesWornClothingAndOtherWornArticles,Growth Rate Exports Economic Activity: Traded Commodity Hscode/ 63 09
GrowthRate_Exports_EconomicActivity_ThermionicColdCathodeOrPhotoCathodeValvesAndTubesE,Growth Rate Exports Economic Activity: Traded Commodity Hscode/ 85 40
GrowthRate_Exports_EconomicActivity_TiesBowTiesAndCravatsNotKnittedOrCrocheted,Growth Rate Exports Economic Activity: Traded Commodity Hscode/ 62 15
GrowthRate_Exports_EconomicActivity_TimeOfDayRecordingApparatusAndApparatusFor,Growth Rate Exports Economic Activity: Traded Commodity Hscode/ 91 06
GrowthRate_Exports_EconomicActivity_TimeSwitchesWithClockWatchMovementOrSynchronou9107,Growth Rate Exports Economic Activity: Traded Commodity Hscode/ 91 07
GrowthRate_Exports_EconomicActivity_TinArticlesNECInChapter808007,Growth Rate Exports Economic Activity: Traded Commodity Hscode/ 80 07
GrowthRate_Exports_EconomicActivity_TinArticlesThereof,Growth Rate Exports Economic Activity: Traded Commodity Hscode/ 80
GrowthRate_Exports_EconomicActivity_TinBarsRodsProfilesAndWire8003,Growth Rate Exports Economic Activity: Traded Commodity Hscode/ 80 03
GrowthRate_Exports_EconomicActivity_TinUnwrought,Growth Rate Exports Economic Activity: Traded Commodity Hscode/ 80 01
GrowthRate_Exports_EconomicActivity_TinWasteAndScrap8002,Growth Rate Exports Economic Activity: Traded Commodity Hscode/ 80 02
GrowthRate_Exports_EconomicActivity_TissueTowelNapkinStockOrSimilarForHouseholdOr4803,Growth Rate Exports Economic Activity: Traded Commodity Hscode/ 48 03
GrowthRate_Exports_EconomicActivity_TitaniumArticlesThereofIncludingWasteAndScrap,Growth Rate Exports Economic Activity: Traded Commodity Hscode/ 81 08
GrowthRate_Exports_EconomicActivity_TitaniumOresAndConcentrates2614,Growth Rate Exports Economic Activity: Traded Commodity Hscode/ 26 14
GrowthRate_Exports_EconomicActivity_TitaniumOxides2823,Growth Rate Exports Economic Activity: Traded Commodity Hscode/ 28 23
GrowthRate_Exports_EconomicActivity_TobaccoAndManufacturedTobaccoSubstitutesProducts,Growth Rate Exports Economic Activity: Traded Commodity Hscode/ 24
GrowthRate_Exports_EconomicActivity_TobaccoUnmanufacturedTobaccoRefuse,Growth Rate Exports Economic Activity: Traded Commodity Hscode/ 24 01
GrowthRate_Exports_EconomicActivity_ToiletPaperWidth36cmOrLessOrCutToSizeShape,Growth Rate Exports Economic Activity: Traded Commodity Hscode/ 48 18
GrowthRate_Exports_EconomicActivity_TomatoesFreshOrChilled0702,Growth Rate Exports Economic Activity: Traded Commodity Hscode/ 07 02
GrowthRate_Exports_EconomicActivity_TomatoesPreparedOrPreservedOtherwiseThanByVinegar,Growth Rate Exports Economic Activity: Traded Commodity Hscode/ 20 02
GrowthRate_Exports_EconomicActivity_ToolsForWorkingInTheHandPneumaticHydraulicOrWith,Growth Rate Exports Economic Activity: Traded Commodity Hscode/ 84 67
GrowthRate_Exports_EconomicActivity_ToolsHandFilesRaspsPliersIncludingCuttingPliers,Growth Rate Exports Economic Activity: Traded Commodity Hscode/ 82 03
GrowthRate_Exports_EconomicActivity_ToolsHandHandOperatedSpannersAndWrenchesInclud8204,Growth Rate Exports Economic Activity: Traded Commodity Hscode/ 82 04
GrowthRate_Exports_EconomicActivity_ToolsHandIncludingGlaziersDiamondsNECBlowLamps,Growth Rate Exports Economic Activity: Traded Commodity Hscode/ 82 05
GrowthRate_Exports_EconomicActivity_ToolsHandOperatedMechanicalAppliancesWeighing18210,Growth Rate Exports Economic Activity: Traded Commodity Hscode/ 82 10
GrowthRate_Exports_EconomicActivity_ToolsHandSawsAndBladesForSawsOfAllKindsIncluding,Growth Rate Exports Economic Activity: Traded Commodity Hscode/ 82 02
GrowthRate_Exports_EconomicActivity_ToolsHandSpadesShovelsMattocksPicksHoesForksRakes,Growth Rate Exports Economic Activity: Traded Commodity Hscode/ 82 01
GrowthRate_Exports_EconomicActivity_ToolsHandTwoOrMoreOfHeadingNo8202To8205PutUpIn8206,Growth Rate Exports Economic Activity: Traded Commodity Hscode/ 82 06
GrowthRate_Exports_EconomicActivity_ToolsImplementsCutlerySpoonsAndForksOfBaseMetal,Growth Rate Exports Economic Activity: Traded Commodity Hscode/ 82
GrowthRate_Exports_EconomicActivity_ToolsInterchangeableForHandToolsWhetherOrNotPower,Growth Rate Exports Economic Activity: Traded Commodity Hscode/ 82 07
GrowthRate_Exports_EconomicActivity_ToolsPlatesSticksTipsAndTheLikeForToolsUnmount8209,Growth Rate Exports Economic Activity: Traded Commodity Hscode/ 82 09
GrowthRate_Exports_EconomicActivity_ToolsToolBodiesToolHandlesBroomOrBrushBodiesAn4417,Growth Rate Exports Economic Activity: Traded Commodity Hscode/ 44 17
GrowthRate_Exports_EconomicActivity_ToysGamesAndSportsRequisitesPartsAndAccessories,Growth Rate Exports Economic Activity: Traded Commodity Hscode/ 95
GrowthRate_Exports_EconomicActivity_TrackSuitsSkiSuitsAndSwimwearKnittedOrCrocheted,Growth Rate Exports Economic Activity: Traded Commodity Hscode/ 61 12
GrowthRate_Exports_EconomicActivity_TrackSuitsSwimwearAndOtherGarmentsNotKnittedOr,Growth Rate Exports Economic Activity: Traded Commodity Hscode/ 62 11
GrowthRate_Exports_EconomicActivity_TractorsOtherThanTractorsOfHeadingNo8709,Growth Rate Exports Economic Activity: Traded Commodity Hscode/ 87 01
GrowthRate_Exports_EconomicActivity_TrailersAndSemiTrailersOtherVehiclesNot,Growth Rate Exports Economic Activity: Traded Commodity Hscode/ 87 16
GrowthRate_Exports_EconomicActivity_TransfersDecalcomanias,Growth Rate Exports Economic Activity: Traded Commodity Hscode/ 49 08
GrowthRate_Exports_EconomicActivity_TransmissionApparatusForRadioBroadcastingOr8525,Growth Rate Exports Economic Activity: Traded Commodity Hscode/ 85 25
GrowthRate_Exports_EconomicActivity_TransmissionApparatusPartsSuitableForUseSolelyOr,Growth Rate Exports Economic Activity: Traded Commodity Hscode/ 85 29
GrowthRate_Exports_EconomicActivity_TransmissionShaftsIncludingCamAndCrankAndCranks,Growth Rate Exports Economic Activity: Traded Commodity Hscode/ 84 83
GrowthRate_Exports_EconomicActivity_TravelSetsForPersonalToiletSewingShoeOrClothes9605,Growth Rate Exports Economic Activity: Traded Commodity Hscode/ 96 05
GrowthRate_Exports_EconomicActivity_TravellingCircusesAndTravellingMenageriesAmusement,Growth Rate Exports Economic Activity: Traded Commodity Hscode/ 95 08
GrowthRate_Exports_EconomicActivity_TreesAndOtherPlantsLiveBulbsRootsAndTheLikeCut,Growth Rate Exports Economic Activity: Traded Commodity Hscode/ 06
GrowthRate_Exports_EconomicActivity_TricyclesScootersPedalCarsAndSimilarWheeledToy9503,Growth Rate Exports Economic Activity: Traded Commodity Hscode/ 95 03
GrowthRate_Exports_EconomicActivity_TrimmingsPartsAndAccessoriesOfArticlesOfHeadingNo,Growth Rate Exports Economic Activity: Traded Commodity Hscode/ 66 03
GrowthRate_Exports_EconomicActivity_TrueHempCannabisSativaLRawOrProcessedButNotSpunTow,Growth Rate Exports Economic Activity: Traded Commodity Hscode/ 53 02
GrowthRate_Exports_EconomicActivity_TrunksSuitCameraJewelleryCutleryCasesTravelTool,Growth Rate Exports Economic Activity: Traded Commodity Hscode/ 42 02
GrowthRate_Exports_EconomicActivity_TubeOrPipeFittingsEGCouplingsElbowsSleevesOfIronOr,Growth Rate Exports Economic Activity: Traded Commodity Hscode/ 73 07
GrowthRate_Exports_EconomicActivity_TubesPipesAndHollowProfilesOfCastIron,Growth Rate Exports Economic Activity: Traded Commodity Hscode/ 73 03
GrowthRate_Exports_EconomicActivity_TubesPipesAndHollowProfilesSeamlessOfIronOtherThan,Growth Rate Exports Economic Activity: Traded Commodity Hscode/ 73 04
GrowthRate_Exports_EconomicActivity_TubesPipesAndHosesAndFittingsThereofForExample,Growth Rate Exports Economic Activity: Traded Commodity Hscode/ 39 17
GrowthRate_Exports_EconomicActivity_TubesPipesAndHosesOfVulcanisedRubberOtherThanHard,Growth Rate Exports Economic Activity: Traded Commodity Hscode/ 40 09
GrowthRate_Exports_EconomicActivity_TubingFlexibleWithOrWithoutFittingsOfBaseMetal8307,Growth Rate Exports Economic Activity: Traded Commodity Hscode/ 83 07
GrowthRate_Exports_EconomicActivity_TugsAndPusherCraft8904,Growth Rate Exports Economic Activity: Traded Commodity Hscode/ 89 04
GrowthRate_Exports_EconomicActivity_TullesAndOtherNetFabricsNotIncludingWovenKnittedOr,Growth Rate Exports Economic Activity: Traded Commodity Hscode/ 58 04
GrowthRate_Exports_EconomicActivity_TungstenWolframArticlesThereofIncludingWasteAn8101,Growth Rate Exports Economic Activity: Traded Commodity Hscode/ 81 01
GrowthRate_Exports_EconomicActivity_TurbinesHydraulicWaterWheelsAndRegulatorsTherefor,Growth Rate Exports Economic Activity: Traded Commodity Hscode/ 84 10
GrowthRate_Exports_EconomicActivity_TurbinesSteamAndOtherVapourTurbines,Growth Rate Exports Economic Activity: Traded Commodity Hscode/ 84 06
GrowthRate_Exports_EconomicActivity_TurboJetsTurboPropellersAndOtherGasTurbines,Growth Rate Exports Economic Activity: Traded Commodity Hscode/ 84 11
GrowthRate_Exports_EconomicActivity_TwineCordageOrRopeKnottedNettingMadeUpFishingNets,Growth Rate Exports Economic Activity: Traded Commodity Hscode/ 56 08
GrowthRate_Exports_EconomicActivity_TwineCordageRopesAndCablesWhetherOrNotPlaitedOr,Growth Rate Exports Economic Activity: Traded Commodity Hscode/ 56 07
GrowthRate_Exports_EconomicActivity_TypewriterSimilarRibbonsInkedOtherwisePreparedFor,Growth Rate Exports Economic Activity: Traded Commodity Hscode/ 96 12
GrowthRate_Exports_EconomicActivity_UmbrellasSunUmbrellasIncludingWalkingStick,Growth Rate Exports Economic Activity: Traded Commodity Hscode/ 66 01
GrowthRate_Exports_EconomicActivity_UmbrellasSunUmbrellasWalkingSticksSeatSticksWhips,Growth Rate Exports Economic Activity: Traded Commodity Hscode/ 66
GrowthRate_Exports_EconomicActivity_UncoatedKraftPaperAndPaperboardInRollsOrSheets,Growth Rate Exports Economic Activity: Traded Commodity Hscode/ 48 04
GrowthRate_Exports_EconomicActivity_UncoatedPaperAndPaperboardNECInRollsOrSheets,Growth Rate Exports Economic Activity: Traded Commodity Hscode/ 48 05
GrowthRate_Exports_EconomicActivity_UncoatedPaperAndPaperboardUsedForWritingPrintingOr,Growth Rate Exports Economic Activity: Traded Commodity Hscode/ 48 02
GrowthRate_Exports_EconomicActivity_UnderpantsBriefsNightshirtsPyjamasBathrobes,Growth Rate Exports Economic Activity: Traded Commodity Hscode/ 61 07
GrowthRate_Exports_EconomicActivity_UnmannedAircraft,Growth Rate Exports Economic Activity: Traded Commodity Hscode/ 88 06
GrowthRate_Exports_EconomicActivity_UnusedPostageRevenueOrSimilarStampsOfCurrentOr4907,Growth Rate Exports Economic Activity: Traded Commodity Hscode/ 49 07
GrowthRate_Exports_EconomicActivity_UnvulcanisedRubberInOtherFormsEGRodsTubesAnd,Growth Rate Exports Economic Activity: Traded Commodity Hscode/ 40 06
GrowthRate_Exports_EconomicActivity_UraniumOrThoriumOresAndConcentrates,Growth Rate Exports Economic Activity: Traded Commodity Hscode/ 26 12
GrowthRate_Exports_EconomicActivity_VacuumCleaners,Growth Rate Exports Economic Activity: Traded Commodity Hscode/ 85 08
GrowthRate_Exports_EconomicActivity_VacuumFlasksAndOtherVacuumVesselsCompleteWithC9617,Growth Rate Exports Economic Activity: Traded Commodity Hscode/ 96 17
GrowthRate_Exports_EconomicActivity_Vanilla,Growth Rate Exports Economic Activity: Traded Commodity Hscode/ 09 05
GrowthRate_Exports_EconomicActivity_VegetableMaterialsAndVegetableWasteVegetable2308,Growth Rate Exports Economic Activity: Traded Commodity Hscode/ 23 08
GrowthRate_Exports_EconomicActivity_VegetableMaterialsOfAKindUsedPrimarilyForPlaitingE,Growth Rate Exports Economic Activity: Traded Commodity Hscode/ 14 01
GrowthRate_Exports_EconomicActivity_VegetableMineralCarvingMaterialAndArticlesOfTh9602,Growth Rate Exports Economic Activity: Traded Commodity Hscode/ 96 02
GrowthRate_Exports_EconomicActivity_VegetableOilsOilsAndTheirFractionsNECInChapter15,Growth Rate Exports Economic Activity: Traded Commodity Hscode/ 15 10
GrowthRate_Exports_EconomicActivity_VegetableParchmentGreaseproofPapersTracingPapers,Growth Rate Exports Economic Activity: Traded Commodity Hscode/ 48 06
GrowthRate_Exports_EconomicActivity_VegetablePlaitingMaterialsVegetableProductsNot,Growth Rate Exports Economic Activity: Traded Commodity Hscode/ 14
GrowthRate_Exports_EconomicActivity_VegetableProductsNotElsewhereSpecifiedOrIncluded,Growth Rate Exports Economic Activity: Traded Commodity Hscode/ 14 04
GrowthRate_Exports_EconomicActivity_VegetableSapsAndExtractsPecticSubstancesPectinates,Growth Rate Exports Economic Activity: Traded Commodity Hscode/ 13 02
GrowthRate_Exports_EconomicActivity_VegetableTextileFibresPaperYarnAndWovenFabricsOf,Growth Rate Exports Economic Activity: Traded Commodity Hscode/ 53
GrowthRate_Exports_EconomicActivity_VegetableWaxesOtherThanTriglyceridesBeeswaxOther,Growth Rate Exports Economic Activity: Traded Commodity Hscode/ 15 21
GrowthRate_Exports_EconomicActivity_VegetablesAndCertainRootsAndTubersEdible,Growth Rate Exports Economic Activity: Traded Commodity Hscode/ 07
GrowthRate_Exports_EconomicActivity_VegetablesDriedWholeCutSlicedBrokenOrInPowderBut,Growth Rate Exports Economic Activity: Traded Commodity Hscode/ 07 12
GrowthRate_Exports_EconomicActivity_VegetablesFruitNutsAndOtherEdiblePartsOfPlants,Growth Rate Exports Economic Activity: Traded Commodity Hscode/ 20 01
GrowthRate_Exports_EconomicActivity_VegetablesFruitNutsFruitPeelAndOtherPartsOfPla2006,Growth Rate Exports Economic Activity: Traded Commodity Hscode/ 20 06
GrowthRate_Exports_EconomicActivity_VegetablesLeguminousShelledWhetherOrNotSkinnedOr,Growth Rate Exports Economic Activity: Traded Commodity Hscode/ 07 13
GrowthRate_Exports_EconomicActivity_VegetablesNECInChapter07FreshOrChilled,Growth Rate Exports Economic Activity: Traded Commodity Hscode/ 07 09
GrowthRate_Exports_EconomicActivity_VegetablesPreparationsNECPreparedOrPreserved2004,Growth Rate Exports Economic Activity: Traded Commodity Hscode/ 20 04
GrowthRate_Exports_EconomicActivity_VegetablesPreparationsNECPreparedOrPreserved2005,Growth Rate Exports Economic Activity: Traded Commodity Hscode/ 20 05
GrowthRate_Exports_EconomicActivity_VegetablesProvisionallyPreservedButUnsuitableIn,Growth Rate Exports Economic Activity: Traded Commodity Hscode/ 07 11
GrowthRate_Exports_EconomicActivity_VegetablesUncookedOrCookedBySteamingOrBoilingI0710,Growth Rate Exports Economic Activity: Traded Commodity Hscode/ 07 10
GrowthRate_Exports_EconomicActivity_VehiclesForTheTransportOfGoods,Growth Rate Exports Economic Activity: Traded Commodity Hscode/ 87 04
GrowthRate_Exports_EconomicActivity_VehiclesOtherThanRailwayOrTramwayRollingStockAnd,Growth Rate Exports Economic Activity: Traded Commodity Hscode/ 87
GrowthRate_Exports_EconomicActivity_VehiclesPartsAndAccessoriesOfHeadingNo8711To8713,Growth Rate Exports Economic Activity: Traded Commodity Hscode/ 87 14
GrowthRate_Exports_EconomicActivity_VehiclesPublicTransportPassengerType,Growth Rate Exports Economic Activity: Traded Commodity Hscode/ 87 02
GrowthRate_Exports_EconomicActivity_VermouthAndOtherWineOfFreshGrapesFlavouredWith2205,Growth Rate Exports Economic Activity: Traded Commodity Hscode/ 22 05
GrowthRate_Exports_EconomicActivity_VesselsAndOtherFloatingStructuresForBreakingUp8908,Growth Rate Exports Economic Activity: Traded Commodity Hscode/ 89 08
GrowthRate_Exports_EconomicActivity_VesselsOtherIncludingWarshipsAndLifeboatsOtherThan,Growth Rate Exports Economic Activity: Traded Commodity Hscode/ 89 06
GrowthRate_Exports_EconomicActivity_VideoGameConsolesAndMachinesArticlesForFunfair,Growth Rate Exports Economic Activity: Traded Commodity Hscode/ 95 04
GrowthRate_Exports_EconomicActivity_VideoRecordingOrReproducingApparatus,Growth Rate Exports Economic Activity: Traded Commodity Hscode/ 85 21
GrowthRate_Exports_EconomicActivity_VinegarAndSubstitutesForVinegarObtainedFromAce2209,Growth Rate Exports Economic Activity: Traded Commodity Hscode/ 22 09
GrowthRate_Exports_EconomicActivity_VulcanisedRubberThreadAndCord,Growth Rate Exports Economic Activity: Traded Commodity Hscode/ 40 07
GrowthRate_Exports_EconomicActivity_WaddingFeltAndNonwovensSpecialYarnsTwineCordage,Growth Rate Exports Economic Activity: Traded Commodity Hscode/ 56
GrowthRate_Exports_EconomicActivity_WaddingGauzeBandagesDressingsAdhesivePlasters,Growth Rate Exports Economic Activity: Traded Commodity Hscode/ 30 05
GrowthRate_Exports_EconomicActivity_WaddingOfTextileMaterialsAndArticlesThereofTextile,Growth Rate Exports Economic Activity: Traded Commodity Hscode/ 56 01
GrowthRate_Exports_EconomicActivity_WalkingSticksSeatSticksWhipsRidingCropsAndTheL6602,Growth Rate Exports Economic Activity: Traded Commodity Hscode/ 66 02
GrowthRate_Exports_EconomicActivity_WallpaperAndSimilarWallCoveringsWindow,Growth Rate Exports Economic Activity: Traded Commodity Hscode/ 48 14
GrowthRate_Exports_EconomicActivity_WasteAndScrapOfPaperAndPaperboard,Growth Rate Exports Economic Activity: Traded Commodity Hscode/ 47 07
GrowthRate_Exports_EconomicActivity_WasteAndScrapOfPreciousMetalOrOfMetalCladWith7112,Growth Rate Exports Economic Activity: Traded Commodity Hscode/ 71 12
GrowthRate_Exports_EconomicActivity_WasteIncludingNoilsYarnWasteAndGarnettedStockOfMan,Growth Rate Exports Economic Activity: Traded Commodity Hscode/ 55 05
GrowthRate_Exports_EconomicActivity_WasteOfWoolOrOfFineOrCoarseAnimalHairIncludingYarn,Growth Rate Exports Economic Activity: Traded Commodity Hscode/ 51 03
GrowthRate_Exports_EconomicActivity_WasteParingsAndScrapOfPlastics,Growth Rate Exports Economic Activity: Traded Commodity Hscode/ 39 15
GrowthRate_Exports_EconomicActivity_WasteParingsAndScrapOfRubberOtherThanHardRubberAnd,Growth Rate Exports Economic Activity: Traded Commodity Hscode/ 40 04
GrowthRate_Exports_EconomicActivity_WatchCasesAndPartsThereof9111,Growth Rate Exports Economic Activity: Traded Commodity Hscode/ 91 11
GrowthRate_Exports_EconomicActivity_WatchMovementsCompleteAndAssembled,Growth Rate Exports Economic Activity: Traded Commodity Hscode/ 91 08
GrowthRate_Exports_EconomicActivity_WatchOrClockMovementsCompleteUnassembledOrPartly,Growth Rate Exports Economic Activity: Traded Commodity Hscode/ 91 10
GrowthRate_Exports_EconomicActivity_WatchStrapsWatchBandsWatchBraceletsAndPartsThe9113,Growth Rate Exports Economic Activity: Traded Commodity Hscode/ 91 13
GrowthRate_Exports_EconomicActivity_WatersIncludingMineralAndAeratedWatersContaining,Growth Rate Exports Economic Activity: Traded Commodity Hscode/ 22 02
GrowthRate_Exports_EconomicActivity_WatersIncludingNaturalOrArtificialMineralWatersAnd,Growth Rate Exports Economic Activity: Traded Commodity Hscode/ 22 01
GrowthRate_Exports_EconomicActivity_WaxesArtificialPrepared,Growth Rate Exports Economic Activity: Traded Commodity Hscode/ 34 04
GrowthRate_Exports_EconomicActivity_WeavingMachinesLooms,Growth Rate Exports Economic Activity: Traded Commodity Hscode/ 84 46
GrowthRate_Exports_EconomicActivity_WeighingMachinesExcludingBalancesOfASensitivityOf,Growth Rate Exports Economic Activity: Traded Commodity Hscode/ 84 23
GrowthRate_Exports_EconomicActivity_WheatAndMeslin,Growth Rate Exports Economic Activity: Traded Commodity Hscode/ 10 01
GrowthRate_Exports_EconomicActivity_WheatGlutenWhetherOrNotDried1109,Growth Rate Exports Economic Activity: Traded Commodity Hscode/ 11 09
GrowthRate_Exports_EconomicActivity_WheatOrMeslinFlour1101,Growth Rate Exports Economic Activity: Traded Commodity Hscode/ 11 01
GrowthRate_Exports_EconomicActivity_WheyAndProductsConsistingOfNaturalMilkConstituents,Growth Rate Exports Economic Activity: Traded Commodity Hscode/ 04 04
GrowthRate_Exports_EconomicActivity_WigsFalseBeardsEyebrowsAndEyelashesSwitchesAnd6704,Growth Rate Exports Economic Activity: Traded Commodity Hscode/ 67 04
GrowthRate_Exports_EconomicActivity_WineLeesArgol2307,Growth Rate Exports Economic Activity: Traded Commodity Hscode/ 23 07
GrowthRate_Exports_EconomicActivity_WineOfFreshGrapesIncludingFortifiedWinesGrapeMust,Growth Rate Exports Economic Activity: Traded Commodity Hscode/ 22 04
GrowthRate_Exports_EconomicActivity_WireOfIronOrNonAlloySteel,Growth Rate Exports Economic Activity: Traded Commodity Hscode/ 72 17
GrowthRate_Exports_EconomicActivity_WireOfOtherAlloySteel,Growth Rate Exports Economic Activity: Traded Commodity Hscode/ 72 29
GrowthRate_Exports_EconomicActivity_WiresRodsTubesPlatesElectrodesOfBaseMetalOrMet8311,Growth Rate Exports Economic Activity: Traded Commodity Hscode/ 83 11
GrowthRate_Exports_EconomicActivity_WoodAndArticlesOfWoodWoodCharcoal,Growth Rate Exports Economic Activity: Traded Commodity Hscode/ 44
GrowthRate_Exports_EconomicActivity_WoodCharcoalIncludingShellOrNutCharcoalWhetherOr,Growth Rate Exports Economic Activity: Traded Commodity Hscode/ 44 02
GrowthRate_Exports_EconomicActivity_WoodInTheRoughWhetherOrNotStrippedOfBarkOrSapw4403,Growth Rate Exports Economic Activity: Traded Commodity Hscode/ 44 03
GrowthRate_Exports_EconomicActivity_WoodIncludingStripsFriezesForParquetFlooringNot,Growth Rate Exports Economic Activity: Traded Commodity Hscode/ 44 09
GrowthRate_Exports_EconomicActivity_WoodMarquetryAndInlaidWoodCasketsAndCasesFor4420,Growth Rate Exports Economic Activity: Traded Commodity Hscode/ 44 20
GrowthRate_Exports_EconomicActivity_WoodPulpMechanicalWoodPulp4701,Growth Rate Exports Economic Activity: Traded Commodity Hscode/ 47 01
GrowthRate_Exports_EconomicActivity_WoodSawnOrChippedLengthwiseSlicedOrPeeledWhetherOr,Growth Rate Exports Economic Activity: Traded Commodity Hscode/ 44 07
GrowthRate_Exports_EconomicActivity_WoodTarWoodTarOilsWoodCreosoteWoodNaphthaVeget3807,Growth Rate Exports Economic Activity: Traded Commodity Hscode/ 38 07
GrowthRate_Exports_EconomicActivity_WoodWoolWoodFlour4405,Growth Rate Exports Economic Activity: Traded Commodity Hscode/ 44 05
GrowthRate_Exports_EconomicActivity_WoodenArticlesNECInHeadingNo4414To4420,Growth Rate Exports Economic Activity: Traded Commodity Hscode/ 44 21
GrowthRate_Exports_EconomicActivity_WoodenFramesForPaintingsPhotographsMirrorsOr4414,Growth Rate Exports Economic Activity: Traded Commodity Hscode/ 44 14
GrowthRate_Exports_EconomicActivity_WoolAndFineOrCoarseAnimalHairCardedOrCombed,Growth Rate Exports Economic Activity: Traded Commodity Hscode/ 51 05
GrowthRate_Exports_EconomicActivity_WoolFineOrCoarseAnimalHairHorsehairYarnAndWoven,Growth Rate Exports Economic Activity: Traded Commodity Hscode/ 51
GrowthRate_Exports_EconomicActivity_WoolGreaseAndFattySubstancesDerivedTherefrom1505,Growth Rate Exports Economic Activity: Traded Commodity Hscode/ 15 05
GrowthRate_Exports_EconomicActivity_WoolNotCardedOrCombed,Growth Rate Exports Economic Activity: Traded Commodity Hscode/ 51 01
GrowthRate_Exports_EconomicActivity_WoolOrFineOrCoarseAnimalHairGarnettedStock,Growth Rate Exports Economic Activity: Traded Commodity Hscode/ 51 04
GrowthRate_Exports_EconomicActivity_WorksOfArtCollectorsPiecesAndAntiques,Growth Rate Exports Economic Activity: Traded Commodity Hscode/ 97
GrowthRate_Exports_EconomicActivity_WorksTrucksSelfPropelledNotFittedWithLiftingOr,Growth Rate Exports Economic Activity: Traded Commodity Hscode/ 87 09
GrowthRate_Exports_EconomicActivity_WovenFabricsOfArtificialFilamentYarnIncludingWoven,Growth Rate Exports Economic Activity: Traded Commodity Hscode/ 54 08
GrowthRate_Exports_EconomicActivity_WovenFabricsOfArtificialStapleFibres,Growth Rate Exports Economic Activity: Traded Commodity Hscode/ 55 16
GrowthRate_Exports_EconomicActivity_WovenFabricsOfCardedWoolOrOfCardedFineAnimalHair,Growth Rate Exports Economic Activity: Traded Commodity Hscode/ 51 11
GrowthRate_Exports_EconomicActivity_WovenFabricsOfCoarseAnimalHairOrOfHorsehair,Growth Rate Exports Economic Activity: Traded Commodity Hscode/ 51 13
GrowthRate_Exports_EconomicActivity_WovenFabricsOfCombedWoolOrOfCombedFineAnimalHair,Growth Rate Exports Economic Activity: Traded Commodity Hscode/ 51 12
GrowthRate_Exports_EconomicActivity_WovenFabricsOfCottonContaining85OrMoreByWeight5208,Growth Rate Exports Economic Activity: Traded Commodity Hscode/ 52 08
GrowthRate_Exports_EconomicActivity_WovenFabricsOfCottonContaining85OrMoreByWeight5209,Growth Rate Exports Economic Activity: Traded Commodity Hscode/ 52 09
GrowthRate_Exports_EconomicActivity_WovenFabricsOfCottonContainingLessThan85ByWeig5210,Growth Rate Exports Economic Activity: Traded Commodity Hscode/ 52 10
GrowthRate_Exports_EconomicActivity_WovenFabricsOfCottonContainingLessThan85ByWeig5211,Growth Rate Exports Economic Activity: Traded Commodity Hscode/ 52 11
GrowthRate_Exports_EconomicActivity_WovenFabricsOfFlax,Growth Rate Exports Economic Activity: Traded Commodity Hscode/ 53 09
GrowthRate_Exports_EconomicActivity_WovenFabricsOfJuteOtherTextileBastFibresOfHeading,Growth Rate Exports Economic Activity: Traded Commodity Hscode/ 53 10
GrowthRate_Exports_EconomicActivity_WovenFabricsOfOtherVegetableTextileFibresWoven,Growth Rate Exports Economic Activity: Traded Commodity Hscode/ 53 11
GrowthRate_Exports_EconomicActivity_WovenFabricsOfSilkOrOfSilkWaste,Growth Rate Exports Economic Activity: Traded Commodity Hscode/ 50 07
GrowthRate_Exports_EconomicActivity_WovenFabricsOfSyntheticFilamentYarnIncludingWoven,Growth Rate Exports Economic Activity: Traded Commodity Hscode/ 54 07
GrowthRate_Exports_EconomicActivity_WovenFabricsOfSyntheticStapleFibresContaining85Or,Growth Rate Exports Economic Activity: Traded Commodity Hscode/ 55 12
GrowthRate_Exports_EconomicActivity_WovenFabricsOfSyntheticStapleFibresContainingL5513,Growth Rate Exports Economic Activity: Traded Commodity Hscode/ 55 13
GrowthRate_Exports_EconomicActivity_WovenFabricsOfSyntheticStapleFibresContainingL5514,Growth Rate Exports Economic Activity: Traded Commodity Hscode/ 55 14
GrowthRate_Exports_EconomicActivity_WovenFabricsOfSyntheticStapleFibresNECInChapter55,Growth Rate Exports Economic Activity: Traded Commodity Hscode/ 55 15
GrowthRate_Exports_EconomicActivity_WristWatchesPocketWatchesStopWatchesAndOther9101,Growth Rate Exports Economic Activity: Traded Commodity Hscode/ 91 01
GrowthRate_Exports_EconomicActivity_WristWatchesPocketWatchesStopWatchesAndOther9102,Growth Rate Exports Economic Activity: Traded Commodity Hscode/ 91 02
GrowthRate_Exports_EconomicActivity_YachtsAndOtherVesselsForPleasureOrSportsRowing,Growth Rate Exports Economic Activity: Traded Commodity Hscode/ 89 03
GrowthRate_Exports_EconomicActivity_YarnAndStripAndTheLikeOfHeadingNo5404Or5405Gim5606,Growth Rate Exports Economic Activity: Traded Commodity Hscode/ 56 06
GrowthRate_Exports_EconomicActivity_YarnMetallisedWhetherOrNotGimpedOfTextileYarnO5605,Growth Rate Exports Economic Activity: Traded Commodity Hscode/ 56 05
GrowthRate_Exports_EconomicActivity_YarnNotSewingThreadOfManMadeStapleFibresPutUpFor,Growth Rate Exports Economic Activity: Traded Commodity Hscode/ 55 11
GrowthRate_Exports_EconomicActivity_YarnOfCardedWoolNotPutUpForRetailSale,Growth Rate Exports Economic Activity: Traded Commodity Hscode/ 51 06
GrowthRate_Exports_EconomicActivity_YarnOfCoarseAnimalHairOrOfHorsehairIncludingGi5110,Growth Rate Exports Economic Activity: Traded Commodity Hscode/ 51 10
GrowthRate_Exports_EconomicActivity_YarnOfCombedWoolNotPutUpForRetailSale,Growth Rate Exports Economic Activity: Traded Commodity Hscode/ 51 07
GrowthRate_Exports_EconomicActivity_YarnOfFineAnimalHairCardedOrCombedNotPutUpFor,Growth Rate Exports Economic Activity: Traded Commodity Hscode/ 51 08
GrowthRate_Exports_EconomicActivity_YarnOfJuteOrOfOtherTextileBastFibresOfHeadingNo,Growth Rate Exports Economic Activity: Traded Commodity Hscode/ 53 07
GrowthRate_Exports_EconomicActivity_YarnOfOtherVegetableTextileFibresPaperYarn,Growth Rate Exports Economic Activity: Traded Commodity Hscode/ 53 08
GrowthRate_Exports_EconomicActivity_YarnOfWoolOrOfFineAnimalHairPutUpForRetailSale,Growth Rate Exports Economic Activity: Traded Commodity Hscode/ 51 09
GrowthRate_Exports_EconomicActivity_YarnOtherThanSewingThreadOfArtificialStapleFibres,Growth Rate Exports Economic Activity: Traded Commodity Hscode/ 55 10
GrowthRate_Exports_EconomicActivity_YarnOtherThanSewingThreadOfSyntheticStapleFibres,Growth Rate Exports Economic Activity: Traded Commodity Hscode/ 55 09
GrowthRate_Exports_EconomicActivity_YarnSpunFromSilkWasteNotPutUpForRetailSale,Growth Rate Exports Economic Activity: Traded Commodity Hscode/ 50 05
GrowthRate_Exports_EconomicActivity_YeastsActiveOrInactiveOtherSingleCellMicro,Growth Rate Exports Economic Activity: Traded Commodity Hscode/ 21 02
GrowthRate_Exports_EconomicActivity_YogurtButtermilkCurdledMilkAndCreamKephirAndOther,Growth Rate Exports Economic Activity: Traded Commodity Hscode/ 04 03
GrowthRate_Exports_EconomicActivity_ZincAndArticlesThereof,Growth Rate Exports Economic Activity: Traded Commodity Hscode/ 79
GrowthRate_Exports_EconomicActivity_ZincArticlesNECInChapter797907,Growth Rate Exports Economic Activity: Traded Commodity Hscode/ 79 07
GrowthRate_Exports_EconomicActivity_ZincBarsRodsProfilesAndWire7904,Growth Rate Exports Economic Activity: Traded Commodity Hscode/ 79 04
GrowthRate_Exports_EconomicActivity_ZincDustPowdersAndFlakes,Growth Rate Exports Economic Activity: Traded Commodity Hscode/ 79 03
GrowthRate_Exports_EconomicActivity_ZincOresAndConcentrates2608,Growth Rate Exports Economic Activity: Traded Commodity Hscode/ 26 08
GrowthRate_Exports_EconomicActivity_ZincOxideAndPeroxide2817,Growth Rate Exports Economic Activity: Traded Commodity Hscode/ 28 17
GrowthRate_Exports_EconomicActivity_ZincPlatesSheetsStripAndFoil7905,Growth Rate Exports Economic Activity: Traded Commodity Hscode/ 79 05
GrowthRate_Exports_EconomicActivity_ZincUnwrought,Growth Rate Exports Economic Activity: Traded Commodity Hscode/ 79 01
GrowthRate_Exports_EconomicActivity_ZincWasteAndScrap7902,Growth Rate Exports Economic Activity: Traded Commodity Hscode/ 79 02
GrowthRate_Exports_EconomicActivity_ZirconiumArticlesThereofIncludingWasteAndScrap,Growth Rate Exports Economic Activity: Traded Commodity Hscode/ 81 09
Mean_Count_Meal_Rural_AsAFractionOf_Count_Household,Average number of meals per household in rural area
Mean_Count_Meal_Rural_AsAFractionOf_Count_Person,Average number of meals per person in rural area
Mean_Count_Meal_Urban_AsAFractionOf_Count_Household,Average number of meals per household in urban area
Mean_Count_Meal_Urban_AsAFractionOf_Count_Person,Average number of meals per person in urban area
NDAP_BirthRate_Total,"Birth Rate - Total (State-wise, SRS 2013)"
NDAP_Census2011_Children_0_6,Census 2011 — Children 0-6 years (State-wise)
NDAP_Census2011_Literate_Female,Census 2011 — Female Literate Population (State-wise)
NDAP_Census2011_Literate_Male,Census 2011 — Male Literate Population (State-wise)
NDAP_Census2011_Literate_Total,Census 2011 — Literate Population (State-wise)
NDAP_Census2011_Population_Female,Census 2011 — Female Population (State-wise)
NDAP_Census2011_Population_Male,Census 2011 — Male Population (State-wise)
NDAP_Census2011_Population_Total,Census 2011 — Total Population (State-wise)
NDAP_Census2011_SC_Population,Census 2011 — Scheduled Caste Population (State-wise)
NDAP_Census2011_ST_Population,Census 2011 — Scheduled Tribe Population (State-wise)
NDAP_Census2011_Workers_Total,Census 2011 — Total Workers (State-wise)
NDAP_DeathRate_Total,"Death Rate - Total (State-wise, SRS 2013)"
NDAP_DengueCases_National,Dengue Cases (National)
NDAP_DengueCases_Statewise,Dengue Cases (State-wise)
NDAP_DengueDeaths_National,Dengue Deaths (National)
NDAP_DengueDeaths_Statewise,Dengue Deaths (State-wise)
NDAP_InfantMortalityRate_Total,"Infant Mortality Rate - Total (State-wise, SRS 2013)"
NDAP_MilkPCA_National,Per Capita Milk Availability
NDAP_MilkProduction_National,Milk Production (National)
NDAP_MilkProduction_Statewise,Milk Production (State-wise)
NDAP_NHM_HSSR_Allocation,NHM HSS-Rural Pool Allocation (Rs. Lakhs)
NDAP_NHM_HSSU_Allocation,NHM HSS-Urban Pool Allocation (Rs. Lakhs)
NDAP_NHM_NCD_Allocation,NHM NCD Pool Allocation (Rs. Lakhs)
NDAP_NHM_NDCP_Allocation,NHM NDCP Pool Allocation (Rs. Lakhs)
NDAP_NHM_NTEP_Allocation,NHM NTEP Allocation (Rs. Lakhs)
NDAP_NHM_RCH_Allocation,NHM RCH Pool Allocation (Rs. Lakhs)
NDAP_NHM_Total_Allocation,NHM Total ROP Allocation (Rs. Lakhs)
NDAP_NaturalGrowthRate_Total,"Natural Growth Rate - Total (State-wise, SRS 2013)"
NDAP_PopulationDensity_Total,"Population Density (State-wise, Census 2001-2011)"
NDAP_SlumHouseholdSize_Avg,"Average Slum Household Size (State-wise, Census 2011)"
NDAP_SlumHouseholds_Total,"Slum Households - Total (State-wise, Census 2011)"
NDAP_SlumHousing_Dilapidated,"Slum Houses in Dilapidated Condition (State-wise, Census 2011)"
NDAP_SlumHousing_Good,"Slum Houses in Good Condition (State-wise, Census 2011)"
NDAP_SlumHousing_Livable,"Slum Houses in Livable Condition (State-wise, Census 2011)"
NDAP_SlumLiteracyRate_Female,"Slum Literacy Rate - Female (State-wise, Census 2011)"
NDAP_SlumLiteracyRate_Male,"Slum Literacy Rate - Male (State-wise, Census 2011)"
NDAP_SlumLiteracyRate_Total,"Slum Literacy Rate - Total (State-wise, Census 2011)"
NDAP_SlumPctOfUrban_Statewise,"Slum Population as % of Urban Population (State-wise, Census 2011)"
NDAP_SlumPopulation_Statewise,"Slum Population (State-wise, Census 2011)"
NDAP_SlumWorkParticipation_Female,"Slum Work Participation Rate - Female (State-wise, Census 2011)"
NDAP_SlumWorkParticipation_Male,"Slum Work Participation Rate - Male (State-wise, Census 2011)"
NDAP_SlumWorkParticipation_Total,"Slum Work Participation Rate - Total (State-wise, Census 2011)"
NDAP_TBNotifications_National,TB Case Notifications (National)
NDAP_UnemploymentRate_Female,"Unemployment Rate (Female, Usual Status)"
NDAP_UnemploymentRate_Male,"Unemployment Rate (Male, Usual Status)"
NDAP_UnemploymentRate_Rural,"Unemployment Rate (Rural, Usual Status)"
NDAP_UnemploymentRate_Total,"Unemployment Rate (Total, Usual Status)"
NDAP_UnemploymentRate_Urban,"Unemployment Rate (Urban, Usual Status)"
NetValueAdded_EconomicActivity_Factory,Net value added by factories
NominalValue_GrowthRate_Amount_EconomicActivity_GrossDomesticProduction,Growth Rate Amount of Economic Activity (Nominal Value): Gross Domestic Production
Wages_Worker_AsAFractionOf_Count_Worker,Mean wages per factory employee
